,code,name,type,report_date,pre_eps,range
0,002496,辉丰股份,预降,2016-04-30,0.15,-10%~0%
1,002069,獐子岛,减亏,2016-04-30,-0.01,0
2,300512,中亚股份,预升,2016-04-29,0.29,0
3,002567,唐人神,预增,2016-04-29,0.037000000000000005,50%~70%
4,000835,长城动漫,预亏,2016-04-29,-0.0115,0
5,002335,科华恒盛,预增,2016-04-29,0.05,100%~150%
6,002798,帝王洁具,减亏,2016-04-28,0.0,0
7,600366,宁波韵升,预增,2016-04-27,0.1944,510%~560%
8,603339,四方冷链,预降,2016-04-27,0.19,-20%~0%
9,002493,荣盛石化,预增,2016-04-26,0.01,741.04%~1043.82%
10,600487,亨通光电,预增,2016-04-26,0.1212,100%~130%
11,603959,百利科技,减亏,2016-04-26,0.0,43.43%~52.85%
12,300433,蓝思科技,预减,2016-04-26,0.67,-60%~-55%
13,002390,信邦制药,预升,2016-04-26,0.07,10%~40%
14,002098,浔兴股份,预增,2016-04-26,0.006999999999999999,400.64%~446.15%
15,002259,升达林业,预亏,2016-04-26,-0.01,0
16,002070,*ST众和,预盈,2016-04-26,-0.0275,0
17,002711,欧浦智网,预增,2016-04-26,0.18,50%~80%
18,002211,宏达新材,预亏,2016-04-26,0.0029,0
19,600892,大晟文化,预盈,2016-04-26,-0.0066,0
20,002511,中顺洁柔,预增,2016-04-26,0.0548,90%~120%
21,002263,大东南,预亏,2016-04-26,-0.01,0
22,002175,东方网络,预增,2016-04-25,0.0038,420%~530%
23,002299,圣农发展,预盈,2016-04-25,-0.214,0
24,002713,东易日盛,预亏,2016-04-25,-0.53,0
25,002786,银宝山新,预增,2016-04-25,0.12,129.43%~177.61%
26,002797,第一创业,预减,2016-04-25,0.11,-77%~-45%
27,002796,世嘉科技,预降,2016-04-25,0.11,-30%~0%
28,600360,华微电子,预升,2016-04-23,0.01,12.44
29,002524,光正集团,预亏,2016-04-23,0.03,0
30,600226,升华拜克,预增,2016-04-23,0.1,60%~100%
31,601168,西部矿业,预亏,2016-04-23,-0.02,0
32,600397,安源煤业,预亏,2016-04-22,0.0009,0
33,600410,华胜天成,预减,2016-04-22,0.0494,-80
34,600755,厦门国贸,预增,2016-04-22,0.08,180%~200%
35,002519,银河电子,预升,2016-04-22,0.17,20%~50%
36,002420,毅昌股份,预亏,2016-04-22,0.015,0
37,002565,顺灏股份,预增,2016-04-22,0.01,230%~270%
38,002309,中利集团,预盈,2016-04-22,-0.09,0
39,002610,爱康科技,预增,2016-04-22,0.03,10.07%~55.93%
40,002782,可立克,预增,2016-04-22,0.08,58.83%~88.61%
41,002446,盛路通信,预增,2016-04-22,0.13,125.15%~172.06%
42,002787,华源控股,预增,2016-04-21,0.15,50%~100%
43,002182,云海金属,预增,2016-04-21,0.0128,413.65%~462.31%
44,002702,海欣食品,预盈,2016-04-21,-0.0264,0
45,002693,双成药业,预亏,2016-04-21,0.01,0
46,601628,中国人寿,预减,2016-04-21,0.43,-60%~-55%
47,600123,兰花科创,预亏,2016-04-21,0.0075,0
48,600176,中国巨石,预增,2016-04-21,0.2128,85%~95%
49,002059,云南旅游,预亏,2016-04-21,-0.008,0
50,002607,亚夏汽车,预盈,2016-04-21,-0.04,0
51,002167,东方锆业,减亏,2016-04-21,-0.06,0
52,002734,利民股份,预增,2016-04-21,0.15,80%~115%
53,600348,阳泉煤业,预减,2016-04-20,0.03,-90%~-75%
54,600460,士兰微,0,2016-04-20,0.02,-80%
55,600026,中远海能,预增,2016-04-20,0.018000000000000002,0
56,002589,瑞康医药,预增,2016-04-20,0.215,50%~80%
57,603726,朗迪集团,预降,2016-04-20,0.16,-15%~-5%
58,000669,金鸿能源,预升,2016-04-20,0.1541,10%~20%
59,000544,中原环保,预减,2016-04-19,0.08,0
60,603011,合锻智能,预增,2016-04-19,0.03,70%~100%
61,600628,新世界,预减,2016-04-19,0.08,-70%~-65%
62,600177,雅戈尔,预增,2016-04-19,0.6235,60%~80%
63,600346,恒力股份,预盈,2016-04-19,-0.11,0
64,002181,粤传媒,预亏,2016-04-19,0.0056,0
65,002782,可立克,预增,2016-04-19,0.08,58.83%~88.61%
66,002100,天康生物,预增,2016-04-19,0.12,70%~100%
67,601238,广汽集团,预增,2016-04-19,0.08,240%~270%
68,600189,吉林森工,预盈,2016-04-19,-0.15,0
69,600050,中国联通,预减,2016-04-19,0.0495,-86
70,600330,天通股份,预增,2016-04-19,0.018000000000000002,320
71,600105,永鼎股份,预增,2016-04-19,0.045,0
72,000890,法尔胜,预升,2016-04-19,0.0047,-50%~50%
73,002127,南极电商,预增,2016-04-18,0.01,259.51%~307.45%
74,002418,康盛股份,预增,2016-04-18,0.01,66.92%~91.96%
75,300510,金冠电气,预盈,2016-04-18,0.08,0
76,000789,万年青,预减,2016-04-16,0.1413,-95%~-85%
77,000010,美丽生态,预亏,2016-04-16,-0.0037,0
78,600640,号百控股,预减,2016-04-16,0.022000000000000002,-51
79,600794,保税科技,预减,2016-04-16,0.021,-70
80,000821,京山轻机,预减,2016-04-16,0.07,-99.58%~-95.82%
81,601003,柳钢股份,预盈,2016-04-16,-0.1354,0
82,600375,华菱星马,减亏,2016-04-16,-0.17,0
83,600178,东安动力,预盈,2016-04-16,-0.0295,0
84,600161,天坛生物,预亏,2016-04-16,0.02,0
85,002746,仙坛股份,预增,2016-04-16,0.02,698.75%~739.72%
86,002106,莱宝高科,预盈,2016-04-16,-0.0701,0
87,000693,*ST华泽,预亏,2016-04-16,-0.0132,0
88,000953,*ST河化,预盈,2016-04-15,-0.0586,0
89,000687,华讯方舟,预盈,2016-04-15,-0.068,0
90,000066,中国长城,减亏,2016-04-15,-0.0654,0
91,000760,斯太尔,预亏,2016-04-15,-0.04,0
92,600917,重庆燃气,预升,2016-04-15,0.05,13.14
93,000518,四环生物,预亏,2016-04-15,0.0098,0
94,000901,航天科技,预盈,2016-04-15,-0.01,0
95,002056,横店东磁,预升,2016-04-15,0.17,30%~50%
96,000898,鞍钢股份,预亏,2016-04-15,0.003,0
97,000960,锡业股份,减亏,2016-04-15,-0.2668,90.91%~93.94%
98,000679,大连友谊,预减,2016-04-15,0.35,-87%~-84%
99,000678,襄阳轴承,预亏,2016-04-15,-0.009000000000000001,0
100,000766,通化金马,预增,2016-04-15,0.0312,174.97%~207.38%
101,600310,桂东电力,预盈,2016-04-15,-0.1832,0
102,000070,特发信息,预增,2016-04-15,0.0497,145%~175%
103,601933,永辉超市,预升,2016-04-15,0.11,29.75
104,000597,东北制药,减亏,2016-04-15,-0.07,0
105,000401,冀东水泥,预亏,2016-04-15,-0.445,0
106,000725,京东方A,预减,2016-04-15,0.027999999999999997,0
107,000977,浪潮信息,预增,2016-04-15,0.1439,60%~90%
108,000663,永安林业,预亏,2016-04-15,-0.004,0
109,000615,京汉股份,预减,2016-04-15,0.47,-97.22%~-96.76%
110,000560,昆百大A,预增,2016-04-15,0.0145,527.23%~648.62%
111,000809,*ST新城,预亏,2016-04-15,-0.013000000000000001,0
112,000008,神州高铁,预减,2016-04-15,0.0766,-83.65%~-80.37%
113,000587,金洲慈航,预增,2016-04-15,0.06,339%~367%
114,000806,银河生物,预亏,2016-04-15,0.0382,-153.83%~-137.52%
115,000004,国农科技,预亏,2016-04-15,-0.0221,-88.81%~19.08%
116,000526,*ST紫学,预亏,2016-04-15,0.0175,-141.54%~-129.67%
117,000933,神火股份,预盈,2016-04-15,-0.05,0
118,000993,闽东电力,预盈,2016-04-15,-0.0383,0
119,000019,深深宝A,减亏,2016-04-15,-0.0316,0
120,000830,鲁西化工,预减,2016-04-15,0.07,-90%~-80%
121,000416,民生控股,预亏,2016-04-15,0.0226,0
122,000636,风华高科,预增,2016-04-15,0.01,537.05
123,000736,中房地产,预亏,2016-04-15,0.013999999999999999,-236.92
124,000968,*ST煤气,预亏,2016-04-15,-0.4249,0
125,000007,全新好,预盈,2016-04-15,-0.0211,0
126,000982,*ST中绒,预亏,2016-04-15,0.002,0
127,600288,大恒科技,预亏,2016-04-15,-0.0103,0
128,000606,神州易桥,减亏,2016-04-15,-0.0423,0
129,000519,中兵红箭,预减,2016-04-15,0.07,-83.1%~-79.35%
130,000980,金马股份,预升,2016-04-15,0.04,23%~47%
131,000507,珠海港,预盈,2016-04-15,-0.0244,205.04%~254.97%
132,002179,中航光电,预增,2016-04-15,0.1802,70%~100%
133,000976,春晖股份,预盈,2016-04-15,-0.0248,0
134,000546,金圆股份,减亏,2016-04-15,-0.0588,0
135,000833,贵糖股份,预亏,2016-04-15,0.0112,-154.46%~-113.62%
136,002420,毅昌股份,预亏,2016-04-15,0.015,0
137,000561,烽火电子,减亏,2016-04-15,-0.03,0
138,000576,广东甘化,预亏,2016-04-15,-0.0297,0
139,000557,西部创业,预亏,2016-04-15,0.0002,0
140,000897,津滨发展,减亏,2016-04-15,-0.0227,0
141,000837,秦川机床,预亏,2016-04-15,-0.0313,0
142,000918,嘉凯城,预亏,2016-04-15,-0.08,0
143,000402,金融街,预降,2016-04-15,0.27,-5%
144,000672,上峰水泥,预亏,2016-04-15,0.04,0
145,000802,北京文化,预亏,2016-04-15,-0.0047,0
146,000932,*ST华菱,预亏,2016-04-15,-0.0564,0
147,000595,*ST宝实,减亏,2016-04-15,-0.081,0
148,000038,深大通,预盈,2016-04-15,-0.006,0
149,000630,铜陵有色,预亏,2016-04-15,0.03,-282%~-253%
150,000950,*ST建峰,预亏,2016-04-15,-0.15,0
151,000680,山推股份,预盈,2016-04-15,-0.0554,0
152,000723,美锦能源,减亏,2016-04-15,-0.043,0
153,000155,*ST川化,减亏,2016-04-15,-0.11,0
154,000589,黔轮胎A,预亏,2016-04-15,0.06,0
155,000413,东旭光电,预增,2016-04-15,0.08,89.55%~121.14%
156,000528,柳工,预减,2016-04-15,0.0652,-100%~-50%
157,000815,美利云,减亏,2016-04-15,-0.2,62.07%~65.23%
158,000927,一汽夏利,减亏,2016-04-15,-0.1612,0
159,000629,*ST钒钛,预盈,2016-04-15,-0.0376,0
160,000027,深圳能源,预降,2016-04-15,0.1378,-60%~-40%
161,000505,*ST珠江,预亏,2016-04-15,0.16,0
162,000948,南天信息,减亏,2016-04-15,-0.26,0
163,000591,太阳能,预减,2016-04-15,0.0375,-52.91
164,002387,黑牛食品,减亏,2016-04-15,-0.059000000000000004,0
165,000060,中金岭南,预亏,2016-04-15,0.027999999999999997,0
166,000767,漳泽电力,预亏,2016-04-15,0.03,-316%~-304%
167,000034,神州数码,预亏,2016-04-15,0.064,-126.1
168,000509,华塑控股,预亏,2016-04-15,-0.0141,0
169,000510,金路集团,预盈,2016-04-15,-0.0865,0
170,000157,中联重科,预亏,2016-04-15,-0.05,0
171,002114,罗平锌电,预亏,2016-04-15,-0.06,0
172,000036,华联控股,预盈,2016-04-15,-0.008,0
173,000638,万方发展,预盈,2016-04-15,-0.0167,254.8%~293.5%
174,000659,*ST中富,预亏,2016-04-15,-0.03,0
175,000611,*ST天首,预亏,2016-04-15,-0.0226,0
176,000990,诚志股份,预亏,2016-04-15,0.006999999999999999,-795.44%~-682.66%
177,000801,四川九洲,预增,2016-04-15,0.0235,38.82%~66.59%
178,000807,云铝股份,减亏,2016-04-15,-0.05,0
179,000735,罗牛山,预减,2016-04-15,0.018000000000000002,-87.1%~-67.76%
180,000955,欣龙控股,减亏,2016-04-15,-0.02,0
181,000558,莱茵体育,预增,2016-04-15,0.0033,0
182,000656,金科股份,预增,2016-04-15,0.09,125%~155%
183,000586,汇源通信,预亏,2016-04-15,-0.006,0
184,000040,东旭蓝天,预增,2016-04-15,0.013999999999999999,339.09%~369.9%
185,000025,特力A,预增,2016-04-15,0.0032,535%~788%
186,000005,世纪星源,减亏,2016-04-15,-0.0088,0
187,000536,华映科技,预增,2016-04-15,0.0392,79.91%~112.63%
188,000792,盐湖股份,预增,2016-04-15,0.0084,0
189,000056,皇庭国际,预增,2016-04-15,0.02,109%~130%
190,000989,九芝堂,预升,2016-04-15,0.138,3.41%~21.24%
191,000691,ST亚太,预亏,2016-04-15,0.0002,0
192,000158,常山股份,减亏,2016-04-15,-0.057,0
193,000698,沈阳化工,预盈,2016-04-15,-0.087,207%~296%
194,000409,山东地矿,预盈,2016-04-15,-0.06,115.37%~126.9%
195,000061,农产品,预盈,2016-04-15,-0.0032,0
196,000995,*ST皇台,预亏,2016-04-15,-0.02,0
197,002688,金河生物,预增,2016-04-15,0.11,110%~150%
198,000835,长城动漫,预盈,2016-04-15,-0.0115,0
199,000547,航天发展,预增,2016-04-15,0.07,58.67%~99.26%
200,000018,神州长城,预增,2016-04-15,-0.002,0
201,000504,南华生物,预亏,2016-04-15,-0.0122,0
202,600292,远达环保,预降,2016-04-15,0.13,-19.48
203,603101,汇嘉时代,预升,2016-04-15,0.1193,-10%~10%
204,002606,大连电瓷,预盈,2016-04-15,-0.05,0
205,000668,荣丰控股,预亏,2016-04-15,-0.07,0
206,000426,兴业矿业,预亏,2016-04-15,0.0131,-166.06%~-126.42%
207,002648,卫星石化,预盈,2016-04-15,-0.18,101.99
208,000820,神雾节能,预亏,2016-04-15,-0.003,0
209,000959,首钢股份,预亏,2016-04-15,-0.0599,0
210,000567,海德股份,预增,2016-04-15,0.0035,239.43%~352.57%
211,002297,博云新材,减亏,2016-04-15,-0.0347,0
212,000800,一汽轿车,预亏,2016-04-15,0.0846,-424%~-394%
213,000913,*ST钱江,预增,2016-04-15,0.01,570%~618%
214,000925,众合科技,预亏,2016-04-15,0.003,0
215,000931,中关村,减亏,2016-04-15,-0.0286,0
216,000923,河北宣工,预盈,2016-04-15,-0.1349,0
217,000881,中广核技,预减,2016-04-15,0.05,-99.64%~-96.41%
218,000511,*ST烯碳,预盈,2016-04-15,-0.004,0
219,000585,东北电气,预亏,2016-04-15,-0.003,0
220,000633,*ST合金,预亏,2016-04-15,-0.0124,0
221,000811,烟台冰轮,预减,2016-04-15,0.09,-100%~-80%
222,000949,新乡化纤,预降,2016-04-15,0.0196,-60%~-45%
223,000096,广聚能源,预减,2016-04-15,0.2626,-94
224,000670,盈方微,预增,2016-04-15,0.0052,350.99
225,002658,雪迪龙,预减,2016-04-15,0.05,-70%~-50%
226,000796,凯撒旅游,预增,2016-04-15,0.0331,52.18%~82.61%
227,000608,阳光股份,减亏,2016-04-15,-0.07,4%~43%
228,000622,恒立实业,减亏,2016-04-15,-0.015,0
229,000972,*ST中基,预亏,2016-04-15,-0.0114,0
230,000534,万泽股份,预亏,2016-04-15,0.0289,0
231,000539,粤电力A,预减,2016-04-15,0.17,-90%~-82%
232,000628,高新发展,预盈,2016-04-15,-0.048,0
233,000863,三湘印象,预盈,2016-04-15,-0.07,713.22
234,000617,中油资本,预亏,2016-04-15,0.01,0
235,000831,五矿稀土,预亏,2016-04-15,0.003,0
236,002141,贤丰控股,预盈,2016-04-15,-0.0169,0
237,000425,徐工机械,预盈,2016-04-15,-0.17,0
238,000753,漳州发展,预增,2016-04-15,0.006,0
239,000627,天茂集团,预盈,2016-04-15,-0.015,0
240,000657,中钨高新,减亏,2016-04-15,-0.1309,0
241,000662,天夏智慧,预亏,2016-04-15,-0.0011,0
242,600259,广晟有色,预亏,2016-04-15,0.01,0
243,000978,桂林旅游,减亏,2016-04-15,-0.038,0
244,000607,华媒控股,预亏,2016-04-15,0.0002,-6772.02%~-5521.02%
245,000859,国风塑业,预亏,2016-04-15,-0.015,0
246,000677,恒天海龙,预盈,2016-04-15,-0.1038,0
247,002676,顺威股份,预降,2016-04-15,0.04,-35%~-10%
248,000420,吉林化纤,预盈,2016-04-15,-0.0551,103%~113%
249,000825,太钢不锈,预亏,2016-04-15,0.003,0
250,000573,粤宏远A,预盈,2016-04-15,-0.0232,0
251,000612,焦作万方,预亏,2016-04-15,0.023,-227.42%~-191.01%
252,000428,华天酒店,预亏,2016-04-15,-0.07,0
253,000731,四川美丰,预亏,2016-04-15,0.0296,0
254,300443,金雷风电,预增,2016-04-14,0.6,80%~100%
255,000037,深南电A,减亏,2016-04-14,-0.15,46.86
256,000697,炼石有色,预亏,2016-04-14,0.006999999999999999,0
257,000782,美达股份,预减,2016-04-14,0.07,-78.8
258,000762,西藏矿业,预盈,2016-04-14,-0.0377,0
259,000021,深科技,预增,2016-04-14,0.0393,170%~200%
260,000852,石化机械,预亏,2016-04-14,-0.05,0
261,000856,冀东装备,减亏,2016-04-14,-0.12,0
262,000737,南风化工,减亏,2016-04-14,-0.0985,0
263,002172,澳洋科技,预盈,2016-04-14,-0.01,0
264,000922,*ST佳电,预亏,2016-04-14,-0.05,0
265,000525,红太阳,预减,2016-04-14,0.159,-70%~-50%
266,002261,拓维信息,预降,2016-04-14,0.25,-45%~-30%
267,600702,沱牌舍得,预增,2016-04-14,0.013000000000000001,172.52
268,600505,西昌电力,预盈,2016-04-14,-0.0181,0
269,000503,海虹控股,预亏,2016-04-14,-0.0207,0
270,002356,赫美集团,预增,2016-04-14,0.0,1648.25%~1674.48%
271,000818,方大化工,预降,2016-04-14,0.0279,-63%~-37%
272,000023,深天地A,减亏,2016-04-14,-0.01,67%~83%
273,600655,豫园商城,预减,2016-04-14,0.168,-70
274,600602,云赛智联,预增,2016-04-14,0.01,130
275,000031,中粮地产,预增,2016-04-14,0.04,150%~200%
276,000676,智度股份,预亏,2016-04-14,-0.0162,0
277,600965,福成股份,预升,2016-04-14,0.0413,1.56
278,000032,深桑达A,预增,2016-04-14,0.002,2989.6%~4019.46%
279,000768,中航飞机,减亏,2016-04-14,-0.0743,0
280,600428,中远海特,预减,2016-04-14,0.15,-99.64
281,000727,华东科技,预亏,2016-04-14,-0.0033,0
282,000609,绵石投资,预盈,2016-04-14,-0.0146,215%~261%
283,000717,韶钢松山,减亏,2016-04-14,-0.1781,46.63
284,000711,京蓝科技,减亏,2016-04-14,-0.09,51.32%~67.55%
285,000973,佛塑科技,预增,2016-04-14,0.008,86.83%~111.75%
286,000878,云南铜业,预亏,2016-04-14,0.01,0
287,002151,北斗星通,预亏,2016-04-14,-0.05,0
288,000159,国际实业,预亏,2016-04-14,-0.02,-152%~-80%
289,000930,中粮生化,减亏,2016-04-14,-0.19,0
290,000584,友利控股,预亏,2016-04-14,0.0678,-167.31%~-143.27%
291,000686,东北证券,预降,2016-04-14,0.28,-27.03
292,000893,东凌国际,预盈,2016-04-14,-0.07,0
293,000793,华闻传媒,预增,2016-04-14,0.0408,84.97%~121.96%
294,000969,安泰科技,预降,2016-04-14,0.0055,-45.67%~-37.9%
295,000967,盈峰环境,预增,2016-04-14,0.03,489.2%~537.79%
296,000850,华茂股份,预减,2016-04-14,0.085,-84.98%~-81.22%
297,000813,德展健康,预亏,2016-04-14,0.011000000000000001,0
298,600338,西藏珠峰,预增,2016-04-14,-0.094,144
299,600115,东方航空,预增,2016-04-14,0.1234,60%~70%
300,002731,萃华珠宝,预亏,2016-04-14,0.19,0
301,601216,君正集团,预增,2016-04-14,0.07400000000000001,70%~110%
302,601567,三星医疗,预增,2016-04-14,0.1,55%~60%
303,600784,鲁银投资,预盈,2016-04-14,-0.013999999999999999,0
304,300511,雪榕生物,预增,2016-04-14,0.19,6%~84%
305,603822,嘉澳环保,预盈,2016-04-14,0.0545,0
306,000655,金岭矿业,预亏,2016-04-14,-0.06,-115%~-107%
307,600322,天房发展,预减,2016-04-13,0.03,0
308,002290,中科新材,预降,2016-04-13,0.05,-50%~-20%
309,600835,上海机电,预升,2016-04-13,0.14,50
310,000952,广济药业,预盈,2016-04-13,-0.026000000000000002,0
311,000965,天保基建,预增,2016-04-13,0.03,155.62%~172.66%
312,000911,南宁糖业,预亏,2016-04-13,0.07,0
313,000759,中百集团,预减,2016-04-13,0.07,-96%~-92%
314,000780,*ST平能,预亏,2016-04-13,-0.03,0
315,000043,中航地产,预亏,2016-04-13,-0.1023,0
316,000635,英力特,预增,2016-04-13,0.01,17.5%~52.75%
317,002171,楚江新材,预盈,2016-04-13,-0.008,0
318,002726,龙大肉食,预增,2016-04-13,0.15,50%~70%
319,000868,安凯客车,预增,2016-04-13,0.01,140%~170%
320,600129,太极集团,预增,2016-04-13,0.048,4293.99
321,002522,浙江众成,预增,2016-04-13,0.01,220%~270%
322,002037,久联发展,预亏,2016-04-13,0.07,0
323,000712,锦龙股份,预减,2016-04-13,0.22,-70%~-50%
324,002511,中顺洁柔,预增,2016-04-13,0.0548,90%~120%
325,000610,西安旅游,减亏,2016-04-13,-0.0408,0
326,000055,方大集团,预增,2016-04-13,0.0205,40%~80%
327,600687,刚泰控股,预增,2016-04-13,0.195,82.72%~124.49%
328,000613,*ST东海A,预盈,2016-04-13,-0.0003,0
329,002607,亚夏汽车,预盈,2016-04-13,-0.04,194.95%~242.43%
330,600871,石化油服,预亏,2016-04-13,-0.027999999999999997,0
331,601012,隆基股份,预增,2016-04-13,0.14,245%~265%
332,601179,中国西电,预升,2016-04-13,0.0317,43
333,000788,北大医药,预盈,2016-04-13,-0.14,0
334,000928,中钢国际,预升,2016-04-13,0.1264,0
335,000810,创维数字,预增,2016-04-13,0.1389,46.25%~68.75%
336,000506,中润资源,预盈,2016-04-13,-0.0117,0
337,603528,多伦科技,预升,2016-04-13,0.5736,0%~10%
338,000616,海航投资,预亏,2016-04-13,0.01,0
339,000702,正虹科技,预亏,2016-04-12,0.0087,0
340,000502,绿景控股,预亏,2016-04-12,-0.0155,0
341,000988,华工科技,预增,2016-04-12,0.03,45.1%~55.46%
342,000929,兰州黄河,预亏,2016-04-12,0.368,0
343,000957,中通客车,预增,2016-04-12,0.04,1437%~1460%
344,000006,深振业A,预减,2016-04-12,0.1494,-77.68%~-74.21%
345,000783,长江证券,预降,2016-04-12,0.16,-34.97
346,600549,厦门钨业,预降,2016-04-12,0.0301,-17.49
347,002234,民和股份,预盈,2016-04-12,-0.14,0
348,600596,新安股份,预亏,2016-04-12,0.0057,0
349,000514,渝开发,减亏,2016-04-12,-0.0222,0
350,600801,华新水泥,预亏,2016-04-12,0.02,0
351,000851,高鸿股份,预亏,2016-04-12,-0.0094,0
352,000400,许继电气,预增,2016-04-12,0.0105,220%~270%
353,000062,深圳华强,预升,2016-04-12,0.078,5%~25%
354,000962,东方钽业,预亏,2016-04-12,-0.1396,0
355,002157,正邦科技,预盈,2016-04-12,-0.11,0
356,601233,桐昆股份,预增,2016-04-12,0.11,47%~77%
357,000885,同力水泥,预亏,2016-04-12,0.001,0
358,000563,陕国投A,预增,2016-04-12,0.0619,92.43
359,002588,史丹利,预升,2016-04-12,0.44,15%~25%
360,000803,*ST金宇,预亏,2016-04-12,-0.01,0
361,000014,沙河股份,预亏,2016-04-12,0.0017,0
362,000728,国元证券,预减,2016-04-12,0.37,-70.17
363,000733,振华科技,预增,2016-04-12,0.05,160%~190%
364,601006,大秦铁路,预减,2016-04-12,0.25,-50
365,000971,高升控股,预盈,2016-04-12,-0.032,0
366,000757,浩物股份,预增,2016-04-12,0.01,73.62
367,603866,桃李面包,预升,2016-04-12,0.14,44.42
368,000430,张家界,预盈,2016-04-12,-0.0141,139.81%~161.92%
369,002333,罗普斯金,减亏,2016-04-12,-0.06,0
370,000673,当代东方,预盈,2016-04-12,-0.0243,0
371,000042,中洲控股,预减,2016-04-12,0.9634,-100%~-90%
372,000862,银星能源,预亏,2016-04-12,-0.01,0
373,000498,山东路桥,预亏,2016-04-12,0.0296,-106.35
374,002531,天顺风能,预增,2016-04-12,0.09,70%~100%
375,002155,湖南黄金,减亏,2016-04-12,-0.02,0
376,601058,赛轮金宇,预增,2016-04-12,0.06,160%~200%
377,600586,金晶科技,预盈,2016-04-12,-0.03,0
378,002111,威海广泰,预增,2016-04-12,0.08,50%~70%
379,002413,雷科防务,预增,2016-04-12,0.05,80%~110%
380,002460,赣锋锂业,预增,2016-04-12,0.07,320%~360%
381,002049,紫光国芯,预升,2016-04-12,0.0903,0%~30%
382,000599,青岛双星,预增,2016-04-12,0.013000000000000001,160%~180%
383,600644,乐山电力,预增,2016-04-12,0.023,156.61
384,000166,申万宏源,预降,2016-04-12,0.19,-47.55
385,603169,兰石重装,减亏,2016-04-12,-0.022000000000000002,0
386,603601,再升科技,预增,2016-04-12,0.0495,430%~480%
387,002795,永和智控,预升,2016-04-12,0.2,-10%~10%
388,000935,四川双马,预亏,2016-04-12,-0.02,-16.29%~12.78%
389,002636,金安国纪,预增,2016-04-12,0.05,140%~170%
390,000059,华锦股份,预盈,2016-04-11,-0.09,0
391,002031,巨轮智能,预减,2016-04-11,0.09,-90%~-70%
392,600711,盛屯矿业,预盈,2016-04-11,-0.006999999999999999,0
393,300055,万邦达,预降,2016-04-11,0.3944,-35.86%~-21.37%
394,000620,新华联,预增,2016-04-11,0.01,332.34%~440.42%
395,300418,昆仑万维,预升,2016-04-11,0.2798,14.88%~40.41%
396,300462,华铭智能,预增,2016-04-11,0.03,80%~100%
397,002743,富煌钢构,预增,2016-04-11,0.02,150%~200%
398,000877,天山股份,减亏,2016-04-09,-0.27,20
399,300088,长信科技,预升,2016-04-09,0.07,-5%~10%
400,300250,初灵信息,预盈,2016-04-09,-0.0414,0
401,300483,沃施股份,预降,2016-04-09,0.28,-25.63%~-9.98%
402,300112,万讯自控,预减,2016-04-09,0.01,-90.89%~-69.63%
403,603558,健盛集团,预增,2016-04-09,0.3,100%~150%
404,300385,雪浪环境,预升,2016-04-09,0.1406,10%~25%
405,000710,*ST天仪,减亏,2016-04-09,-0.0365,0
406,000888,峨眉山A,预增,2016-04-09,0.0099,484%~522%
407,000045,深纺织A,预亏,2016-04-09,0.0086,0
408,300046,台基股份,预降,2016-04-09,0.044000000000000004,-15%~0%
409,300085,银之杰,预升,2016-04-09,0.0192,9.25%~29.11%
410,300344,太空板业,预亏,2016-04-09,-0.0613,0
411,300265,通光线缆,预增,2016-04-09,0.08900000000000001,88%~108%
412,300389,艾比森,预降,2016-04-09,0.385,-28%~-22%
413,300196,长海股份,预升,2016-04-09,0.2,11.07%~40.16%
414,300444,双杰电气,预盈,2016-04-09,0.0,0
415,300411,金盾股份,预升,2016-04-09,0.0523,19.51%~38.63%
416,300355,蒙草生态,预亏,2016-04-09,0.06,0
417,000631,顺发恒业,预减,2016-04-09,0.16,-80%~-50%
418,300447,全信股份,预升,2016-04-09,0.2916,30%~45%
419,300369,绿盟科技,减亏,2016-04-09,-0.3309,0
420,300178,腾邦国际,预升,2016-04-09,0.0636,10%~40%
421,300261,雅本化学,预降,2016-04-09,0.0527,-45%~-25%
422,300002,神州泰岳,预减,2016-04-09,0.0298,-90%~-60%
423,300423,鲁亿通,预降,2016-04-09,0.07,-50%~-30%
424,300199,翰宇药业,预增,2016-04-09,0.0431,40%~60%
425,300479,神思电子,预减,2016-04-09,0.22,-80%~-50%
426,300179,四方达,预减,2016-04-09,0.0571,-70%~-50%
427,600101,明星电力,预升,2016-04-09,0.086,8.67
428,600750,江中药业,预增,2016-04-09,0.21,50%~70%
429,300439,美康生物,预升,2016-04-09,0.39,5%~20%
430,300465,高伟达,预降,2016-04-09,0.04,-63.11%~-33.13%
431,300013,新宁物流,预增,2016-04-09,0.006,407.84%~434.57%
432,002264,新华都,预增,2016-04-09,0.03,169.83%~216.17%
433,000836,鑫茂科技,预盈,2016-04-09,-0.0746,0
434,300011,鼎汉技术,预减,2016-04-09,0.0583,-115%~-85%
435,600131,岷江水电,预增,2016-04-09,0.047,86.3
436,300248,新开普,预盈,2016-04-09,-0.0089,0
437,300312,邦讯技术,预亏,2016-04-09,0.012,-1373.14%~-1346.16%
438,000985,大庆华科,预增,2016-04-09,0.003,48.59%~122.88%
439,300254,仟源医药,预升,2016-04-09,0.0545,-10%~10%
440,300079,数码视讯,预升,2016-04-09,0.0643,0%~10%
441,600258,首旅酒店,预减,2016-04-09,0.1282,-76.32
442,603800,道森股份,预亏,2016-04-09,0.1389,0
443,300358,楚天科技,预升,2016-04-09,0.11,0%~10%
444,300097,智云股份,预亏,2016-04-09,-0.02,0
445,300295,三六五网,预降,2016-04-09,0.3,-30%~0%
446,000791,甘肃电投,预亏,2016-04-09,-0.1766,0
447,300395,菲利华,预降,2016-04-09,0.1871,-30%~0%
448,300119,瑞普生物,预升,2016-04-09,0.0659,-15%~15%
449,300032,金龙机电,预降,2016-04-09,0.3137,-30%~0%
450,300029,天龙光电,预亏,2016-04-09,0.0183,-650%~-510%
451,300069,金利华电,预增,2016-04-09,0.03,180%~210%
452,300325,德威新材,预降,2016-04-09,0.04,-10%~0%
453,300467,迅游科技,预升,2016-04-09,0.56,1%~10%
454,300166,东方国信,预升,2016-04-09,0.09,20%~40%
455,002259,升达林业,预亏,2016-04-09,-0.01,0
456,300061,康耐特,预增,2016-04-09,0.0353,37.09%~64.5%
457,300413,快乐购,预降,2016-04-09,0.0587,-49.95%~-39.98%
458,300151,昌红科技,预降,2016-04-09,0.05,-50%~-30%
459,002328,新朋股份,预降,2016-04-09,0.0539,-40%~-10%
460,300396,迪瑞医疗,预升,2016-04-09,0.12,0%~30%
461,300435,中泰股份,预升,2016-04-09,0.2,5%~15%
462,300142,沃森生物,减亏,2016-04-09,-0.21,0
463,300292,吴通控股,预增,2016-04-09,0.1,70.81%~100.33%
464,300308,中际装备,预亏,2016-04-09,-0.02,-82.62%~-56.54%
465,300051,三五互联,预盈,2016-04-09,-0.011000000000000001,0
466,300330,华虹计通,预亏,2016-04-09,0.004,-290.76%~-261.41%
467,300506,名家汇,预升,2016-04-09,0.1054,4.54
468,300038,梅泰诺,预升,2016-04-09,0.035,-10%~10%
469,300153,科泰电源,预升,2016-04-09,0.04,15%~45%
470,002349,精华制药,预增,2016-04-09,0.052000000000000005,200%~220%
471,300303,聚飞光电,预降,2016-04-09,0.16,-45%~-15%
472,300152,科融环境,预亏,2016-04-09,0.051,0
473,601139,深圳燃气,预增,2016-04-09,0.06,72.15
474,300053,欧比特,预增,2016-04-09,0.02,149.5%~178.02%
475,300311,任子行,预增,2016-04-09,0.03,100%~130%
476,300006,莱美药业,预增,2016-04-09,0.03,226.49%~252.96%
477,300381,溢多利,预升,2016-04-09,0.0728,25%~50%
478,300318,博晖创新,预降,2016-04-09,0.0274,-50%~-40%
479,300426,唐德影视,预减,2016-04-09,0.46,0
480,300121,阳谷华泰,预增,2016-04-09,0.02,200%~230%
481,300136,信维通信,预增,2016-04-09,0.0959,167.98%~196.69%
482,300201,海伦哲,预亏,2016-04-09,-0.0122,0
483,300128,锦富技术,预亏,2016-04-09,-0.0235,0
484,300102,乾照光电,预减,2016-04-09,0.02,-90%~-70%
485,600778,友好集团,预减,2016-04-09,0.1187,-95%~-85%
486,300174,元力股份,预降,2016-04-09,0.0592,-35%~-25%
487,300232,洲明科技,预增,2016-04-09,0.0382,145%~164%
488,300366,创意信息,预亏,2016-04-09,-0.0212,0
489,300064,豫金刚石,预增,2016-04-09,0.0344,50%~70%
490,300310,宜通世纪,预增,2016-04-09,0.08,114.5%~143.48%
491,300048,合康新能,预增,2016-04-09,0.01,1995.63%~2025.63%
492,300313,天山生物,预亏,2016-04-09,-0.08900000000000001,0
493,300433,蓝思科技,预减,2016-04-09,0.67,-83%~-78%
494,300400,劲拓股份,预降,2016-04-09,0.05,-74.5%~-49%
495,300156,神雾环保,预增,2016-04-09,0.02,780%~808%
496,000150,宜华健康,预增,2016-04-09,0.0083,24557.5%~30037%
497,300260,新莱应材,预降,2016-04-09,0.027000000000000003,-55.03%~-25.05%
498,300473,德尔股份,预降,2016-04-09,0.4461,-28.26%~-16.3%
499,000407,胜利股份,预增,2016-04-09,0.01,540.28%~589.53%
500,000100,TCL集团,预减,2016-04-09,0.0686,-70%~-59%
501,600525,长园集团,预增,2016-04-09,0.0495,120%~150%
502,300028,金亚科技,预减,2016-04-09,0.03,-81.72%~-63.45%
503,002096,南岭民爆,预亏,2016-04-09,0.055999999999999994,0
504,603010,万盛股份,预增,2016-04-09,0.19,65%~75%
505,600727,鲁北化工,预降,2016-04-09,0.03,-48.52
506,000779,三毛派神,预亏,2016-04-09,-0.05,0
507,002619,巨龙管业,预增,2016-04-09,0.06,106.75%~156.75%
508,000650,仁和药业,预升,2016-04-09,0.0745,30%~50%
509,000553,沙隆达A,预减,2016-04-09,0.1297,0
510,300035,中科电气,预降,2016-04-09,0.0317,-30%~-20%
511,300084,海默科技,预亏,2016-04-08,0.0812,0
512,300141,和顺电气,预减,2016-04-08,0.07,-100%~-80%
513,300040,九洲电气,预盈,2016-04-08,-0.02,0
514,300342,天银机电,预升,2016-04-08,0.12,25%~40%
515,300333,兆日科技,预升,2016-04-08,0.07,-15%~15%
516,300319,麦捷科技,预增,2016-04-08,0.03,415.77%~445.77%
517,300374,恒通科技,预亏,2016-04-08,-0.07,0
518,300124,汇川技术,预升,2016-04-08,0.16,0%~15%
519,300220,金运激光,预升,2016-04-08,0.0202,0%~30%
520,300107,建新股份,预降,2016-04-08,0.02,-36.68%~-20.01%
521,300135,宝利国际,预降,2016-04-08,0.013000000000000001,-50%~-20%
522,300384,三联虹普,预升,2016-04-08,0.8176,0%~5.02%
523,300285,国瓷材料,预增,2016-04-08,0.07,56%~73%
524,300334,津膜科技,预减,2016-04-08,0.02,-100%~-70%
525,300343,联创互联,预增,2016-04-08,0.0062,2600.51%~2628.93%
526,300268,万福生科,减亏,2016-04-08,-0.06,0
527,300427,红相电力,预亏,2016-04-08,-0.08,0
528,300211,亿通科技,预升,2016-04-08,0.0295,21.11%~49.37%
529,300452,山河药辅,预升,2016-04-08,0.28,20%~30%
530,300171,东富龙,预降,2016-04-08,0.3274,-20%~0%
531,300159,新研股份,预升,2016-04-08,0.0036,0%~20%
532,300276,三丰智能,预降,2016-04-08,0.02,-45%~-15%
533,300126,锐奇股份,预减,2016-04-08,0.04,-90%~-60%
534,300380,安硕信息,预升,2016-04-08,0.0398,0%~20%
535,300108,双龙股份,预降,2016-04-08,0.122,-15%~0%
536,300407,凯发电气,预亏,2016-04-08,-0.02,0
537,300429,强力新材,预升,2016-04-08,0.3741,0%~10%
538,300417,南华仪器,预降,2016-04-08,0.1333,-17.28%~-8.09%
539,300371,汇中股份,预亏,2016-04-08,-0.01,0
540,300341,麦迪电气,预降,2016-04-08,0.0397,-25%~0%
541,300391,康跃科技,预降,2016-04-08,0.042,-60%~-40%
542,300164,通源石油,预亏,2016-04-08,-0.0264,0
543,300492,山鼎设计,预亏,2016-04-08,0.12,0
544,300165,天瑞仪器,预升,2016-04-08,0.0861,5%~15%
545,300372,欣泰电气,预减,2016-04-08,0.0459,-86.16%~-81.27%
546,300350,华鹏飞,预增,2016-04-08,0.07,215%~245%
547,300434,金石东方,预减,2016-04-08,0.17,-80%~-70%
548,300415,伊之密,预升,2016-04-08,0.1,0.34%~9.09%
549,300157,恒泰艾普,预亏,2016-04-08,-0.02,0%~20%
550,300076,GQY视讯,减亏,2016-04-08,-0.01,36.43%~100%
551,300337,银邦股份,减亏,2016-04-08,-0.0449,0
552,300496,中科创达,预降,2016-04-08,0.4947,-14.25%~-4.19%
553,300240,飞力达,预升,2016-04-08,0.06,10%~30%
554,300096,易联众,预亏,2016-04-08,0.0033,0
555,300016,北陆药业,预升,2016-04-08,0.0656,-15%~10%
556,300431,暴风集团,预盈,2016-04-08,-0.0357,0
557,300377,赢时胜,预盈,2016-04-08,-0.07,107.14%~128.33%
558,300234,开尔新材,预降,2016-04-08,0.1,-61.01%~-49.32%
559,300155,安居宝,预亏,2016-04-08,-0.01,0
560,300183,东软载波,预降,2016-04-08,0.28,-10%~0%
561,300168,万达信息,预升,2016-04-08,0.008,20%~30%
562,300197,铁汉生态,预亏,2016-04-08,-0.01,0
563,300130,新国都,预升,2016-04-08,0.04,0%~30%
564,300401,花园生物,预降,2016-04-08,0.07,-47.52%~-32.52%
565,300409,道氏技术,预升,2016-04-08,0.13,1.07%~17.52%
566,300110,华仁药业,预减,2016-04-08,0.02,-86.64%~-59.92%
567,300185,通裕重工,预升,2016-04-08,0.01,20%~45%
568,300275,梅安森,预亏,2016-04-08,-0.07,0
569,300404,博济医药,预减,2016-04-08,0.08,-100%~-70%
570,300445,康斯特,预升,2016-04-08,0.135,5%~25%
571,300100,双林股份,预升,2016-04-08,0.14,35%~50%
572,300446,乐凯新材,预升,2016-04-08,0.6,5%~10%
573,300004,南风股份,预增,2016-04-08,0.04,25%~55%
574,300471,厚普股份,预减,2016-04-08,0.473,-80%~-60%
575,300075,数字政通,预升,2016-04-08,0.03,30%~40%
576,300399,京天利,预升,2016-04-08,0.14,20%~30%
577,300020,银江股份,预升,2016-04-08,0.16,-20%~10%
578,300315,掌趣科技,预增,2016-04-08,0.06,170%~190%
579,300464,星徽精密,预升,2016-04-08,0.08,20%~40%
580,300397,天和防务,预亏,2016-04-08,-0.06,0
581,300357,我武生物,预升,2016-04-08,0.15,10%~30%
582,300356,光一科技,预升,2016-04-08,0.0111,10%~30%
583,300347,泰格医药,预升,2016-04-08,0.17,5%~25%
584,300106,西部牧业,预亏,2016-04-08,0.03,-329.5%~-276.53%
585,300082,奥克股份,预亏,2016-04-08,0.01,0
586,300031,宝通科技,预降,2016-04-08,0.0742,-15%~0%
587,300288,朗玛信息,预升,2016-04-08,0.11,0%~30%
588,300001,特锐德,预升,2016-04-08,0.11,10%~20%
589,300043,星辉娱乐,预增,2016-04-08,0.16,120%~150%
590,300173,智慧松德,预增,2016-04-08,0.02,150%~180%
591,300493,润欣科技,预升,2016-04-08,0.09,12.51%~17.56%
592,300182,捷成股份,预增,2016-04-08,0.12,90%~110%
593,300461,田中精机,预升,2016-04-08,0.1,1.48%~13.65%
594,300477,合纵科技,减亏,2016-04-08,0.0,20.47
595,300388,国祯环保,预升,2016-04-08,0.11,10%~20%
596,300362,天翔环境,预升,2016-04-08,0.0173,10%~40%
597,300086,康芝药业,预盈,2016-04-08,-0.02,0
598,300287,飞利信,预增,2016-04-08,0.05,270%~300%
599,300459,金科娱乐,预增,2016-04-08,0.0271,160%~180%
600,300233,金城医药,预升,2016-04-08,0.3,0%~10%
601,300460,惠伦晶体,预减,2016-04-08,0.07,-62.15%~-51.34%
602,300282,汇冠股份,预增,2016-04-08,0.085,45%~75%
603,300449,汉邦高科,预亏,2016-04-08,-0.09,0
604,300494,盛天网络,预升,2016-04-08,0.09,-1.18%~23.52%
605,300468,四方精创,预降,2016-04-08,0.13,-30%~-10%
606,000626,远大控股,预升,2016-04-08,0.7020000000000001,16
607,300309,吉艾科技,预亏,2016-04-08,0.03,0
608,300118,东方日升,预盈,2016-04-08,-0.0315,0
609,300270,中威电子,预升,2016-04-08,0.11,0%~30%
610,300010,立思辰,预盈,2016-04-08,-0.0576,0
611,300394,天孚通信,预升,2016-04-08,0.3119,10%~30%
612,300364,中文在线,减亏,2016-04-08,-0.13,4%~20%
613,300224,正海磁材,预升,2016-04-08,0.11,10%~30%
614,300111,向日葵,预盈,2016-04-08,-0.03,0
615,300022,吉峰农机,预升,2016-04-08,0.0019,0%~30%
616,300345,红宇新材,预增,2016-04-08,0.0671,55.31%~84.82%
617,300323,华灿光电,减亏,2016-04-08,-0.03,0
618,000755,*ST三维,预亏,2016-04-08,-0.201,-48.21
619,300306,远方光电,预升,2016-04-08,0.08,20%~40%
620,300352,北信源,预升,2016-04-08,0.0011,20%~40%
621,300180,华峰超纤,预减,2016-04-08,0.21,-80%~-50%
622,601918,新集能源,减亏,2016-04-08,-0.18899999999999997,0
623,300332,天壕环境,预升,2016-04-08,0.07,-14.3%~13.5%
624,300226,上海钢联,预盈,2016-04-08,-0.0832,0
625,000721,西安饮食,预亏,2016-04-08,-0.0061,0
626,300326,凯利泰,预降,2016-04-08,0.3441,-65%~-45%
627,000795,英洛华,预盈,2016-04-08,-0.07,0
628,300387,富邦股份,预升,2016-04-08,0.24,0%~30%
629,600074,保千里,预增,2016-04-08,0.04,80%~130%
630,300252,金信诺,预增,2016-04-08,0.2091,60%~90%
631,300487,蓝晓科技,预降,2016-04-08,0.257,-45%~-30%
632,300005,探路者,预降,2016-04-08,0.1838,-24
633,300490,华自科技,预降,2016-04-08,0.12,-10%~0%
634,300470,日机密封,预降,2016-04-08,0.41,-10%~-2%
635,300474,景嘉微,预盈,2016-04-08,-0.01,0
636,300154,瑞凌股份,预降,2016-04-08,0.14,-40%~-10%
637,300167,迪威视讯,减亏,2016-04-08,-0.06,0
638,300063,天龙集团,预盈,2016-04-08,-0.0045,0
639,300098,高新兴,预增,2016-04-08,0.1307,141.9%~162.76%
640,300456,耐威科技,预减,2016-04-08,0.0567,-80%~-55%
641,300280,南通锻压,预盈,2016-04-08,-0.0142,0
642,002668,奥马电器,预增,2016-04-08,0.17,40%~65%
643,300137,先河环保,预升,2016-04-08,0.02,30%~50%
644,300241,瑞丰光电,预增,2016-04-08,0.039,81.34%~104.73%
645,300300,汉鼎宇佑,预升,2016-04-08,0.0956,20%~50%
646,300192,科斯伍德,预升,2016-04-08,0.0275,0%~15%
647,603766,隆鑫通用,预升,2016-04-08,0.1977,23.82
648,300195,长荣股份,预降,2016-04-08,0.24,-20%~0%
649,300083,劲胜精密,预盈,2016-04-08,-0.37,0
650,300206,理邦仪器,预盈,2016-04-08,-0.08,0
651,300272,开能环保,预升,2016-04-08,0.0332,5%~20%
652,300042,朗科科技,预增,2016-04-08,0.0388,100%~130%
653,300402,宝色股份,预亏,2016-04-08,-0.0975,-44.72%~-32.03%
654,600688,上海石化,预增,2016-04-08,0.005,2000%~2200%
655,300500,启迪设计,预升,2016-04-08,0.18,-9.55%~14.57%
656,300181,佐力药业,预升,2016-04-08,0.07,1.67%~5.21%
657,300242,明家联合,预增,2016-04-08,0.04,1126.92%~1491.53%
658,300348,长亮科技,预升,2016-04-08,0.1147,20%~50%
659,300212,易华录,预降,2016-04-08,0.12300000000000001,-55%~-35%
660,300438,鹏辉能源,预增,2016-04-08,0.22,33%~63%
661,300294,博雅生物,预降,2016-04-08,0.6,-20%~-5%
662,600771,广誉远,预盈,2016-04-08,-0.005,0
663,300012,华测检测,预亏,2016-04-08,0.008,0
664,300359,全通教育,预增,2016-04-08,0.06,100%~120%
665,600674,川投能源,预升,2016-04-08,0.3506,19.48
666,002013,中航机电,减亏,2016-04-08,-0.1004,0
667,300297,蓝盾股份,预增,2016-04-08,0.053,80%~110%
668,300169,天晟新材,减亏,2016-04-08,-0.0303,0.62%~10.76%
669,300189,神农基因,减亏,2016-04-08,-0.0259,0
670,002102,冠福股份,预增,2016-04-08,0.0335,55.6%~67.88%
671,300158,振东制药,预升,2016-04-08,0.05,0%~30%
672,300263,隆华节能,预减,2016-04-08,0.054000000000000006,-95%~-80%
673,300321,同大股份,预升,2016-04-08,0.1391,0%~20%
674,300498,温氏股份,预增,2016-04-08,0.0,349.33%~378.86%
675,300109,新开源,预增,2016-04-08,0.11,41.89%~57.22%
676,300266,兴源环境,预增,2016-04-08,0.0687,235%~265%
677,300478,杭州高新,预降,2016-04-08,0.05,-10%~0%
678,300235,方直科技,预降,2016-04-08,0.08,-35%~-15%
679,300489,中飞股份,预降,2016-04-08,0.1528,-50%~-20%
680,300205,天喻信息,预降,2016-04-08,0.0192,-27%~-3%
681,300405,科隆精化,预盈,2016-04-08,-0.0458,0
682,300346,南大光电,预减,2016-04-08,0.0899,-94.47%~-88.93%
683,000892,欢瑞世纪,预盈,2016-04-07,-0.0009,0
684,000822,山东海化,预减,2016-04-07,0.07,-97.5%~-96.5%
685,000661,长春高新,预升,2016-04-07,0.73,21.64%~32.04%
686,300187,永清环保,预升,2016-04-07,0.03,0%~20%
687,600649,城投控股,预降,2016-04-07,0.36,-35
688,000488,晨鸣纸业,预增,2016-04-07,0.05,300%~340%
689,300041,回天新材,预升,2016-04-07,0.1861,10%~30%
690,000541,佛山照明,预升,2016-04-07,0.102,8.34
691,300340,科恒股份,预盈,2016-04-07,-0.0522,0
692,002073,软控股份,预亏,2016-04-07,0.04,0
693,600787,中储股份,预增,2016-04-07,0.0119,900
694,002440,闰土股份,预减,2016-04-07,0.44,-85.07%~-79.1%
695,000912,泸天化,减亏,2016-04-07,-0.073,0
696,002106,莱宝高科,预盈,2016-04-07,-0.0701,0
697,300424,航新科技,预减,2016-04-07,0.13,-95%~-90%
698,603029,天鹅股份,预降,2016-04-07,0.0384,-15%~-11%
699,300329,海伦钢琴,预升,2016-04-07,0.051,20%~40%
700,300070,碧水源,预增,2016-04-07,0.02,60%~90%
701,300188,美亚柏科,预升,2016-04-07,0.0039,10%~40%
702,300484,蓝海华腾,预增,2016-04-07,0.25,148.48%~169.18%
703,300246,宝莱特,预增,2016-04-07,0.0451,100%~130%
704,300440,运达科技,预升,2016-04-07,0.1,0%~20%
705,300094,国联水产,预盈,2016-04-07,-0.06,86.37%~109.09%
706,300123,太阳鸟,预亏,2016-04-07,-0.02,0
707,300279,和晶科技,预增,2016-04-07,0.0533,180%~200%
708,300448,浩云科技,预亏,2016-04-07,-0.2,0
709,300058,蓝色光标,预盈,2016-04-07,-0.11,0
710,000012,南玻A,预增,2016-04-06,0.0396,137%~162%
711,300304,云意电气,预升,2016-04-06,0.09,20%~40%
712,600298,安琪酵母,预增,2016-04-06,0.149,100%~150%
713,002702,海欣食品,预盈,2016-04-06,-0.0264,0
714,300257,开山股份,预减,2016-04-06,0.15,-75%~-50%
715,000601,韶能股份,预增,2016-04-06,0.0347,313%~339%
716,000819,岳阳兴长,预减,2016-04-06,0.051,-75%~-65%
717,600261,阳光照明,预升,2016-04-06,0.1,0%~30%
718,002714,牧原股份,预盈,2016-04-06,-0.08,0
719,002599,盛通股份,预增,2016-04-06,0.01,76.16%~134.88%
720,603368,柳州医药,预增,2016-04-06,0.37,50%~60%
721,000829,天音控股,预降,2016-04-06,0.02,0
722,300049,福瑞股份,预升,2016-04-06,0.06,0%~10%
723,300170,汉得信息,预升,2016-04-06,0.06,22%~29%
724,300274,阳光电源,预增,2016-04-06,0.1,70%~100%
725,300258,精锻科技,预升,2016-04-06,0.1704,30.38%~40.16%
726,300379,东方通,预盈,2016-04-06,-0.1024,0
727,300302,同有科技,预增,2016-04-06,0.01,510%~540%
728,300486,东杰智能,预亏,2016-04-06,0.02,0
729,002164,宁波东力,预亏,2016-04-05,-0.004,0
730,300264,佳创视讯,预亏,2016-04-05,-0.0189,-55%~-25%
731,300251,光线传媒,预增,2016-04-05,0.004,4119%~4541%
732,300057,万顺股份,预升,2016-04-05,0.0501,20%~40%
733,300451,创业软件,预减,2016-04-05,0.04,-82.01%~-55.03%
734,300370,安控科技,预亏,2016-04-05,-0.1268,-30%~-15%
735,300202,聚龙股份,预升,2016-04-05,0.01,30%~50%
736,300281,金明精机,预升,2016-04-05,0.04,0%~30%
737,300463,迈克生物,预升,2016-04-05,0.33,30%~50%
738,300353,东土科技,预增,2016-04-05,0.0025,1179%~1412%
739,002005,德豪润达,减亏,2016-04-02,-0.0668,0
740,600307,酒钢宏兴,减亏,2016-04-02,-0.0585,0
741,002430,杭氧股份,预亏,2016-04-02,0.04,0
742,002097,山河智能,预增,2016-04-01,0.0113,100%~150%
743,002481,双塔食品,预升,2016-04-01,0.091,10%~40%
744,300050,世纪鼎利,预升,2016-04-01,0.08,10%~40%
745,002688,金河生物,预增,2016-04-01,0.11,110%~150%
746,600256,广汇能源,预减,2016-04-01,0.0298,-82
747,002059,云南旅游,预亏,2016-04-01,-0.008,0
748,002248,*ST东数,预亏,2016-04-01,-0.07,0
749,002096,南岭民爆,预亏,2016-04-01,0.055999999999999994,0
750,300074,华平股份,减亏,2016-04-01,-0.077,46%~65%
751,002054,德美化工,预亏,2016-04-01,0.04,0
752,000703,恒逸石化,预增,2016-04-01,0.04,192.06%~289.41%
753,002502,骅威文化,预增,2016-04-01,0.02,310%~360%
754,002129,中环股份,预增,2016-04-01,0.0326,194%~223%
755,002058,威尔泰,预亏,2016-04-01,-0.03,0
756,000798,中水渔业,预亏,2016-04-01,0.0137,-329%~-260%
757,300021,大禹节水,预增,2016-04-01,0.01,280%~310%
758,300090,盛运环保,预减,2016-03-31,0.0766,-88%~-80%
759,002654,万润科技,预增,2016-03-31,0.01,240%~290%
760,002591,恒大高新,预盈,2016-03-31,0.0191,0
761,002689,远大智能,预亏,2016-03-31,-0.0817,0%~10%
762,300214,日科化学,预降,2016-03-31,0.06,-40%~-10%
763,300277,海联讯,预亏,2016-03-31,-0.0155,0
764,002377,国创高新,预亏,2016-03-31,-0.017,0
765,002600,江粉磁材,预盈,2016-03-31,-0.006999999999999999,0
766,300425,环能科技,预增,2016-03-31,0.0742,30.2%~59.38%
767,002656,摩登大道,预亏,2016-03-31,0.07,-200%~-170%
768,002791,坚朗五金,减亏,2016-03-31,-0.04,0
769,002647,民盛金科,预亏,2016-03-31,0.016,0
770,002369,卓翼科技,预盈,2016-03-31,-0.06,0
771,002464,金利科技,预盈,2016-03-31,-0.02,0
772,002154,报喜鸟,预减,2016-03-31,0.12,-100%~-80%
773,300406,九强生物,预升,2016-03-31,0.2192,5%~20%
774,002418,康盛股份,预增,2016-03-31,0.01,66.92%~91.96%
775,002089,新海宜,预亏,2016-03-31,0.07,0
776,002587,奥拓电子,预亏,2016-03-31,0.0,0
777,002072,凯瑞德,减亏,2016-03-31,-0.096,0
778,002336,人人乐,预降,2016-03-31,0.1098,-54.48%~-8.96%
779,300327,中颖电子,预增,2016-03-31,0.0456,84.14%~112.46%
780,002124,天邦股份,预盈,2016-03-31,-0.122,0
781,002052,同洲电子,预亏,2016-03-31,0.003,0
782,002416,爱施德,预升,2016-03-31,0.05,0
783,002493,荣盛石化,预增,2016-03-31,0.01,741.04%~1043.82%
784,300217,东方电热,预降,2016-03-31,0.053,-50%~-20%
785,300133,华策影视,预升,2016-03-31,0.13,30%~50%
786,002178,延华智能,预增,2016-03-31,0.02,20%~70%
787,002074,国轩高科,预增,2016-03-31,0.04,320%~350%
788,002752,昇兴股份,预增,2016-03-31,0.08,80%~130%
789,002624,完美世界,预盈,2016-03-31,-0.03,0
790,002278,神开股份,预亏,2016-03-31,0.03,0
791,002780,三夫户外,预减,2016-03-31,0.03,-93.06%~-58.33%
792,300003,乐普医疗,预升,2016-03-31,0.1582,30%~50%
793,002069,獐子岛,减亏,2016-03-31,-0.01,0%~30%
794,002432,九安医疗,减亏,2016-03-31,-0.0453,0
795,002131,利欧股份,预增,2016-03-31,0.19,50%~90%
796,002315,焦点科技,预亏,2016-03-31,0.2,0
797,300065,海兰信,预增,2016-03-31,0.01,290%~320%
798,300299,富春股份,预盈,2016-03-31,-0.01,0
799,002207,*ST准油,预亏,2016-03-31,-0.07,0
800,300078,思创医惠,预升,2016-03-31,0.13,20%~45%
801,300442,普丽盛,预减,2016-03-31,0.16,-95.83%~-65.83%
802,002279,久其软件,减亏,2016-03-31,-0.0768,0
803,002019,亿帆医药,预增,2016-03-31,0.19,50%~80%
804,002490,*ST墨龙,预降,2016-03-31,0.01,-50%~-30%
805,002721,金一文化,预升,2016-03-31,0.16,-21.77%~25.17%
806,002400,省广股份,预增,2016-03-31,0.11,40%~60%
807,002492,恒基达鑫,预增,2016-03-31,0.0211,140%~190%
808,002603,以岭药业,预升,2016-03-31,0.22,20%~50%
809,002431,棕榈股份,预亏,2016-03-31,-0.075,0
810,002155,湖南黄金,预亏,2016-03-31,-0.02,0
811,002622,融钰集团,预降,2016-03-31,0.03,-76%~-46%
812,002302,西部建设,减亏,2016-03-31,-0.18,0
813,002134,*ST普林,预亏,2016-03-31,-0.03,-153.56%~-26.78%
814,002426,胜利精密,预增,2016-03-31,0.0461,317.9%~361.89%
815,002292,奥飞娱乐,预升,2016-03-31,0.13,-15%~15%
816,002665,首航节能,预增,2016-03-31,0.03,40%~60%
817,002110,三钢闽光,预盈,2016-03-31,-0.32799999999999996,100%~125%
818,300239,东宝生物,预升,2016-03-31,0.0133,6.46%~33.08%
819,002024,苏宁云商,预亏,2016-03-31,-0.04,0
820,300018,中元股份,预增,2016-03-31,0.02,160%~190%
821,603726,朗迪集团,预降,2016-03-31,0.16,-30%~-20%
822,600654,*ST中安,0,2016-03-31,0.01,100%
823,002639,雪人股份,预亏,2016-03-31,0.04,0
824,002226,江南化工,预减,2016-03-31,0.0472,-100%~-70%
825,002529,海源机械,减亏,2016-03-31,-0.06,0
826,002429,兆驰股份,预降,2016-03-31,0.073,-20%~-10%
827,002289,*ST宇顺,预亏,2016-03-31,-0.2012,0
828,002160,常铝股份,预减,2016-03-31,0.03,-75.63%~-59.38%
829,002312,*ST三泰,减亏,2016-03-31,-0.09,0
830,300305,裕兴股份,预升,2016-03-31,0.1143,-10%~10%
831,002376,新北洋,预增,2016-03-31,0.04,30%~60%
832,002168,深圳惠程,预亏,2016-03-31,0.03,0
833,300017,网宿科技,预增,2016-03-31,0.4128,60%~90%
834,300030,阳普医疗,预升,2016-03-31,0.03,-15%~15%
835,000011,深物业A,预升,2016-03-31,0.0006,0
836,002660,茂硕电源,减亏,2016-03-31,-0.07,0
837,002027,分众传媒,预升,2016-03-31,0.003,35%~40%
838,002211,宏达新材,预亏,2016-03-31,0.0029,0
839,002263,大东南,预亏,2016-03-31,-0.01,0
840,002299,圣农发展,预盈,2016-03-31,-0.214,0
841,002046,轴研科技,预亏,2016-03-31,-0.035,0
842,002044,美年健康,预亏,2016-03-31,0.013000000000000001,0
843,002696,百洋股份,预盈,2016-03-31,-0.07,0
844,002234,民和股份,预盈,2016-03-31,-0.14,0
845,002552,宝鼎科技,预亏,2016-03-31,0.005,0
846,002373,千方科技,预升,2016-03-31,0.09,15%~30%
847,002715,登云股份,预亏,2016-03-31,0.0048,-1815%~-1267%
848,002528,英飞拓,预亏,2016-03-31,-0.031,0
849,002305,南国置业,预减,2016-03-31,0.04,-94.74%~-73.71%
850,002458,益生股份,预盈,2016-03-31,-0.22,0
851,002712,思美传媒,预升,2016-03-31,0.1827,0%~50%
852,002617,露笑科技,预降,2016-03-31,0.05,-47.15%~-15.44%
853,002167,东方锆业,减亏,2016-03-31,-0.06,0
854,002270,华明装备,预增,2016-03-31,0.01,807.92%~997.07%
855,002374,丽鹏股份,预增,2016-03-31,0.04,44%~78.29%
856,002147,新光圆成,预亏,2016-03-31,-0.0173,0
857,002585,双星新材,预升,2016-03-31,0.06,20%~30%
858,002388,新亚制程,预升,2016-03-31,0.002,0%~50%
859,002218,拓日新能,预增,2016-03-31,0.011000000000000001,268.02%~312.18%
860,002123,梦网荣信,预增,2016-03-31,0.02,475.9%~523.89%
861,002574,明牌珠宝,预降,2016-03-31,0.09,-54.92%~-46.72%
862,002310,东方园林,减亏,2016-03-31,-0.08,0
863,002200,云投生态,预降,2016-03-31,0.012,-59.64%~-32.73%
864,002094,青岛金王,预增,2016-03-31,0.032,40%~60%
865,002504,*ST弘高,预升,2016-03-31,0.11,23.57%~48.75%
866,002364,中恒电气,预增,2016-03-31,0.1,50%~80%
867,300047,天源迪科,减亏,2016-03-31,-0.0751,0
868,002379,*ST鲁丰,减亏,2016-03-31,-0.04,0
869,002115,三维通信,预亏,2016-03-31,-0.037000000000000005,0
870,002346,柘中股份,预降,2016-03-31,0.05,0
871,002274,华昌化工,预盈,2016-03-31,-0.0739,0
872,002746,仙坛股份,预增,2016-03-31,0.02,698.75%~739.72%
873,002001,新和成,预增,2016-03-31,0.07,75%~95%
874,002475,立讯精密,预升,2016-03-31,0.18,20%~40%
875,002699,美盛文化,预增,2016-03-31,0.02,50%~80%
876,002067,景兴纸业,预增,2016-03-31,0.0,5771.07%~6358.18%
877,002571,*ST德力,预亏,2016-03-31,0.0062,0
878,002239,奥特佳,预增,2016-03-31,0.006,3482%~3693%
879,002343,慈文传媒,预盈,2016-03-31,0.0696,277.74%~303.13%
880,002314,南山控股,预盈,2016-03-31,-0.05,0
881,002118,紫鑫药业,预增,2016-03-31,0.01,96.69%~127.74%
882,002075,沙钢股份,预增,2016-03-31,0.0009,170%~200%
883,300419,浩丰科技,预增,2016-03-31,0.24,40.94%~66.11%
884,002635,安洁科技,预增,2016-03-31,0.18,135%~165%
885,002070,*ST众和,预盈,2016-03-31,-0.0275,0
886,002713,东易日盛,预亏,2016-03-31,-0.53,0
887,002064,华峰氨纶,预减,2016-03-31,0.11,-95%~-75%
888,002386,天原集团,预亏,2016-03-31,-0.12,0
889,002322,理工环科,预盈,2016-03-31,-0.03,0
890,002522,浙江众成,预增,2016-03-31,0.01,150%~200%
891,002281,光迅科技,预增,2016-03-31,0.19,50%~80%
892,002514,宝馨科技,预升,2016-03-31,0.06,0%~50%
893,002580,圣阳股份,预增,2016-03-31,0.06,30%~80%
894,002079,苏州固锝,预增,2016-03-31,0.004,250%~300%
895,002139,拓邦股份,预升,2016-03-31,0.06,15%~35%
896,002739,万达院线,预升,2016-03-31,0.6,30%~50%
897,002735,王子新材,预降,2016-03-31,0.07,-25%~0%
898,002731,萃华珠宝,预亏,2016-03-31,0.19,0
899,002606,大连电瓷,预盈,2016-03-31,-0.05,0
900,300145,中金环境,预升,2016-03-31,0.11,0%~30%
901,002098,浔兴股份,预增,2016-03-31,0.006999999999999999,400.64%~446.15%
902,300479,神思电子,预降,2016-03-31,0.22,-50%~-20%
903,002467,二六三,预增,2016-03-31,0.07,135%~155%
904,002428,云南锗业,预亏,2016-03-31,0.04,0
905,300317,珈伟股份,预增,2016-03-31,0.0321,761.22%~791.31%
906,002365,永安药业,预升,2016-03-31,0.03,0%~50%
907,002339,积成电子,预亏,2016-03-31,-0.03,0
908,300062,中能电气,预增,2016-03-31,0.04,130%~160%
909,002132,恒星科技,预增,2016-03-31,0.01,240%~290%
910,002509,天广中茂,预增,2016-03-31,0.08,70%~100%
911,002460,赣锋锂业,预增,2016-03-31,0.07,320%~360%
912,002645,华宏科技,预增,2016-03-31,0.0162,294.74%~492.11%
913,002725,跃岭股份,预降,2016-03-31,0.18,-30%~0%
914,300194,福安药业,预增,2016-03-31,0.04,198.54%~228.07%
915,002693,双成药业,预亏,2016-03-31,0.01,0
916,002319,乐通股份,预盈,2016-03-31,-0.018000000000000002,0
917,002722,金轮股份,预增,2016-03-31,0.07,110%~160%
918,002163,中航三鑫,减亏,2016-03-31,-0.05,0
919,300198,纳川股份,预增,2016-03-30,0.006999999999999999,735%~765%
920,002423,中原特钢,预亏,2016-03-30,-0.024,0
921,002297,博云新材,减亏,2016-03-30,-0.0347,0
922,002013,中航机电,减亏,2016-03-30,-0.1004,0
923,002685,华东重机,预增,2016-03-30,0.0114,30%~70%
924,002486,嘉麟杰,预亏,2016-03-30,-0.0225,0
925,300390,天华超净,预降,2016-03-30,0.14,-60%~-30%
926,002164,宁波东力,预亏,2016-03-30,-0.004,0
927,002034,美欣达,预亏,2016-03-30,-0.04,0
928,300231,银信科技,预增,2016-03-30,0.0452,40%~60%
929,002411,必康股份,预增,2016-03-30,0.01,65%~105%
930,002026,山东威达,预升,2016-03-30,0.0342,5%~35%
931,002144,宏达高科,预减,2016-03-30,0.63,-95%~-85%
932,002378,章源钨业,预亏,2016-03-30,-0.02,0
933,002396,星网锐捷,预亏,2016-03-30,-0.0296,0
934,002199,东晶电子,预亏,2016-03-30,-0.0786,0
935,002738,中矿资源,预亏,2016-03-30,0.0017,0
936,002308,威创股份,预盈,2016-03-30,-0.02,0
937,002709,天赐材料,预增,2016-03-30,0.1,450%~480%
938,002337,赛象科技,预亏,2016-03-30,0.02,0
939,002347,泰尔股份,预增,2016-03-30,0.0101,50%~100%
940,002402,和而泰,预增,2016-03-30,0.07,80%~110%
941,002446,盛路通信,预增,2016-03-30,0.13,125.15%~172.06%
942,002659,中泰桥梁,预亏,2016-03-30,-0.01,0
943,002749,国光股份,预升,2016-03-30,0.53,0%~25%
944,300039,上海凯宝,预降,2016-03-30,0.1392,-10%~0%
945,002447,壹桥股份,预减,2016-03-30,0.02,-100%~-50%
946,300382,斯莱克,预降,2016-03-30,0.46,-45%~-25%
947,002757,南兴装备,预降,2016-03-30,0.1607,-30%~-10%
948,002039,黔源电力,预增,2016-03-30,0.0998,50%~85%
949,002162,悦心健康,减亏,2016-03-30,-0.0492,0
950,002521,齐峰新材,预减,2016-03-30,0.15,-90%~-60%
951,300412,迦南科技,预增,2016-03-30,0.09,30%~60%
952,300007,汉威电子,预升,2016-03-30,0.08,5%~20%
953,300129,泰胜风能,预增,2016-03-30,0.06,50%~80%
954,002679,福建金森,预亏,2016-03-30,-0.14,0
955,002526,山东矿机,预亏,2016-03-30,0.0004,0
956,300229,拓尔思,预升,2016-03-30,0.0085,0%~20%
957,002609,捷顺科技,预增,2016-03-30,0.0074,150%~200%
958,300134,大富科技,预减,2016-03-30,0.1,-84.3%~-59.19%
959,002567,唐人神,预增,2016-03-30,0.037000000000000005,50%~70%
960,002227,奥特迅,减亏,2016-03-30,-0.0573,0
961,300386,飞天诚信,预降,2016-03-30,0.22,-60%~-40%
962,300099,精准信息,预亏,2016-03-30,-0.02,0
963,300115,长盈精密,预增,2016-03-30,0.1792,40%~60%
964,002334,英威腾,预减,2016-03-30,0.055,-100%~-70%
965,002755,东方新星,预亏,2016-03-30,0.17,0
966,300177,中海达,预亏,2016-03-30,0.0028,0
967,300469,信息发展,预亏,2016-03-30,-0.405,0
968,002501,利源精制,预升,2016-03-30,0.19,5%~25%
969,002202,金风科技,预升,2016-03-30,0.0923,0%~50%
970,002016,世荣兆业,预亏,2016-03-30,-0.0369,0
971,300290,荣科科技,预降,2016-03-30,0.0395,-30%~0%
972,300481,濮阳惠成,预升,2016-03-30,0.0,5%~20%
973,002604,龙力生物,预升,2016-03-30,0.04,-30%~20%
974,300093,金刚玻璃,预减,2016-03-30,0.03,-95%~-65%
975,002698,博实股份,预减,2016-03-30,0.13,-80%~-50%
976,002477,雏鹰农牧,预盈,2016-03-30,-0.0936,0
977,002056,横店东磁,预升,2016-03-30,0.17,0%~30%
978,300071,华谊嘉信,预降,2016-03-30,0.05,-30%~0%
979,002217,合力泰,预增,2016-03-30,0.0317,89.94%~119.16%
980,300338,开元股份,预升,2016-03-30,0.0151,0%~30%
981,002229,鸿博股份,预亏,2016-03-30,-0.0123,0
982,002268,卫士通,预亏,2016-03-30,-0.0715,0
983,002179,中航光电,预增,2016-03-30,0.1802,40%~80%
984,002788,鹭燕医药,预升,2016-03-30,0.22,0%~5%
985,002008,大族激光,预增,2016-03-30,0.07,50%~60%
986,002442,龙星化工,预亏,2016-03-30,-0.018000000000000002,0
987,300497,富祥股份,预增,2016-03-30,0.36,60%~90%
988,002079,苏州固锝,预增,2016-03-29,0.004,250%~300%
989,002615,哈尔斯,预升,2016-03-29,0.08,25%~45%
990,002444,巨星科技,预升,2016-03-29,0.09,20%~35%
991,300354,东华测试,减亏,2016-03-29,-0.0275,5%~25%
992,002579,中京电子,预增,2016-03-29,0.01,6045%~6094%
993,002149,西部材料,减亏,2016-03-29,-0.16,0
994,002353,杰瑞股份,预升,2016-03-29,0.06,-15%~15%
995,002671,龙泉股份,预盈,2016-03-29,-0.05,0
996,300291,华录百纳,预升,2016-03-29,0.06,30%~50%
997,002589,瑞康医药,预增,2016-03-29,0.215,50%~80%
998,300103,达刚路机,预增,2016-03-29,0.0089,140%~170%
999,002176,江特电机,预增,2016-03-29,0.034,90%~120%
1000,002596,海南瑞泽,预亏,2016-03-29,-0.04,0
1001,300089,文化长城,预升,2016-03-29,0.03,-10%~15%
1002,300328,宜安科技,预降,2016-03-29,0.0545,-30%~-10%
1003,600963,岳阳林纸,预盈,2016-03-29,-0.0937,0
1004,300416,苏试试验,预亏,2016-03-29,0.03,0
1005,300044,赛为智能,预增,2016-03-29,0.0159,60%~90%
1006,002120,韵达股份,预升,2016-03-29,0.06,-10%~20%
1007,300138,晨光生物,预增,2016-03-29,0.0274,206.51%~234.92%
1008,300015,爱尔眼科,预升,2016-03-29,0.13,30%~40%
1009,300230,永利股份,预增,2016-03-29,0.0496,120%~150%
1010,300480,光力科技,预升,2016-03-29,0.02,0%~20%
1011,002733,雄韬股份,预升,2016-03-29,0.14,0%~20%
1012,002578,闽发铝业,预降,2016-03-29,0.06,-70%~-40%
1013,002306,*ST云网,减亏,2016-03-29,-0.07,0
1014,300223,北京君正,预亏,2016-03-29,-0.023,0
1015,002136,安纳达,预亏,2016-03-29,-0.0628,0
1016,002241,歌尔股份,预降,2016-03-29,0.18,-30%~-10%
1017,002137,麦达数字,预盈,2016-03-29,-0.0004,0
1018,300307,慈星股份,预升,2016-03-29,0.05,0%~10%
1019,002535,林州重机,预减,2016-03-29,0.05,-124.88%~-75.12%
1020,002145,中核钛白,预亏,2016-03-29,-0.06,0
1021,002629,仁智股份,预亏,2016-03-29,-0.07,0
1022,002480,新筑股份,预亏,2016-03-29,-0.0603,0
1023,002360,同德化工,预降,2016-03-29,0.027000000000000003,-80%~-30%
1024,002597,金禾实业,预增,2016-03-29,0.14,220%~250%
1025,002119,康强电子,预增,2016-03-29,0.001,2581%~3475%
1026,002459,天业通联,预盈,2016-03-29,-0.02,0
1027,002457,青龙管业,预亏,2016-03-29,0.002,0
1028,002370,亚太药业,预增,2016-03-29,0.07,50%~80%
1029,002101,广东鸿图,预升,2016-03-29,0.13,15%~45%
1030,002711,欧浦智网,预增,2016-03-29,0.18,50%~80%
1031,002012,凯恩股份,预亏,2016-03-29,0.02,0
1032,002594,比亚迪,预增,2016-03-29,0.05,495.31%~644.13%
1033,002265,西仪股份,预盈,2016-03-29,-0.0146,0
1034,002470,金正大,预升,2016-03-29,0.42,20%~30%
1035,002548,金新农,预增,2016-03-29,0.05,97.49%~130.41%
1036,300221,银禧科技,预增,2016-03-29,0.04,404%~500%
1037,002355,兴民智通,预增,2016-03-28,0.02,80%~120%
1038,002449,国星光电,预升,2016-03-28,0.0803,0%~10%
1039,300200,高盟新材,预增,2016-03-28,0.0533,30%~60%
1040,300218,安利股份,预升,2016-03-28,0.0464,-20%~10%
1041,300289,利德曼,预升,2016-03-28,0.1,5%~30%
1042,300373,扬杰科技,预升,2016-03-28,0.19,20%~30%
1043,300378,鼎捷软件,减亏,2016-03-28,-0.1,0
1044,300436,广生堂,预升,2016-03-28,0.49,0%~10%
1045,300451,创业软件,预增,2016-03-28,0.04,-100%~79.88%
1046,300475,聚隆科技,预升,2016-03-28,0.19,-6.63%~0.29%
1047,300495,美尚生态,预增,2016-03-28,0.0932,220%~270%
1048,603701,德宏股份,预升,2016-03-28,0.24,-5%~5%
1049,603868,飞科电器,预升,2016-03-28,0.31,5%~20%
1050,002221,东华能源,预增,2016-03-28,0.03,200%~250%
1051,002262,恩华药业,预升,2016-03-28,0.1513,15%~30%
1052,300160,秀强股份,预增,2016-03-26,0.1161,38%~61%
1053,300208,恒顺众昇,预升,2016-03-26,0.24,20%~30%
1054,300190,维尔利,预增,2016-03-26,0.07,50%~80%
1055,300008,天海防务,预升,2016-03-26,0.025,0%~30%
1056,300127,银河磁体,预升,2016-03-26,0.06,20%~40%
1057,300253,卫宁健康,预升,2016-03-26,0.08,25%~50%
1058,002019,亿帆医药,预增,2016-03-26,0.19,50%~80%
1059,300147,香雪制药,预降,2016-03-26,0.08,-20%~0%
1060,002362,汉王科技,预盈,2016-03-26,-0.01,0
1061,002439,启明星辰,预亏,2016-03-26,-0.02,0
1062,002756,永兴特钢,预升,2016-03-26,0.34,-10%~10%
1063,300482,万孚生物,预升,2016-03-26,0.31,0%~25%
1064,002028,思源电气,预升,2016-03-26,0.09,-20%~10%
1065,002173,创新医疗,预盈,2016-03-26,-0.03,0
1066,300286,安科瑞,预升,2016-03-26,0.1,0%~20%
1067,002614,蒙发利,预升,2016-03-26,0.004,6%~37%
1068,002466,天齐锂业,预增,2016-03-26,0.1151,819.39%~866.42%
1069,300210,森远股份,预降,2016-03-25,0.1,-10%~0%
1070,300392,腾信股份,预升,2016-03-25,0.22,30%~50%
1071,300092,科新机电,预增,2016-03-25,0.01,46.99%~74.55%
1072,002338,奥普光电,预升,2016-03-25,0.11,0%~20%
1073,300067,安诺其,预降,2016-03-25,0.12,-35%~-25%
1074,300209,天泽信息,预增,2016-03-25,0.0,312.51%~341.45%
1075,002558,世纪游轮,减亏,2016-03-25,-0.35,25%~45%
1076,300455,康拓红外,预升,2016-03-25,0.0754,20%~40%
1077,300293,蓝英装备,预降,2016-03-25,0.04,-50%~-20%
1078,002602,世纪华通,预增,2016-03-25,0.11,90%~130%
1079,300320,海达股份,预升,2016-03-25,0.152,-5%~5%
1080,300117,嘉寓股份,预升,2016-03-25,0.03,-11.97%~7.6%
1081,002590,万安科技,预升,2016-03-25,0.08,20%~50%
1082,000838,财信发展,预盈,2016-03-25,-0.0477,285.47%~355.02%
1083,002463,沪电股份,预盈,2016-03-25,-0.02,145.53%~166.77%
1084,300066,三川智慧,预升,2016-03-25,0.08,20%~40%
1085,300139,晓程科技,预减,2016-03-25,0.28,-95%~-75%
1086,300150,世纪瑞尔,预减,2016-03-25,0.03,-85%~-55%
1087,300237,美晨科技,预增,2016-03-25,0.08,87.01%~111.62%
1088,300339,润和软件,预增,2016-03-25,0.04,90%~120%
1089,300207,欣旺达,预增,2016-03-25,0.0844,100%~130%
1090,300052,中青宝,预降,2016-03-25,0.02,-50%~-20%
1091,002323,雅百特,预盈,2016-03-25,0.038,0
1092,300476,胜宏科技,预升,2016-03-25,0.25,35%~49%
1093,002205,国统股份,预亏,2016-03-25,-0.0855,-40%~-10%
1094,002491,通鼎互联,预增,2016-03-25,0.0694,190%~240%
1095,002043,兔宝宝,预增,2016-03-25,0.01,300%~350%
1096,002451,摩恩电气,预降,2016-03-25,0.016,-50%~0%
1097,300262,巴安水务,预增,2016-03-24,0.033,30%~60%
1098,002093,国脉科技,预增,2016-03-24,0.021,50%~100%
1099,300114,中航电测,预升,2016-03-24,0.057,0%~20%
1100,300081,恒信移动,预盈,2016-03-24,-0.05,114.16%~142.47%
1101,300027,华谊兄弟,预升,2016-03-24,0.2,0%~20%
1102,002189,利达光电,预亏,2016-03-24,-0.005,0
1103,600595,中孚实业,预盈,2016-03-24,-0.0253,0
1104,002159,三特索道,减亏,2016-03-24,-0.15,0
1105,002053,云南能投,预增,2016-03-24,0.065,213.68%~263.21%
1106,002206,海利得,预升,2016-03-24,0.12,20%~40%
1107,300267,尔康制药,预增,2016-03-24,0.0992,68%~98%
1108,002502,骅威文化,预增,2016-03-23,0.02,310%~360%
1109,300034,钢研高纳,预升,2016-03-23,0.0639,-1.86%~3.05%
1110,300056,三维丝,预降,2016-03-23,0.09699999999999999,-30%~0%
1111,300368,汇金股份,预亏,2016-03-23,-0.06,0
1112,002061,江山化工,减亏,2016-03-23,-0.08,0
1113,300026,红日药业,预升,2016-03-23,0.15,25%~45%
1114,002772,众兴菌业,预增,2016-03-23,0.2035,75%~95%
1115,300247,乐金健康,预升,2016-03-23,0.0262,20%~50%
1116,300236,上海新阳,预增,2016-03-23,0.0625,108.99%~136.85%
1117,300091,金通灵,预增,2016-03-22,0.05,100.54%~119.89%
1118,300222,科大智能,预增,2016-03-22,0.07,185%~205%
1119,300256,星星科技,预升,2016-03-22,0.0609,-27.23%~9.16%
1120,002151,北斗星通,预亏,2016-03-22,-0.05,0
1121,300037,新宙邦,预增,2016-03-22,0.07,320%~340%
1122,300101,振芯科技,预升,2016-03-22,0.0642,0.85%~28.86%
1123,300036,超图软件,预盈,2016-03-22,-0.013999999999999999,0
1124,300466,赛摩电气,预降,2016-03-22,0.07,-20%~0%
1125,300249,依米康,预盈,2016-03-22,-0.03,0
1126,300213,佳讯飞鸿,预升,2016-03-22,0.02,15%~35%
1127,002473,*ST圣莱,预亏,2016-03-22,-0.02,0
1128,002051,中工国际,预升,2016-03-22,0.19,0%~30%
1129,002583,海能达,预亏,2016-03-22,-0.09,0
1130,002313,日海通讯,预盈,2016-03-22,-0.05,0
1131,002184,海得控制,预升,2016-03-22,0.0397,0%~30%
1132,002092,中泰化学,预盈,2016-03-22,-0.075,0
1133,002569,步森股份,预亏,2016-03-22,0.02,0
1134,002294,信立泰,预升,2016-03-22,0.48,10%~20%
1135,002383,合众思壮,预亏,2016-03-22,-0.0701,0
1136,002534,杭锅股份,预减,2016-03-22,0.11,-72.86%~-59.3%
1137,300017,网宿科技,预增,2016-03-22,0.4128,40%~70%
1138,300491,通合科技,预增,2016-03-22,0.07,35%~65%
1139,002743,富煌钢构,预增,2016-03-22,0.02,150%~200%
1140,002342,巨力索具,预升,2016-03-21,0.01,0%~30%
1141,002751,易尚展示,预亏,2016-03-21,0.09,0
1142,300410,正业科技,预升,2016-03-21,0.0287,10%~30%
1143,300255,常山药业,预升,2016-03-19,0.13,10%~30%
1144,300184,力源信息,预降,2016-03-19,0.05,-32.28%~-16.65%
1145,300045,华力创通,预增,2016-03-19,0.02,45%~75%
1146,300059,东方财富,预降,2016-03-19,0.1174,-74.84%~-34.59%
1147,300019,硅宝科技,预升,2016-03-19,0.0722,0%~20%
1148,300393,中来股份,预升,2016-03-18,0.23,28.18%~46.49%
1149,002157,正邦科技,预盈,2016-03-18,-0.11,0
1150,002255,海陆重工,预升,2016-03-18,0.045,20%~30%
1151,300398,飞凯材料,预降,2016-03-18,0.3,-35%~-10%
1152,300149,量子高科,预增,2016-03-18,0.036000000000000004,30%~60%
1153,002068,黑猫股份,预亏,2016-03-18,0.01,0
1154,300365,恒华科技,预增,2016-03-18,0.02,30%~60%
1155,300488,恒锋工具,预升,2016-03-18,0.23,-10%~10%
1156,300120,经纬电材,预减,2016-03-18,0.0078,-80%~-60%
1157,002243,通产丽星,预盈,2016-03-18,-0.0377,0
1158,300104,乐视网,预升,2016-03-18,0.11,10%~40%
1159,002295,精艺股份,减亏,2016-03-18,-0.0324,0
1160,300472,新元科技,预减,2016-03-18,0.13,-83.81%~-53.74%
1161,300215,电科院,预盈,2016-03-18,-0.01,0
1162,300458,全志科技,预升,2016-03-17,0.32,0.25%~20.03%
1163,300025,华星创业,预升,2016-03-17,0.02,0%~20%
1164,300422,博世科,预升,2016-03-17,0.068,0%~15%
1165,300225,金力泰,预升,2016-03-17,0.0621,-20%~10%
1166,002188,巴士在线,预盈,2016-03-17,-0.03,0
1167,002148,北纬通信,预减,2016-03-17,0.03,-100%~-50%
1168,002568,百润股份,预亏,2016-03-17,0.08,0
1169,002513,蓝丰生化,预盈,2016-03-16,-0.02,0
1170,300403,地尔汉宇,预升,2016-03-16,0.2408,28%~40%
1171,300072,三聚环保,预增,2016-03-16,0.2012,90.5%~110.03%
1172,300176,鸿特精密,预增,2016-03-16,0.0518,124.83%~151.81%
1173,300216,千山药机,预升,2016-03-16,0.09,0%~25%
1174,300080,易成新能,预增,2016-03-16,0.0006,70.88%~1608.82%
1175,002252,上海莱士,预升,2016-03-16,0.27699999999999997,-25%~5%
1176,300428,四通新材,预升,2016-03-16,0.25,1%~10%
1177,300143,星河生物,预增,2016-03-16,0.0085,218.95%~617.65%
1178,002649,博彦科技,预减,2016-03-16,0.45,-80%~-50%
1179,002141,贤丰控股,预亏,2016-03-16,-0.0169,0
1180,300024,机器人,预升,2016-03-16,0.08,5%~25%
1181,300375,鹏翎股份,预升,2016-03-15,0.3516,-10.2%~2.63%
1182,002196,方正电机,预增,2016-03-15,0.031,220%~270%
1183,300172,中电环保,预升,2016-03-15,0.026000000000000002,25%~40%
1184,002633,申科股份,减亏,2016-03-15,-0.04,0
1185,002169,智光电气,预增,2016-03-15,0.0055,100%~130%
1186,603798,康普顿,预升,2016-03-15,0.37,-5%~5%
1187,300296,利亚德,预增,2016-03-15,0.11,120%~150%
1188,300421,力星股份,预升,2016-03-15,0.10800000000000001,5%~10%
1189,300073,当升科技,预盈,2016-03-15,-0.0241,0
1190,300383,光环新网,预增,2016-03-15,0.2,162.72%~185.36%
1191,300244,迪安诊断,预增,2016-03-15,0.13,30%~60%
1192,002356,赫美集团,预增,2016-03-15,0.0,511.89%~686.71%
1193,002562,兄弟科技,预增,2016-03-15,0.06,150%~180%
1194,300068,南都电源,预增,2016-03-15,0.05,100%~130%
1195,300087,荃银高科,预升,2016-03-15,0.0094,0.7%~27.55%
1196,300116,坚瑞沃能,预亏,2016-03-12,0.018000000000000002,-133.21%~-116.6%
1197,300360,炬华科技,预升,2016-03-12,0.18,5%~35%
1198,002555,三七互娱,预增,2016-03-12,0.27899999999999997,105.05%~154.65%
1199,300322,硕贝德,预盈,2016-03-12,-0.04,235%~280%
1200,300430,诚益通,预升,2016-03-11,0.23,0%~10%
1201,300219,鸿利智汇,预增,2016-03-11,0.1111,110%~140%
1202,300245,天玑科技,预降,2016-03-11,0.0446,-30%~0%
1203,300111,向日葵,预盈,2016-03-11,-0.03,0
1204,300457,赢合科技,预升,2016-03-11,0.17,23.12%~46.41%
1205,603028,赛福天,预升,2016-03-11,0.05,-15%~15%
1206,300414,中光防雷,预升,2016-03-10,0.368,-19.97%~10.03%
1207,300314,戴维医疗,预升,2016-03-10,0.11,-10%~10%
1208,300105,龙源技术,预亏,2016-03-10,-0.04,0
1209,002256,兆新股份,预升,2016-03-10,0.048,20%~50%
1210,300316,晶盛机电,预增,2016-03-10,0.044000000000000004,30%~60%
1211,300238,冠昊生物,预升,2016-03-10,0.07,-10%~10%
1212,002537,海立美达,预降,2016-03-10,0.38,-72%~-42%
1213,002564,天沃科技,预亏,2016-03-10,0.03,0
1214,002125,湘潭电化,预盈,2016-03-10,-0.02,0
1215,002417,三元达,减亏,2016-03-10,-0.16,0
1216,002354,天神娱乐,预增,2016-03-10,0.33,63.51%~111.19%
1217,002172,澳洋科技,预盈,2016-03-10,-0.01,0
1218,002791,坚朗五金,预亏,2016-03-10,-0.04,0
1219,002421,达实智能,预增,2016-03-09,0.0672,50%~100%
1220,002114,罗平锌电,减亏,2016-03-09,-0.06,0
1221,300484,蓝海华腾,预增,2016-03-09,0.25,34.58%~117.39%
1222,002792,通宇通讯,预降,2016-03-09,0.5,-20%~-10%
1223,300408,三环集团,预升,2016-03-09,0.38,30%~40%
1224,002182,云海金属,预增,2016-03-08,0.0128,413.65%~462.31%
1225,300335,迪森股份,预升,2016-03-08,0.0581,-10%~10%
1226,002341,新纶科技,预增,2016-03-08,0.0259,100%~150%
1227,300269,联建光电,预增,2016-03-08,0.15,92.86%~118.33%
1228,002233,塔牌集团,预减,2016-03-08,0.1162,-100%~-50%
1229,002090,金智科技,预减,2016-03-08,0.2626,-70%~-50%
1230,002021,中捷资源,预亏,2016-03-08,-0.02,0
1231,002740,爱迪尔,预升,2016-03-07,0.12,-25%~25%
1232,300506,名家汇,预升,2016-03-07,0.1054,0%~30%
1233,300163,先锋新材,预升,2016-03-05,0.02,10%~40%
1234,300148,天舟文化,预减,2016-03-05,0.132,-81%~-61%
1235,002683,宏大爆破,预亏,2016-03-05,0.07,0
1236,002260,德奥通航,减亏,2016-03-05,-0.0512,0
1237,002539,云图控股,预升,2016-03-05,0.14,10%~40%
1238,300033,同花顺,预增,2016-03-04,0.25,60%~120%
1239,300283,温州宏丰,预降,2016-03-04,0.03,-50%~-20%
1240,300144,宋城演艺,预增,2016-03-03,0.17,90%~120%
1241,300432,富临精工,预升,2016-03-03,0.47,10%~40%
1242,300441,鲍斯股份,预降,2016-03-03,0.11,-30%~-10%
1243,300009,安科生物,预增,2016-03-03,0.0618,32.96%~62.13%
1244,300485,赛升药业,预升,2016-03-03,0.51,0%~10%
1245,002426,胜利精密,预增,2016-03-03,0.0461,317.9%~361.89%
1246,300131,英唐智控,预增,2016-03-03,0.0024,6962.32%~6992.05%
1247,300278,华昌达,预升,2016-03-03,0.08,-18.33%~2.67%
1248,002468,申通快递,预亏,2016-03-02,-0.016,0
1249,300203,聚光科技,预增,2016-03-02,0.01,90%~120%
1250,300077,国民技术,预增,2016-03-02,0.04,135.82%~165.29%
1251,603861,白云电器,预升,2016-03-02,0.0802,-10%~10%
1252,002108,沧州明珠,预增,2016-03-01,0.09,200%~250%
1253,300204,舒泰神,预升,2016-03-01,0.15,0%~20%
1254,300122,智飞生物,预增,2016-03-01,0.06,30%~60%
1255,002296,辉煌科技,预增,2016-03-01,0.0106,50%~80%
1256,300284,苏交科,预升,2016-02-29,0.08,20%~40%
1257,300191,潜能恒信,预盈,2016-02-29,-0.0168,160%~190%
1258,002109,兴化股份,预亏,2016-02-29,-0.0778,0
1259,300014,亿纬锂能,预升,2016-02-29,0.07,20%~40%
1260,002309,中利集团,预盈,2016-02-29,-0.09,111.85%~117.77%
1261,300113,顺网科技,预增,2016-02-29,0.121,130%~180%
1262,002335,科华恒盛,预增,2016-02-29,0.05,100%~150%
1263,002577,雷柏科技,预盈,2016-02-29,-0.0168,0
1264,002061,江山化工,减亏,2016-02-29,-0.08,0
1265,002236,大华股份,预增,2016-02-29,0.09,80%~110%
1266,002240,威华股份,预亏,2016-02-29,-0.006,0
1267,300146,汤臣倍健,预升,2016-02-27,0.3,-5%~15%
1268,002340,格林美,预增,2016-02-27,0.05,40%~70%
1269,300259,新天科技,预升,2016-02-27,0.05,20%~50%
1270,300243,瑞丰高材,预升,2016-02-27,0.04,-10%~20%
1271,300331,苏大维格,预增,2016-02-27,0.004,920%~950%
1272,300095,华伍股份,预升,2016-02-27,0.0451,7.94%~29.52%
1273,002138,顺络电子,预增,2016-02-27,0.06,40%~70%
1274,002006,精功科技,预增,2016-02-27,0.005,100.21%~300.42%
1275,300336,新文化,预升,2016-02-27,0.18,10%~30%
1276,002640,跨境通,预增,2016-02-27,0.13,208%~258%
1277,300228,富瑞特装,预亏,2016-02-27,0.23,0
1278,300193,佳士科技,预升,2016-02-27,0.06,-10%~10%
1279,300162,雷曼股份,预升,2016-02-27,0.052000000000000005,15%~45%
1280,300233,金城医药,预降,2016-02-26,0.3,-30%~0%
1281,300175,朗源股份,预降,2016-02-26,0.0171,-50%~-20%
1282,002261,拓维信息,预减,2016-02-26,0.25,-65%~-50%
1283,002536,西泵股份,预增,2016-02-26,0.16,50%~100%
1284,300121,阳谷华泰,预升,2016-02-26,0.02,0%~30%
1285,300273,和佳股份,预降,2016-02-25,0.13,-30%~-10%
1286,300140,中环装备,预亏,2016-02-25,0.0001,0
1287,300453,三鑫医疗,预升,2016-02-25,0.16,-10%~10%
1288,002667,鞍重股份,预减,2016-02-25,0.15,-120%~-70%
1289,002714,牧原股份,预盈,2016-02-25,-0.08,0
1290,601020,华钰矿业,预盈,2016-02-25,0.01,0
1291,300363,博腾股份,预升,2016-02-24,0.1146,30%~40%
1292,300132,青松股份,预降,2016-02-24,0.0131,-49%~-19%
1293,300443,金雷风电,预升,2016-02-24,0.6,-10%~20%
1294,300324,旋极信息,预增,2016-02-23,0.006999999999999999,2100%~2130%
1295,300161,华中数控,预亏,2016-02-23,-0.1114,0
1296,300118,东方日升,预盈,2016-02-23,-0.0315,0
1297,300271,华宇软件,预增,2016-02-23,0.13,30%~60%
1298,300054,鼎龙股份,预升,2016-02-23,0.085,10%~30%
1299,002171,楚江新材,预盈,2016-02-23,-0.008,0
1300,002414,高德红外,预亏,2016-02-23,-0.0149,0
1301,002789,建艺集团,预升,2016-02-23,0.39,-15%~8%
1302,002674,兴业科技,预减,2016-02-23,0.0131,-100%~-50%
1303,002280,联络互动,预增,2016-02-23,0.21,58.97%~75.59%
1304,603919,金徽酒,预升,2016-02-22,0.33,0
1305,300349,金卡智能,预升,2016-02-20,0.1196,-15%~15%
1306,300376,易事特,预升,2016-02-19,0.14,20%~50%
1307,300502,新易盛,预升,2016-02-19,0.43,-11.21%~0.89%
1308,300503,昊志机电,预升,2016-02-19,0.12,0
1309,300437,清水源,预升,2016-02-19,0.183,0%~10%
1310,603520,司太立,预盈,2016-02-18,0.38,0
1311,300450,先导智能,预增,2016-02-17,0.4849,77.92%~106.23%
1312,002790,瑞尔特,预升,2016-02-17,0.2336,-5%~5%
1313,603027,千禾味业,预升,2016-02-17,0.1584,-10%~10%
1314,300227,光韵达,预亏,2016-02-06,0.0154,-260%~-230%
1315,002231,奥维通信,预亏,2016-02-06,-0.0143,0
1316,002015,霞客环保,减亏,2016-02-05,-0.06,0
1317,002676,顺威股份,预亏,2016-02-05,0.04,0
1318,300125,易世达,减亏,2016-02-04,-0.16,0
1319,300023,宝德股份,预增,2016-02-04,0.01,0
1320,002643,万润股份,预增,2016-02-04,0.08,260%~310%
1321,300501,海顺新材,预升,2016-02-03,0.331,0%~10%
1322,300500,启迪设计,预盈,2016-02-03,0.18,0
1323,300367,东方网力,预升,2016-02-03,0.2151,10%~40%
1324,002349,精华制药,预增,2016-02-02,0.052000000000000005,50%~100%
1325,300298,三诺生物,预升,2016-01-30,0.1648,20%~50%
1326,002577,雷柏科技,预盈,2016-01-29,-0.0168,0
1327,300351,永贵电器,预升,2016-01-28,0.0618,0%~30%
1328,300301,长方集团,预增,2016-01-27,0.0263,77.69%~105.03%
1329,002359,齐星铁塔,预盈,2016-01-25,-0.03,136.78%~173.56%
1330,603608,天创时尚,预降,2016-01-22,0.06,-28%~-18%
1331,002192,融捷股份,预盈,2016-01-22,-0.07,0
1332,002788,鹭燕医药,预升,2016-01-21,0.22,0%~10%
1333,601900,南方传媒,预升,2016-01-20,0.16,0%~5%
1334,603377,东方时尚,预降,2016-01-20,0.15,-10%~-5%
