,code,name,area
0,600637,东方明珠,上海
1,002561,徐家汇,上海
2,300493,润欣科技,上海
3,601727,上海电气,上海
4,600615,丰华股份,上海
5,600601,方正科技,上海
6,300067,安诺其,上海
7,600530,交大昂立,上海
8,600620,天宸股份,上海
9,601607,上海医药,上海
10,600665,天地源,上海
11,002324,普利特,上海
12,600844,*ST丹科,上海
13,603690,至纯科技,上海
14,600320,振华重工,上海
15,600655,豫园商城,上海
16,600605,汇通能源,上海
17,300336,新文化,上海
18,600834,申通地铁,上海
19,300126,锐奇股份,上海
20,300008,天海防务,上海
21,603108,润达医疗,上海
22,600635,大众公用,上海
23,600073,上海梅林,上海
24,603886,元祖股份,上海
25,601872,招商轮船,上海
26,603003,龙宇燃油,上海
27,600097,开创国际,上海
28,600676,交运股份,上海
29,603009,北特科技,上海
30,600675,中华企业,上海
31,600104,上汽集团,上海
32,300627,华测导航,上海
33,300380,安硕信息,上海
34,600663,陆家嘴,上海
35,603987,康德莱,上海
36,603515,欧普照明,上海
37,603633,徕木股份,上海
38,600630,龙头股份,上海
39,603881,数据港,上海
40,600654,*ST中安,上海
41,600653,申华控股,上海
42,603030,全筑股份,上海
43,002195,二三四五,上海
44,600741,华域汽车,上海
45,600836,界龙实业,上海
46,300551,古鳌科技,上海
47,600150,中国船舶,上海
48,600503,华丽家族,上海
49,600748,上实发展,上海
50,002605,姚记扑克,上海
51,600490,鹏欣资源,上海
52,300590,移为通信,上海
53,600688,上海石化,上海
54,600822,上海物贸,上海
55,000863,三湘印象,上海
56,601519,*ST智慧,上海
57,603022,新通联,上海
58,300642,透景生命,上海
59,300327,中颖电子,上海
60,600835,上海机电,上海
61,300168,万达信息,上海
62,600650,锦江投资,上海
63,600848,上海临港,上海
64,600643,爱建集团,上海
65,600613,神奇制药,上海
66,600636,*ST爱富,上海
67,600696,*ST匹凸,上海
68,600634,富控互动,上海
69,600532,宏达矿业,上海
70,600695,绿庭投资,上海
71,600846,同济科技,上海
72,600608,*ST沪科,上海
73,002506,协鑫集成,上海
74,300442,普丽盛,上海
75,600018,上港集团,上海
76,002162,悦心健康,上海
77,600680,*ST上普,上海
78,600845,宝信软件,上海
79,600851,海欣股份,上海
80,600618,氯碱化工,上海
81,603128,华贸物流,上海
82,600624,复旦复华,上海
83,002401,中远海科,上海
84,300129,泰胜风能,上海
85,300059,东方财富,上海
86,600841,上柴股份,上海
87,600196,复星医药,上海
88,600278,东方创业,上海
89,300017,网宿科技,上海
90,600081,东风科技,上海
91,600626,申达股份,上海
92,002184,海得控制,上海
93,600826,兰生股份,上海
94,600692,亚通股份,上海
95,002058,威 尔 泰,上海
96,601616,广电电气,上海
97,600833,第一医药,上海
98,002451,摩恩电气,上海
99,601866,中远海发,上海
100,600823,世茂股份,上海
101,002116,中国海诚,上海
102,603718,海利生物,上海
103,600649,城投控股,上海
104,300245,天玑科技,上海
105,300039,上海凯宝,上海
106,600837,海通证券,上海
107,300330,华虹计通,上海
108,002706,良信电器,上海
109,300171,东富龙,上海
110,603885,吉祥航空,上海
111,600882,广泽股份,上海
112,300508,维宏股份,上海
113,600500,中化国际,上海
114,000668,荣丰控股,上海
115,600827,百联股份,上海
116,600272,开开实业,上海
117,601231,环旭电子,上海
118,002346,柘中股份,上海
119,600628,新世界,上海
120,600517,置信电气,上海
121,600850,华东电脑,上海
122,002278,神开股份,上海
123,300180,华峰超纤,上海
124,603330,上海天洋,上海
125,600819,耀皮玻璃,上海
126,603887,城地股份,上海
127,601595,上海电影,上海
128,600284,浦东建设,上海
129,601788,光大证券,上海
130,300262,巴安水务,上海
131,600640,号百控股,上海
132,601211,国泰君安,上海
133,300226,上海钢联,上海
134,002636,金安国纪,上海
135,603012,创力集团,上海
136,603729,龙韵股份,上海
137,600838,上海九百,上海
138,603868,飞科电器,上海
139,603159,上海亚虹,上海
140,300578,会畅通讯,上海
141,603991,至正股份,上海
142,002252,上海莱士,上海
143,300286,安科瑞,上海
144,600619,海立股份,上海
145,300501,海顺新材,上海
146,600689,上海三毛,上海
147,300225,金力泰,上海
148,002527,新时达,上海
149,600623,华谊集团,上海
150,601328,交通银行,上海
151,600679,上海凤凰,上海
152,600088,中视传媒,上海
153,600824,益民集团,上海
154,600641,万业企业,上海
155,600661,新南洋,上海
156,600611,大众交通,上海
157,600170,上海建工,上海
158,300511,雪榕生物,上海
159,600638,新黄浦,上海
160,600622,嘉宝集团,上海
161,002028,思源电气,上海
162,600818,中路股份,上海
163,600612,老凤祥,上海
164,600708,光明地产,上海
165,002669,康达新材,上海
166,002825,纳尔股份,上海
167,300483,沃施股份,上海
168,600614,鹏起科技,上海
169,300222,科大智能,上海
170,300230,永利股份,上海
171,002328,新朋股份,上海
172,600648,外高桥,上海
173,600651,飞乐音响,上海
174,603232,格尔软件,上海
175,603918,金桥信息,上海
176,002568,百润股份,上海
177,600825,新华传媒,上海
178,600050,中国联通,上海
179,600000,浦发银行,上海
180,600621,华鑫股份,上海
181,600639,浦东金桥,上海
182,600604,市北高新,上海
183,600629,华建集团,上海
184,603039,泛微网络,上海
185,600652,游久游戏,上海
186,600210,紫江企业,上海
187,300326,凯利泰,上海
188,600061,国投安信,上海
189,600420,现代制药,上海
190,002565,顺灏股份,上海
191,300609,汇纳科技,上海
192,600820,隧道股份,上海
193,300613,富瀚微,上海
194,300236,上海新阳,上海
195,300272,开能环保,上海
196,600606,绿地控股,上海
197,300170,汉得信息,上海
198,002269,美邦服饰,上海
199,300469,信息发展,上海
200,600754,锦江股份,上海
201,600895,张江高科,上海
202,600732,*ST新梅,上海
203,603196,日播时尚,上海
204,603197,保隆科技,上海
205,603855,华荣股份,上海
206,601601,中国太保,上海
207,600094,大名城,上海
208,603728,鸣志电器,上海
209,002454,松芝股份,上海
210,600119,长江投资,上海
211,603501,韦尔股份,上海
212,603579,荣泰健康,上海
213,002178,延华智能,上海
214,603006,联明股份,上海
215,601200,上海环境,上海
216,300398,飞凯材料,上海
217,600171,XD上海贝,上海
218,300074,华平股份,上海
219,300462,华铭智能,上海
220,600026,中远海能,上海
221,600072,中船科技,上海
222,600021,上海电力,上海
223,600662,强生控股,上海
224,603960,克来机电,上海
225,300153,科泰电源,上海
226,601229,上海银行,上海
227,600816,安信信托,上海
228,600647,同达创业,上海
229,600151,航天机电,上海
230,600602,云赛智联,上海
231,601968,宝钢包装,上海
232,300061,康耐特,上海
233,600597,光明乳业,上海
234,600642,申能股份,上海
235,600115,东方航空,上海
236,300378,鼎捷软件,上海
237,601021,春秋航空,上海
238,002486,嘉麟杰,上海
239,603131,上海沪工,上海
240,600193,创兴资源,上海
241,603020,爱普股份,上海
242,603899,晨光文具,上海
243,600958,东方证券,上海
244,600767,*ST运盛,上海
245,600616,金枫酒业,上海
246,300253,卫宁健康,上海
247,600610,中毅达,上海
248,600508,上海能源,上海
249,603777,来伊份,上海
250,600009,上海机场,上海
251,603189,网达软件,上海
252,002022,科华生物,上海
253,603037,凯众股份,上海
254,600843,上工申贝,上海
255,002858,力盛赛车,上海
256,600315,上海家化,上海
257,002158,汉钟精机,上海
258,600019,宝钢股份,上海
259,600265,ST景谷,云南
260,002059,云南旅游,云南
261,002750,龙津药业,云南
262,000807,云铝股份,云南
263,600792,云煤能源,云南
264,002053,云南能投,云南
265,002033,丽江旅游,云南
266,300142,沃森生物,云南
267,002727,一心堂,云南
268,000903,云内动力,云南
269,600995,文山电力,云南
270,002428,云南锗业,云南
271,600459,贵研铂业,云南
272,002812,创新股份,云南
273,000878,云南铜业,云南
274,600883,博闻科技,云南
275,000560,昆百大Ａ,云南
276,600422,昆药集团,云南
277,300505,川金诺,云南
278,600096,云天化,云南
279,002200,云投生态,云南
280,000948,南天信息,云南
281,002265,西仪股份,云南
282,000667,美好置业,云南
283,002114,罗平锌电,云南
284,601099,太平洋,云南
285,600725,ST云维,云南
286,600497,驰宏锌锗,云南
287,000960,锡业股份,云南
288,600239,云南城投,云南
289,600806,*ST昆机,云南
290,000538,云南白药,云南
291,000975,银泰资源,内蒙
292,600988,赤峰黄金,内蒙
293,000426,兴业矿业,内蒙
294,600887,伊利股份,内蒙
295,000611,*ST天首,内蒙
296,300049,福瑞股份,内蒙
297,600295,鄂尔多斯,内蒙
298,600291,西水股份,内蒙
299,002128,露天煤业,内蒙
300,300355,蒙草生态,内蒙
301,002688,金河生物,内蒙
302,600201,生物股份,内蒙
303,600277,亿利洁能,内蒙
304,000683,远兴能源,内蒙
305,300239,东宝生物,内蒙
306,600863,内蒙华电,内蒙
307,600328,兰太实业,内蒙
308,600010,包钢股份,内蒙
309,000780,*ST平能,内蒙
310,600111,北方稀土,内蒙
311,600967,内蒙一机,内蒙
312,600191,华资实业,内蒙
313,600091,ST明科,内蒙
314,600262,北方股份,内蒙
315,601216,君正集团,内蒙
316,300204,舒泰神,北京
317,000620,新华联,北京
318,300010,立思辰,北京
319,600980,北矿科技,北京
320,000931,中 关 村,北京
321,300058,蓝色光标,北京
322,601818,光大银行,北京
323,600271,航天信息,北京
324,300287,飞利信,北京
325,600405,动力源,北京
326,603979,金诚信,北京
327,300071,华谊嘉信,北京
328,600206,有研新材,北京
329,002405,四维图新,北京
330,300369,绿盟科技,北京
331,601628,中国人寿,北京
332,600658,电子城,北京
333,601888,中国国旅,北京
334,002721,金一文化,北京
335,300445,康斯特,北京
336,300365,恒华科技,北京
337,300003,乐普医疗,北京
338,000008,神州高铁,北京
339,600159,大龙地产,北京
340,600028,中国石化,北京
341,600489,中金黄金,北京
342,300200,高盟新材,北京
343,600764,中电广通,北京
344,300384,三联虹普,北京
345,601985,中国核电,北京
346,601126,四方股份,北京
347,300289,利德曼,北京
348,600743,华远地产,北京
349,601111,中国国航,北京
350,300383,光环新网,北京
351,300318,博晖创新,北京
352,600855,航天长峰,北京
353,300011,鼎汉技术,北京
354,600085,同仁堂,北京
355,002662,京威股份,北京
356,601881,中国银河,北京
357,600138,中青旅,北京
358,601718,际华集团,北京
359,601886,江河集团,北京
360,002186,全 聚 德,北京
361,300231,银信科技,北京
362,300229,拓尔思,北京
363,601988,中国银行,北京
364,600861,北京城乡,北京
365,600299,安迪苏,北京
366,002829,星网宇达,北京
367,601588,北辰实业,北京
368,601989,中国重工,北京
369,600313,农发种业,北京
370,601186,中国铁建,北京
371,600195,中牧股份,北京
372,603888,新华网,北京
373,002739,万达院线,北京
374,300431,暴风集团,北京
375,300251,光线传媒,北京
376,300455,康拓红外,北京
377,600058,五矿发展,北京
378,601390,中国中铁,北京
379,002392,北京利尔,北京
380,002279,久其软件,北京
381,600007,中国国贸,北京
382,000046,泛海控股,北京
383,601800,中国交建,北京
384,300444,双杰电气,北京
385,300608,思特奇,北京
386,300223,北京君正,北京
387,600886,国投电力,北京
388,601336,新华保险,北京
389,002701,奥瑞金,北京
390,600288,大恒科技,北京
391,601766,中国中车,北京
392,603778,乾景园林,北京
393,300150,世纪瑞尔,北京
394,600055,万东医疗,北京
395,601939,建设银行,北京
396,601117,中国化学,北京
397,300449,汉邦高科,北京
398,603698,航天工程,北京
399,600246,万通地产,北京
400,000729,燕京啤酒,北京
401,000969,安泰科技,北京
402,600270,外运发展,北京
403,000666,经纬纺机,北京
404,600578,京能电力,北京
405,300302,同有科技,北京
406,002065,东华软件,北京
407,600376,首开股份,北京
408,300485,赛升药业,北京
409,603803,瑞斯康达,北京
410,601858,中国科传,北京
411,300392,腾信股份,北京
412,600240,华业资本,北京
413,300139,晓程科技,北京
414,300523,辰安科技,北京
415,002771,真视通,北京
416,300036,超图软件,北京
417,002151,北斗星通,北京
418,300379,东方通,北京
419,000725,京东方Ａ,北京
420,300073,当升科技,北京
421,300430,诚益通,北京
422,601288,农业银行,北京
423,601169,北京银行,北京
424,300542,新晨科技,北京
425,600011,华能国际,北京
426,300456,耐威科技,北京
427,601898,中煤能源,北京
428,000609,绵石投资,北京
429,300034,钢研高纳,北京
430,002462,嘉事堂,北京
431,601998,中信银行,北京
432,600511,国药股份,北京
433,603818,曲美家居,北京
434,300352,北信源,北京
435,603138,海量数据,北京
436,600062,华润双鹤,北京
437,601088,中国神华,北京
438,600900,长江电力,北京
439,600166,福田汽车,北京
440,603377,东方时尚,北京
441,600730,中国高科,北京
442,000402,金 融 街,北京
443,300552,万集科技,北京
444,601398,工商银行,北京
445,601668,中国建筑,北京
446,300005,探路者,北京
447,600977,中国电影,北京
448,300079,数码视讯,北京
449,600723,首商股份,北京
450,300344,太空板业,北京
451,002738,中矿资源,北京
452,000838,财信发展,北京
453,601857,中国石油,北京
454,300477,合纵科技,北京
455,600463,空港股份,北京
456,600008,首创股份,北京
457,000882,华联股份,北京
458,002271,东方雨虹,北京
459,000860,顺鑫农业,北京
460,603588,高能环境,北京
461,000916,华北高速,北京
462,600015,华夏银行,北京
463,601101,昊华能源,北京
464,300157,恒泰艾普,北京
465,600485,信威集团,北京
466,601992,金隅股份,北京
467,002310,东方园林,北京
468,002051,中工国际,北京
469,300324,旋极信息,北京
470,000786,北新建材,北京
471,002612,朗姿股份,北京
472,002599,盛通股份,北京
473,300166,东方国信,北京
474,300055,万邦达,北京
475,000802,北京文化,北京
476,300070,碧水源,北京
477,603598,引力传媒,北京
478,002066,瑞泰科技,北京
479,603098,森特股份,北京
480,601991,大唐发电,北京
481,601226,华电重工,北京
482,000798,中水渔业,北京
483,300472,新元科技,北京
484,300312,邦讯技术,北京
485,600588,用友网络,北京
486,002658,雪迪龙,北京
487,300048,合康新能,北京
488,601558,*ST锐电,北京
489,002383,合众思壮,北京
490,002385,大北农,北京
491,300002,神州泰岳,北京
492,600890,中房股份,北京
493,002642,荣之联,北京
494,002306,*ST云网,北京
495,002371,北方华创,北京
496,600016,民生银行,北京
497,002554,惠博普,北京
498,300117,嘉寓股份,北京
499,002373,千方科技,北京
500,300191,潜能恒信,北京
501,300156,神雾环保,北京
502,300332,天壕环境,北京
503,300399,京天利,北京
504,600435,北方导航,北京
505,300038,梅泰诺,北京
506,603025,大豪科技,北京
507,002148,北纬通信,北京
508,300593,新雷能,北京
509,600361,华联综超,北京
510,000605,渤海股份,北京
511,000839,中信国安,北京
512,002504,*ST弘高,北京
513,300513,恒泰实达,北京
514,603060,国检集团,北京
515,601198,东兴证券,北京
516,300045,华力创通,北京
517,300541,先进数通,北京
518,002657,中科金财,北京
519,600258,首旅酒店,北京
520,300612,宣亚国际,北京
521,002439,启明星辰,北京
522,300370,安控科技,北京
523,002819,东方中科,北京
524,601669,中国电建,北京
525,002362,汉王科技,北京
526,603000,人民网,北京
527,000065,北方国际,北京
528,002410,广联达,北京
529,600100,同方股份,北京
530,002038,双鹭药业,北京
531,300075,数字政通,北京
532,000970,中科三环,北京
533,600410,华胜天成,北京
534,000959,首钢股份,北京
535,600860,*ST京城,北京
536,600582,天地科技,北京
537,600657,信达地产,北京
538,000938,紫光股份,北京
539,600560,金自天正,北京
540,600962,国投中鲁,北京
541,601611,中国核建,北京
542,300465,高伟达,北京
543,300579,数字认证,北京
544,600118,中国卫星,北京
545,600859,王府井,北京
546,600536,中国软件,北京
547,603986,兆易创新,北京
548,600429,三元股份,北京
549,300374,恒通科技,北京
550,300016,北陆药业,北京
551,002665,首航节能,北京
552,603903,中持股份,北京
553,300212,易华录,北京
554,000996,中国中期,北京
555,300282,汇冠股份,北京
556,600056,中国医药,北京
557,300213,佳讯飞鸿,北京
558,002350,北京科锐,北京
559,600198,大唐电信,北京
560,300419,浩丰科技,北京
561,002573,清新环境,北京
562,000758,中色股份,北京
563,600791,京能置业,北京
564,300291,华录百纳,北京
565,300309,吉艾科技,北京
566,600386,北巴传媒,北京
567,600372,中航电子,北京
568,300271,华宇软件,北京
569,300418,昆仑万维,北京
570,300315,掌趣科技,北京
571,603569,长久物流,北京
572,300104,乐视网,北京
573,600037,歌华有线,北京
574,300182,捷成股份,北京
575,002542,中化岩土,北京
576,002780,三夫户外,北京
577,600871,石化油服,北京
578,603603,博天环境,北京
579,601618,中国中冶,北京
580,300353,东土科技,北京
581,300296,利亚德,北京
582,601908,京运通,北京
583,002713,东易日盛,北京
584,300367,东方网力,北京
585,300496,中科创达,北京
586,603616,韩建河山,北京
587,603123,翠微股份,北京
588,600266,北京城建,北京
589,002755,东方新星,北京
590,300364,中文在线,北京
591,000151,中成股份,北京
592,300386,飞天诚信,北京
593,002153,石基信息,北京
594,600161,天坛生物,北京
595,300065,海兰信,北京
596,601600,中国铝业,北京
597,000603,盛达矿业,北京
598,300406,九强生物,北京
599,002467,二六三,北京
600,601016,节能风电,北京
601,002649,博彦科技,北京
602,002368,太极股份,北京
603,603859,能科股份,北京
604,002707,众信旅游,北京
605,300072,三聚环保,北京
606,600742,一汽富维,吉林
607,600148,长春一东,吉林
608,600333,长春燃气,吉林
609,601518,吉林高速,吉林
610,000875,吉电股份,吉林
611,000669,金鸿能源,吉林
612,601929,吉视传媒,吉林
613,300396,迪瑞医疗,吉林
614,603559,中通国脉,吉林
615,002232,启明信息,吉林
616,600189,吉林森工,吉林
617,600697,欧亚集团,吉林
618,000420,吉林化纤,吉林
619,000545,金浦钛业,吉林
620,000718,苏宁环球,吉林
621,600856,中天能源,吉林
622,600360,华微电子,吉林
623,000800,一汽轿车,吉林
624,000686,东北证券,吉林
625,600881,亚泰集团,吉林
626,000631,顺发恒业,吉林
627,600110,诺德股份,吉林
628,002501,利源精制,吉林
629,603099,长白山,吉林
630,300510,金冠电气,吉林
631,000766,通化金马,吉林
632,002566,益盛药业,吉林
633,000661,长春高新,吉林
634,002622,融钰集团,吉林
635,002118,紫鑫药业,吉林
636,600247,ST成城,吉林
637,600215,长春经开,吉林
638,000623,吉林敖东,吉林
639,002338,奥普光电,吉林
640,600365,通葡股份,吉林
641,300108,双龙股份,吉林
642,600432,*ST吉恩,吉林
643,000928,中钢国际,吉林
644,000030,富奥股份,吉林
645,300597,吉大通信,吉林
646,600867,通化东宝,吉林
647,000546,金圆股份,吉林
648,600875,东方电气,四川
649,300425,环能科技,四川
650,300535,达威股份,四川
651,300434,金石东方,四川
652,300249,依米康,四川
653,600438,通威股份,四川
654,600321,国栋建设,四川
655,000835,长城动漫,四川
656,000801,四川九洲,四川
657,601107,四川成渝,四川
658,002246,北化股份,四川
659,002386,天原集团,四川
660,000155,*ST川化,四川
661,000629,*ST钒钛,四川
662,000790,泰合健康,四川
663,600505,西昌电力,四川
664,600828,茂业商业,四川
665,002773,康弘药业,四川
666,002798,帝王洁具,四川
667,300366,创意信息,四川
668,002259,升达林业,四川
669,000876,新 希 望,四川
670,600804,鹏博士,四川
671,300092,科新机电,四川
672,000628,高新发展,四川
673,002422,科伦药业,四川
674,300440,运达科技,四川
675,300467,迅游科技,四川
676,600039,四川路桥,四川
677,002749,国光股份,四川
678,002539,云图控股,四川
679,300432,富临精工,四川
680,000510,金路集团,四川
681,600331,宏达股份,四川
682,000803,*ST金宇,四川
683,002630,华西能源,四川
684,601208,东材科技,四川
685,002357,富临运业,四川
686,600678,四川金顶,四川
687,300414,中光防雷,四川
688,600378,天科股份,四川
689,600674,川投能源,四川
690,300463,迈克生物,四川
691,000935,四川双马,四川
692,002628,成都路桥,四川
693,002697,红旗连锁,四川
694,000858,五 粮 液,四川
695,600528,中铁工业,四川
696,600839,四川长虹,四川
697,603027,千禾味业,四川
698,002466,天齐锂业,四川
699,002366,台海核电,四川
700,600139,西部资源,四川
701,600733,S*ST前锋,四川
702,600793,宜宾纸业,四川
703,002272,川润股份,四川
704,300470,日机密封,四川
705,002258,利尔化学,四川
706,000912,泸天化,四川
707,300559,佳发安泰,四川
708,600131,岷江水电,四川
709,002253,川大智胜,四川
710,000888,峨眉山Ａ,四川
711,300492,山鼎设计,四川
712,002480,新筑股份,四川
713,300127,银河磁体,四川
714,600137,浪莎股份,四川
715,000598,兴蓉环境,四川
716,000693,*ST华泽,四川
717,002023,海特高新,四川
718,000509,华塑控股,四川
719,603077,和邦生物,四川
720,300022,吉峰农机,四川
721,002818,富森美,四川
722,300502,新易盛,四川
723,600353,旭光股份,四川
724,600391,航发科技,四川
725,300101,振芯科技,四川
726,002651,利君股份,四川
727,002190,成飞集成,四川
728,600702,沱牌舍得,四川
729,000731,四川美丰,四川
730,300540,深冷股份,四川
731,002312,*ST三泰,四川
732,000757,浩物股份,四川
733,300362,天翔环境,四川
734,002497,雅化集团,四川
735,002268,卫 士 通,四川
736,600093,易见股份,四川
737,600101,明星电力,四川
738,000593,大通燃气,四川
739,000810,创维数字,四川
740,300019,硅宝科技,四川
741,600466,蓝光发展,四川
742,000710,*ST天仪,四川
743,601811,新华文轩,四川
744,603333,明星电缆,四川
745,300547,川环科技,四川
746,300471,厚普股份,四川
747,000586,汇源通信,四川
748,300028,金亚科技,四川
749,600558,大西洋,四川
750,000568,泸州老窖,四川
751,600779,水井坊,四川
752,600109,国金证券,四川
753,002143,印纪传媒,四川
754,600979,广安爱众,四川
755,002777,久远银海,四川
756,600880,博瑞传播,四川
757,600644,乐山电力,四川
758,300026,红日药业,天津
759,600645,中源协和,天津
760,603019,XD中科曙,天津
761,002393,力生制药,天津
762,300120,经纬电材,天津
763,300334,津膜科技,天津
764,600488,天药股份,天津
765,600874,创业环保,天津
766,002821,凯莱英,天津
767,000927,一汽夏利,天津
768,000897,津滨发展,天津
769,600800,天津磁卡,天津
770,002337,赛象科技,天津
771,600468,百利电气,天津
772,000652,泰达股份,天津
773,300596,利安隆,天津
774,300119,瑞普生物,天津
775,601919,中远海控,天津
776,603096,新经典,天津
777,603969,银龙股份,天津
778,600158,中体产业,天津
779,603126,中材节能,天津
780,600787,中储股份,天津
781,000836,鑫茂科技,天津
782,601808,中海油服,天津
783,002134,*ST普林,天津
784,002510,天汽模,天津
785,002129,中环股份,天津
786,600717,天津港,天津
787,600751,天海投资,天津
788,600535,天士力,天津
789,300375,鹏翎股份,天津
790,000965,天保基建,天津
791,300407,凯发电气,天津
792,600583,海油工程,天津
793,002820,桂发祥,天津
794,600322,天房发展,天津
795,000537,广宇发展,天津
796,600329,中新药业,天津
797,300195,长荣股份,天津
798,000695,滨海能源,天津
799,600225,*ST松江,天津
800,600335,国机汽车,天津
801,002432,九安医疗,天津
802,603727,博迈科,天津
803,600821,津劝业,天津
804,600082,海泰发展,天津
805,000815,美利云,宁夏
806,002457,青龙管业,宁夏
807,600165,新日恒力,宁夏
808,600785,新华百货,宁夏
809,000595,*ST宝实,宁夏
810,600146,商赢环球,宁夏
811,000557,西部创业,宁夏
812,000962,东方钽业,宁夏
813,000982,*ST 中绒,宁夏
814,000635,英 力 特,宁夏
815,000862,银星能源,宁夏
816,600449,宁夏建材,宁夏
817,002042,华孚色纺,安徽
818,600761,安徽合力,安徽
819,002538,司尔特,安徽
820,002541,鸿路钢构,安徽
821,002690,美亚光电,安徽
822,600983,惠而浦,安徽
823,002014,永新股份,安徽
824,000930,中粮生化,安徽
825,000521,美菱电器,安徽
826,603589,口子窖,安徽
827,300577,开润股份,安徽
828,603031,安德利,安徽
829,000850,华茂股份,安徽
830,000153,丰原药业,安徽
831,300475,聚隆科技,安徽
832,600444,国机通用,安徽
833,002597,金禾实业,安徽
834,002147,新光圆成,安徽
835,300595,欧普康视,安徽
836,000713,丰乐种业,安徽
837,603429,集友股份,安徽
838,600985,雷鸣科化,安徽
839,300009,安科生物,安徽
840,300274,阳光电源,安徽
841,600237,铜峰电子,安徽
842,002230,科大讯飞,安徽
843,600063,皖维高新,安徽
844,002557,洽洽食品,安徽
845,600971,恒源煤电,安徽
846,600218,全柴动力,安徽
847,000868,安凯客车,安徽
848,600054,黄山旅游,安徽
849,600552,凯盛科技,安徽
850,601801,皖新传媒,安徽
851,603198,迎驾贡酒,安徽
852,000887,中鼎股份,安徽
853,300088,长信科技,安徽
854,600255,鑫科材料,安徽
855,002140,东华科技,安徽
856,600577,XD精达股,安徽
857,002760,凤形股份,安徽
858,002571,*ST德力,安徽
859,002018,华信国际,安徽
860,600575,皖江物流,安徽
861,600318,新力金融,安徽
862,300388,国祯环保,安徽
863,600375,华菱星马,安徽
864,002331,皖通科技,安徽
865,002743,富煌钢构,安徽
866,600551,时代出版,安徽
867,600567,山鹰纸业,安徽
868,600199,金种子酒,安徽
869,002298,中电鑫龙,安徽
870,000543,皖能电力,安徽
871,000619,海螺型材,安徽
872,000979,中弘股份,安徽
873,300452,山河药辅,安徽
874,603656,泰禾光电,安徽
875,002136,安 纳 达,安徽
876,002347,泰尔股份,安徽
877,603011,合锻智能,安徽
878,002226,江南化工,安徽
879,002057,中钢天源,安徽
880,603308,应流股份,安徽
881,600496,精工钢构,安徽
882,600502,安徽水利,安徽
883,002361,神剑股份,安徽
884,300090,盛运环保,安徽
885,002555,三七互娱,安徽
886,600808,马钢股份,安徽
887,603199,九华旅游,安徽
888,300247,乐金健康,安徽
889,000728,国元证券,安徽
890,600012,皖通高速,安徽
891,603768,常青股份,安徽
892,600520,中发科技,安徽
893,300520,科大国创,安徽
894,000859,国风塑业,安徽
895,600990,四创电子,安徽
896,002208,合肥城建,安徽
897,000596,古井贡酒,安徽
898,002171,楚江新材,安徽
899,600585,海螺水泥,安徽
900,600470,六国化工,安徽
901,000630,铜陵有色,安徽
902,002817,黄山胶囊,安徽
903,000980,金马股份,安徽
904,603599,广信股份,安徽
905,300218,安利股份,安徽
906,002352,顺丰控股,安徽
907,002607,亚夏汽车,安徽
908,300087,荃银高科,安徽
909,600909,华安证券,安徽
910,601918,新集能源,安徽
911,002556,辉隆股份,安徽
912,600418,江淮汽车,安徽
913,603689,皖天然气,安徽
914,000417,合肥百货,安徽
915,600547,山东黄金,山东
916,002094,青岛金王,山东
917,300233,金城医药,山东
918,002078,太阳纸业,山东
919,002339,积成电子,山东
920,000639,西王食品,山东
921,002521,齐峰新材,山东
922,002805,丰元股份,山东
923,002675,东诚药业,山东
924,002470,金正大,山东
925,600350,山东高速,山东
926,002330,得利斯,山东
927,300423,鲁亿通,山东
928,000488,晨鸣纸业,山东
929,601058,赛轮金宇,山东
930,000915,山大华特,山东
931,002083,孚日股份,山东
932,601163,三角轮胎,山东
933,002726,龙大肉食,山东
934,002545,东方铁塔,山东
935,002242,九阳股份,山东
936,002595,豪迈科技,山东
937,000506,中润资源,山东
938,002111,威海广泰,山东
939,000682,东方电子,山东
940,300285,国瓷材料,山东
941,000977,浪潮信息,山东
942,600600,青岛啤酒,山东
943,002072,凯瑞德,山东
944,002086,东方海洋,山东
945,600060,海信电器,山东
946,601678,滨化股份,山东
947,600807,天业股份,山东
948,600735,新华锦,山东
949,002088,鲁阳节能,山东
950,002589,瑞康医药,山东
951,600076,康欣新材,山东
952,002193,山东如意,山东
953,603086,N先达,山东
954,300224,正海磁材,山东
955,300185,通裕重工,山东
956,000407,胜利股份,山东
957,600219,南山铝业,山东
958,300479,神思电子,山东
959,000720,新能泰山,山东
960,000726,鲁 泰Ａ,山东
961,600783,鲁信创投,山东
962,600022,山东钢铁,山东
963,002481,双塔食品,山东
964,600690,青岛海尔,山东
965,600784,鲁银投资,山东
966,002746,仙坛股份,山东
967,603858,步长制药,山东
968,600529,山东药玻,山东
969,600789,鲁抗医药,山东
970,002353,杰瑞股份,山东
971,603026,石大胜华,山东
972,002026,山东威达,山东
973,000599,青岛双星,山东
974,603639,海利尔,山东
975,603798,康普顿,山东
976,002408,齐翔腾达,山东
977,002217,合力泰,山东
978,000822,山东海化,山东
979,600319,亚星化学,山东
980,000957,中通客车,山东
981,300321,同大股份,山东
982,600756,浪潮软件,山东
983,300443,金雷风电,山东
984,000409,山东地矿,山东
985,601966,玲珑轮胎,山东
986,600960,渤海活塞,山东
987,600966,博汇纸业,山东
988,603638,艾迪精密,山东
989,002382,蓝帆医疗,山东
990,603167,渤海轮渡,山东
991,000617,中油资本,山东
992,002838,道恩股份,山东
993,603577,汇金通,山东
994,300391,康跃科技,山东
995,000677,恒天海龙,山东
996,002107,沃华医药,山东
997,300099,精准信息,山东
998,000811,烟台冰轮,山东
999,603223,恒通股份,山东
1000,000756,新华制药,山东
1001,002498,汉缆股份,山东
1002,002537,海立美达,山东
1003,000416,民生控股,山东
1004,600336,澳柯玛,山东
1005,002526,山东矿机,山东
1006,002810,山东赫达,山东
1007,002374,丽鹏股份,山东
1008,300243,瑞丰高材,山东
1009,000338,潍柴动力,山东
1010,300001,特锐德,山东
1011,300208,恒顺众昇,山东
1012,600223,鲁商置业,山东
1013,002363,隆基机械,山东
1014,002581,未名医药,山东
1015,000951,中国重汽,山东
1016,300121,阳谷华泰,山东
1017,600180,瑞茂通,山东
1018,002490,*ST墨龙,山东
1019,000680,山推股份,山东
1020,002655,共达电声,山东
1021,002580,圣阳股份,山东
1022,002286,保龄宝,山东
1023,002476,宝莫股份,山东
1024,603708,家家悦,山东
1025,300308,中际装备,山东
1026,300105,龙源技术,山东
1027,600586,金晶科技,山东
1028,300183,东软载波,山东
1029,600385,山东金泰,山东
1030,603029,天鹅股份,山东
1031,000423,东阿阿胶,山东
1032,002469,三维工程,山东
1033,002237,恒邦股份,山东
1034,600448,华纺股份,山东
1035,002588,史丹利,山东
1036,600766,园城黄金,山东
1037,300237,美晨科技,山东
1038,002359,齐星铁塔,山东
1039,002671,龙泉股份,山东
1040,600017,日照港,山东
1041,300659,中孚信息,山东
1042,300569,天能重工,山东
1043,002643,万润股份,山东
1044,000498,山东路桥,山东
1045,300653,正海生物,山东
1046,002283,天润曲轴,山东
1047,300175,朗源股份,山东
1048,002041,登海种业,山东
1049,002604,龙力生物,山东
1050,002376,新北洋,山东
1051,002241,歌尔股份,山东
1052,002234,民和股份,山东
1053,600898,三联商社,山东
1054,600727,鲁北化工,山东
1055,603779,威龙股份,山东
1056,002485,希努尔,山东
1057,300343,联创互联,山东
1058,002458,益生股份,山东
1059,603113,N金能,山东
1060,002254,泰和新材,山东
1061,002117,东港股份,山东
1062,600426,华鲁恒升,山东
1063,000655,金岭矿业,山东
1064,600777,新潮能源,山东
1065,600579,天华院,山东
1066,600587,新华医疗,山东
1067,002270,华明装备,山东
1068,002073,软控股份,山东
1069,002598,山东章鼓,山东
1070,603421,鼎信通讯,山东
1071,300214,日科化学,山东
1072,600188,兖州煤业,山东
1073,600858,银座股份,山东
1074,600229,城市传媒,山东
1075,603586,金麒麟,山东
1076,000880,潍柴重机,山东
1077,603021,山东华鹏,山东
1078,600986,科达股份,山东
1079,002379,*ST鲁丰,山东
1080,600027,华电国际,山东
1081,600308,华泰股份,山东
1082,002248,*ST东数,山东
1083,300583,赛托生物,山东
1084,600467,好当家,山东
1085,002355,兴民智通,山东
1086,600212,江泉实业,山东
1087,000830,鲁西化工,山东
1088,601366,利群股份,山东
1089,600760,中航黑豹,山东
1090,600309,万华化学,山东
1091,002871,N伟隆,山东
1092,002768,国恩股份,山东
1093,000869,张 裕Ａ,山东
1094,000554,泰山石油,山东
1095,300110,华仁药业,山东
1096,600157,永泰能源,山西
1097,002500,山西证券,山西
1098,600809,山西汾酒,山西
1099,600351,亚宝药业,山西
1100,600169,太原重工,山西
1101,000825,太钢不锈,山西
1102,600495,晋西车轴,山西
1103,000831,五矿稀土,山西
1104,600123,兰花科创,山西
1105,600281,太化股份,山西
1106,000737,南风化工,山西
1107,600348,阳泉煤业,山西
1108,000403,ST生化,山西
1109,600617,国新能源,山西
1110,000755,*ST三维,山西
1111,000968,*ST煤气,山西
1112,000723,美锦能源,山西
1113,600780,通宝能源,山西
1114,000673,当代东方,山西
1115,601699,潞安环能,山西
1116,002753,永东股份,山西
1117,000983,西山煤电,山西
1118,002640,跨境通,山西
1119,600546,山煤国际,山西
1120,000767,漳泽电力,山西
1121,002360,同德化工,山西
1122,300254,仟源医药,山西
1123,600392,盛和资源,山西
1124,000795,英洛华,山西
1125,600691,阳煤化工,山西
1126,300486,东杰智能,山西
1127,300158,振东制药,山西
1128,600408,安泰集团,山西
1129,600234,ST山水,山西
1130,601006,大秦铁路,山西
1131,601001,大同煤业,山西
1132,600740,山西焦化,山西
1133,600539,狮头股份,山西
1134,002209,达 意 隆,广东
1135,000861,海印股份,广东
1136,300149,量子高科,广东
1137,300458,全志科技,广东
1138,002076,雪 莱 特,广东
1139,000659,*ST中富,广东
1140,002141,贤丰控股,广东
1141,002260,德奥通航,广东
1142,002684,猛狮科技,广东
1143,002181,粤 传 媒,广东
1144,600866,星湖科技,广东
1145,002723,金莱特,广东
1146,002348,高乐股份,广东
1147,002678,珠江钢琴,广东
1148,600083,博信股份,广东
1149,002400,省广股份,广东
1150,300093,金刚玻璃,广东
1151,002611,东方精工,广东
1152,300004,南风股份,广东
1153,300297,蓝盾股份,广东
1154,002512,达华智能,广东
1155,300053,欧比特,广东
1156,002638,勤上股份,广东
1157,002600,江粉磁材,广东
1158,002005,德豪润达,广东
1159,002732,燕塘乳业,广东
1160,002177,御银股份,广东
1161,000502,绿景控股,广东
1162,300089,文化长城,广东
1163,002836,新宏泽,广东
1164,002776,柏堡龙,广东
1165,603309,维力医疗,广东
1166,002668,奥马电器,广东
1167,002575,群兴玩具,广东
1168,300155,安居宝,广东
1169,002292,奥飞娱乐,广东
1170,603336,宏辉果蔬,广东
1171,300063,天龙集团,广东
1172,300057,万顺股份,广东
1173,600242,中昌数据,广东
1174,300242,明家联合,广东
1175,000973,佛塑科技,广东
1176,300359,全通教育,广东
1177,000601,韶能股份,广东
1178,002249,大洋电机,广东
1179,000690,宝新能源,广东
1180,000893,东凌国际,广东
1181,601515,东风股份,广东
1182,600098,广州发展,广东
1183,002031,巨轮智能,广东
1184,600894,广日股份,广东
1185,002084,海鸥卫浴,广东
1186,600323,瀚蓝环境,广东
1187,603833,欧派家居,广东
1188,000150,宜华健康,广东
1189,300043,星辉娱乐,广东
1190,300177,中海达,广东
1191,300464,星徽精密,广东
1192,300050,世纪鼎利,广东
1193,002345,潮宏基,广东
1194,002745,木林森,广东
1195,000636,风华高科,广东
1196,601900,南方传媒,广东
1197,000532,华金资本,广东
1198,300147,香雪制药,广东
1199,002616,长青集团,广东
1200,002544,杰赛科技,广东
1201,002741,光华科技,广东
1202,300410,正业科技,广东
1203,600868,梅雁吉祥,广东
1204,600978,宜华生活,广东
1205,000637,茂化实华,广东
1206,002666,德联集团,广东
1207,300460,惠伦晶体,广东
1208,002672,东江环保,广东
1209,002152,广电运通,广东
1210,002809,红墙股份,广东
1211,300448,浩云科技,广东
1212,300094,国联水产,广东
1213,000685,中山公用,广东
1214,002308,威创股份,广东
1215,600499,科达洁能,广东
1216,601238,广汽集团,广东
1217,002762,金发拉比,广东
1218,002791,坚朗五金,广东
1219,300328,宜安科技,广东
1220,000531,穗恒运Ａ,广东
1221,002063,远光软件,广东
1222,300529,健帆生物,广东
1223,600382,广东明珠,广东
1224,300176,鸿特精密,广东
1225,002187,广百股份,广东
1226,002465,海格通信,广东
1227,002030,达安基因,广东
1228,002511,中顺洁柔,广东
1229,002543,万和电气,广东
1230,603936,博敏电子,广东
1231,002715,登云股份,广东
1232,002683,宏大爆破,广东
1233,300238,冠昊生物,广东
1234,300625,三雄极光,广东
1235,300310,宜通世纪,广东
1236,002503,搜于特,广东
1237,000782,美达股份,广东
1238,002212,南洋股份,广东
1239,000523,广州浪奇,广东
1240,600433,冠豪高新,广东
1241,300246,宝莱特,广东
1242,002446,盛路通信,广东
1243,603861,白云电器,广东
1244,002862,实丰文化,广东
1245,300424,航新科技,广东
1246,002180,艾派克,广东
1247,002670,国盛金控,广东
1248,300482,万孚生物,广东
1249,300014,亿纬锂能,广东
1250,300281,金明精机,广东
1251,000100,TCL 集团,广东
1252,000828,东莞控股,广东
1253,002792,通宇通讯,广东
1254,002441,众业达,广东
1255,000712,锦龙股份,广东
1256,603002,宏昌电子,广东
1257,002295,精艺股份,广东
1258,002584,西陇科学,广东
1259,002502,骅威文化,广东
1260,002759,天际股份,广东
1261,002870,香山股份,广东
1262,002433,太安堂,广东
1263,002579,中京电子,广东
1264,300499,高澜股份,广东
1265,300417,南华仪器,广东
1266,002717,岭南园林,广东
1267,300616,尚品宅配,广东
1268,000717,韶钢松山,广东
1269,002420,毅昌股份,广东
1270,002495,佳隆股份,广东
1271,002676,顺威股份,广东
1272,000524,岭南控股,广东
1273,300273,和佳股份,广东
1274,002169,智光电气,广东
1275,002492,恒基达鑫,广东
1276,002017,东信和平,广东
1277,300381,溢多利,广东
1278,603838,四通股份,广东
1279,300619,金银河,广东
1280,002461,珠江啤酒,广东
1281,002757,南兴装备,广东
1282,603328,依顿电子,广东
1283,000987,越秀金控,广东
1284,000573,粤宏远Ａ,广东
1285,300219,鸿利智汇,广东
1286,002425,凯撒文化,广东
1287,300409,道氏技术,广东
1288,002709,天赐材料,广东
1289,300146,汤臣倍健,广东
1290,300561,汇金科技,广东
1291,300606,金太阳,广东
1292,300639,凯普生物,广东
1293,000541,佛山照明,广东
1294,002663,普邦股份,广东
1295,002449,国星光电,广东
1296,002841,视源股份,广东
1297,002431,棕榈股份,广东
1298,000534,万泽股份,广东
1299,300404,博济医药,广东
1300,002167,东方锆业,广东
1301,002233,塔牌集团,广东
1302,601228,广州港,广东
1303,002572,索菲亚,广东
1304,600728,佳都科技,广东
1305,002832,比音勒芬,广东
1306,002656,摩登大道,广东
1307,603630,拉芳家化,广东
1308,600185,格力地产,广东
1309,300403,地尔汉宇,广东
1310,000776,广发证券,广东
1311,000333,美的集团,广东
1312,002774,快意电梯,广东
1313,300098,高新兴,广东
1314,603898,好莱客,广东
1315,300586,美联新材,广东
1316,300438,鹏辉能源,广东
1317,603797,联泰环保,广东
1318,300376,易事特,广东
1319,600183,生益科技,广东
1320,002833,弘亚数控,广东
1321,002288,超华科技,广东
1322,603288,海天味业,广东
1323,002842,翔鹭钨业,广东
1324,600004,白云机场,广东
1325,300143,星河生物,广东
1326,600673,东阳光科,广东
1327,300620,光库科技,广东
1328,300030,阳普医疗,广东
1329,300476,胜宏科技,广东
1330,000539,粤电力Ａ,广东
1331,000921,海信科龙,广东
1332,300599,雄塑科技,广东
1333,300408,三环集团,广东
1334,000529,广弘控股,广东
1335,600589,广东榕泰,广东
1336,002035,华帝股份,广东
1337,600685,中船防务,广东
1338,300340,科恒股份,广东
1339,600872,中炬高新,广东
1340,000576,广东甘化,广东
1341,603322,超讯通信,广东
1342,300530,达志科技,广东
1343,000507,珠海港,广东
1344,300503,昊志机电,广东
1345,600143,金发科技,广东
1346,300335,迪森股份,广东
1347,600332,白云山,广东
1348,603920,世运电路,广东
1349,300083,劲胜精密,广东
1350,002016,世荣兆业,广东
1351,600684,珠江实业,广东
1352,300562,乐心医疗,广东
1353,002853,皮阿诺,广东
1354,300322,硕贝德,广东
1355,300311,任子行,广东
1356,002054,德美化工,广东
1357,600048,保利地产,广东
1358,002319,乐通股份,广东
1359,600325,华发股份,广东
1360,002027,分众传媒,广东
1361,000533,万 家 乐,广东
1362,002846,英联股份,广东
1363,300629,新劲刚,广东
1364,300591,万里马,广东
1365,002855,捷荣技术,广东
1366,002291,星期六,广东
1367,600393,粤泰股份,广东
1368,600518,康美药业,广东
1369,300173,智慧松德,广东
1370,600428,中远海特,广东
1371,002387,黑牛食品,广东
1372,002045,国光电器,广东
1373,002101,广东鸿图,广东
1374,300589,江龙船艇,广东
1375,002705,新宝股份,广东
1376,002824,和胜股份,广东
1377,000513,丽珠集团,广东
1378,000429,粤高速Ａ,广东
1379,002060,粤 水 电,广东
1380,002806,华锋股份,广东
1381,300635,达安股份,广东
1382,000823,超声电子,广东
1383,603268,松发股份,广东
1384,000976,春晖股份,广东
1385,002240,威华股份,广东
1386,002711,欧浦智网,广东
1387,300526,中潜股份,广东
1388,300498,温氏股份,广东
1389,002192,融捷股份,广东
1390,300221,银禧科技,广东
1391,002198,嘉应制药,广东
1392,300521,爱司凯,广东
1393,603038,华立股份,广东
1394,603398,邦宝益智,广东
1395,002311,海大集团,广东
1396,600029,南方航空,广东
1397,603608,天创时尚,广东
1398,002728,特一药业,广东
1399,300415,伊之密,广东
1400,002317,众生药业,广东
1401,000651,格力电器,广东
1402,300607,拓斯达,广东
1403,600236,桂冠电力,广西
1404,000978,桂林旅游,广西
1405,002592,八菱科技,广西
1406,000953,*ST河化,广西
1407,000662,天夏智慧,广西
1408,000716,黑芝麻,广西
1409,300422,博世科,广西
1410,600252,中恒集团,广西
1411,000806,银河生物,广西
1412,600368,五洲交通,广西
1413,000750,国海证券,广西
1414,600301,ST南化,广西
1415,002166,莱茵生物,广西
1416,603869,北部湾旅,广西
1417,601368,绿城水务,广西
1418,600249,两面针,广西
1419,600712,南宁百货,广西
1420,000528,柳 工,广西
1421,000582,北部湾港,广西
1422,600423,*ST柳化,广西
1423,603166,福达股份,广西
1424,002275,桂林三金,广西
1425,000703,恒逸石化,广西
1426,002696,百洋股份,广西
1427,000833,贵糖股份,广西
1428,600936,广西广电,广西
1429,600538,国发股份,广西
1430,601996,丰林集团,广西
1431,601003,柳钢股份,广西
1432,002175,东方网络,广西
1433,600556,ST慧球,广西
1434,000608,阳光股份,广西
1435,600310,桂东电力,广西
1436,603368,柳州医药,广西
1437,002329,皇氏集团,广西
1438,000911,南宁糖业,广西
1439,600339,中油工程,新疆
1440,002828,贝肯能源,新疆
1441,600075,新疆天业,新疆
1442,600506,香梨股份,新疆
1443,300159,新研股份,新疆
1444,000877,天山股份,新疆
1445,002524,光正集团,新疆
1446,603101,汇嘉时代,新疆
1447,600540,*ST新赛,新疆
1448,300603,立昂技术,新疆
1449,002092,中泰化学,新疆
1450,600337,美克家居,新疆
1451,000972,*ST中基,新疆
1452,600359,新农开发,新疆
1453,603032,德新交运,新疆
1454,002302,西部建设,新疆
1455,002700,新疆浩源,新疆
1456,600256,广汇能源,新疆
1457,002100,天康生物,新疆
1458,600778,友好集团,新疆
1459,002800,天顺股份,新疆
1460,600251,冠农股份,新疆
1461,000159,国际实业,新疆
1462,603393,新天然气,新疆
1463,600145,*ST新亿,新疆
1464,600581,八一钢铁,新疆
1465,600425,*ST青松,新疆
1466,600737,中粮糖业,新疆
1467,600084,中葡股份,新疆
1468,600419,天润乳业,新疆
1469,600721,百花村,新疆
1470,300313,天山生物,新疆
1471,300588,熙菱信息,新疆
1472,002307,北新路桥,新疆
1473,002207,*ST准油,新疆
1474,002205,国统股份,新疆
1475,603227,雪峰科技,新疆
1476,600545,新疆城建,新疆
1477,600509,天富能源,新疆
1478,600090,同济堂,新疆
1479,000415,渤海金控,新疆
1480,000813,德展健康,新疆
1481,601069,西部黄金,新疆
1482,600089,特变电工,新疆
1483,002202,金风科技,新疆
1484,002719,麦趣尔,新疆
1485,000166,申万宏源,新疆
1486,300106,西部牧业,新疆
1487,600888,新疆众和,新疆
1488,600197,伊力特,新疆
1489,300190,维尔利,江苏
1490,002024,苏宁云商,江苏
1491,600716,凤凰股份,江苏
1492,000418,小天鹅Ａ,江苏
1493,600973,宝胜股份,江苏
1494,002104,恒宝股份,江苏
1495,603900,通灵珠宝,江苏
1496,300325,德威新材,江苏
1497,300135,宝利国际,江苏
1498,002172,澳洋科技,江苏
1499,000910,大亚圣象,江苏
1500,600280,中央商场,江苏
1501,601928,凤凰传媒,江苏
1502,603990,麦迪科技,江苏
1503,300279,和晶科技,江苏
1504,002080,中材科技,江苏
1505,600475,华光股份,江苏
1506,600358,国旅联合,江苏
1507,002540,亚太科技,江苏
1508,600268,国电南自,江苏
1509,002391,长青股份,江苏
1510,002623,亚玛顿,江苏
1511,300305,裕兴股份,江苏
1512,002015,霞客环保,江苏
1513,300420,五洋科技,江苏
1514,002530,丰东股份,江苏
1515,300346,南大光电,江苏
1516,002808,苏州恒久,江苏
1517,603800,道森股份,江苏
1518,002071,长城影视,江苏
1519,002165,红 宝 丽,江苏
1520,300598,诚迈科技,江苏
1521,000919,金陵药业,江苏
1522,002156,通富微电,江苏
1523,300339,润和软件,江苏
1524,600389,江山股份,江苏
1525,300495,美尚生态,江苏
1526,300261,雅本化学,江苏
1527,002127,南极电商,江苏
1528,002839,张家港行,江苏
1529,300600,瑞特股份,江苏
1530,600200,江苏吴中,江苏
1531,002009,天奇股份,江苏
1532,300585,奥联电子,江苏
1533,000035,中国天楹,江苏
1534,600128,弘业股份,江苏
1535,002002,鸿达兴业,江苏
1536,600327,大东方,江苏
1537,002262,恩华药业,江苏
1538,300013,新宁物流,江苏
1539,600682,南京新百,江苏
1540,603878,武进不锈,江苏
1541,603699,纽威股份,江苏
1542,603355,莱克电气,江苏
1543,002491,通鼎互联,江苏
1544,603028,赛福天,江苏
1545,300265,通光线缆,江苏
1546,600562,国睿科技,江苏
1547,600527,江南高纤,江苏
1548,002483,润邦股份,江苏
1549,300228,富瑞特装,江苏
1550,300172,中电环保,江苏
1551,002553,南方轴承,江苏
1552,601100,恒立液压,江苏
1553,600959,江苏有线,江苏
1554,002367,康力电梯,江苏
1555,600794,保税科技,江苏
1556,600510,黑牡丹,江苏
1557,601007,金陵饭店,江苏
1558,002091,江苏国泰,江苏
1559,600557,康缘药业,江苏
1560,603369,今世缘,江苏
1561,600584,长电科技,江苏
1562,300429,强力新材,江苏
1563,000936,华西股份,江苏
1564,600862,中航高科,江苏
1565,600746,江苏索普,江苏
1566,600889,南京化纤,江苏
1567,002516,旷达科技,江苏
1568,002519,银河电子,江苏
1569,603518,维格娜丝,江苏
1570,300160,秀强股份,江苏
1571,002802,洪汇新材,江苏
1572,601155,新城控股,江苏
1573,002450,康得新,江苏
1574,601599,鹿港文化,江苏
1575,600522,中天科技,江苏
1576,603819,神力股份,江苏
1577,002394,联发股份,江苏
1578,002304,洋河股份,江苏
1579,000585,东北电气,江苏
1580,603066,音飞储存,江苏
1581,300295,三六五网,江苏
1582,603416,信捷电气,江苏
1583,603389,亚振家居,江苏
1584,300260,新莱应材,江苏
1585,300631,久吾高科,江苏
1586,601199,江南水务,江苏
1587,300393,中来股份,江苏
1588,002635,安洁科技,江苏
1589,002223,鱼跃医疗,江苏
1590,002559,亚威股份,江苏
1591,300394,天孚通信,江苏
1592,002309,中利集团,江苏
1593,603585,苏利股份,江苏
1594,000570,苏常柴Ａ,江苏
1595,600282,南钢股份,江苏
1596,601555,东吴证券,江苏
1597,002496,辉丰股份,江苏
1598,603203,快克股份,江苏
1599,300331,苏大维格,江苏
1600,300507,苏奥传感,江苏
1601,002290,中科新材,江苏
1602,000425,徐工机械,江苏
1603,600276,恒瑞医药,江苏
1604,603188,亚邦股份,江苏
1605,600370,三房巷,江苏
1606,603041,美思德,江苏
1607,600074,保千里,江苏
1608,300354,东华测试,江苏
1609,002333,罗普斯金,江苏
1610,600533,栖霞建设,江苏
1611,300402,宝色股份,江苏
1612,000727,华东科技,江苏
1613,601700,风范股份,江苏
1614,002380,科远股份,江苏
1615,002478,常宝股份,江苏
1616,300416,苏试试验,江苏
1617,603366,日出东方,江苏
1618,002645,华宏科技,江苏
1619,002413,雷科防务,江苏
1620,300528,幸福蓝海,江苏
1621,000518,四环生物,江苏
1622,600398,海澜之家,江苏
1623,002445,中南文化,江苏
1624,300641,正丹股份,江苏
1625,300610,晨化股份,江苏
1626,600486,扬农化工,江苏
1627,603090,宏盛股份,江苏
1628,002077,大港股份,江苏
1629,601010,文峰股份,江苏
1630,300337,银邦股份,江苏
1631,601222,林洋能源,江苏
1632,600513,联环药业,江苏
1633,002315,焦点科技,江苏
1634,600213,亚星客车,江苏
1635,603660,苏州科达,江苏
1636,603339,四方冷链,江苏
1637,300618,寒锐钴业,江苏
1638,002395,双象股份,江苏
1639,603018,中设集团,江苏
1640,603313,梦百合,江苏
1641,300169,天晟新材,江苏
1642,002585,双星新材,江苏
1643,000890,法 尔 胜,江苏
1644,603519,立霸股份,江苏
1645,600105,永鼎股份,江苏
1646,300382,斯莱克,江苏
1647,002201,九鼎新材,江苏
1648,000961,中南建设,江苏
1649,603358,华达科技,江苏
1650,300537,广信材料,江苏
1651,000738,航发控制,江苏
1652,600487,亨通光电,江苏
1653,300128,锦富技术,江苏
1654,600501,航天晨光,江苏
1655,002708,光洋股份,江苏
1656,002608,江苏国信,江苏
1657,600300,维维股份,江苏
1658,601688,华泰证券,江苏
1659,300356,光一科技,江苏
1660,002610,爱康科技,江苏
1661,601218,吉鑫科技,江苏
1662,300211,亿通科技,江苏
1663,002211,宏达新材,江苏
1664,603958,哈森股份,江苏
1665,300342,天银机电,江苏
1666,600805,悦达投资,江苏
1667,002074,国轩高科,江苏
1668,300509,新美星,江苏
1669,603968,醋化股份,江苏
1670,002426,胜利精密,江苏
1671,002680,长生生物,江苏
1672,300292,吴通控股,江苏
1673,000551,创元科技,江苏
1674,300304,云意电气,江苏
1675,002409,雅克科技,江苏
1676,600250,南纺股份,江苏
1677,000626,远大控股,江苏
1678,002438,江苏神通,江苏
1679,002384,东山精密,江苏
1680,603117,万林股份,江苏
1681,002796,世嘉科技,江苏
1682,002652,扬子新材,江苏
1683,300651,金陵体育,江苏
1684,002182,云海金属,江苏
1685,300554,三超新材,江苏
1686,600406,国电南瑞,江苏
1687,600305,恒顺醋业,江苏
1688,300196,长海股份,江苏
1689,600220,江苏阳光,江苏
1690,600400,红豆股份,江苏
1691,000777,中核科技,江苏
1692,603007,花王股份,江苏
1693,002471,中超控股,江苏
1694,002531,天顺风能,江苏
1695,002274,华昌化工,江苏
1696,601128,常熟银行,江苏
1697,002576,通达动力,江苏
1698,002564,天沃科技,江苏
1699,002547,春兴精工,江苏
1700,300284,苏交科,江苏
1701,002349,精华制药,江苏
1702,603036,如通股份,江苏
1703,603626,科森科技,江苏
1704,603133,碳元科技,江苏
1705,603985,恒润股份,江苏
1706,300280,南通锻压,江苏
1707,600775,南京熊猫,江苏
1708,002692,睿康股份,江苏
1709,600401,*ST海润,江苏
1710,002499,科林环保,江苏
1711,002079,苏州固锝,江苏
1712,300584,海辰药业,江苏
1713,002807,江阴银行,江苏
1714,603299,井神股份,江苏
1715,300549,优德精密,江苏
1716,002513,蓝丰生化,江苏
1717,300655,晶瑞股份,江苏
1718,002514,宝馨科技,江苏
1719,002221,东华能源,江苏
1720,600713,南京医药,江苏
1721,601009,南京银行,江苏
1722,300623,捷捷微电,江苏
1723,600970,中材国际,江苏
1724,002323,雅百特,江苏
1725,601500,通用股份,江苏
1726,002040,南 京 港,江苏
1727,603528,多伦科技,江苏
1728,000301,东方市场,江苏
1729,603078,江化微,江苏
1730,300580,贝斯特,江苏
1731,002081,金 螳 螂,江苏
1732,002090,金智科技,江苏
1733,002075,沙钢股份,江苏
1734,300447,全信股份,江苏
1735,002631,德尔未来,江苏
1736,000421,南京公用,江苏
1737,603111,康尼机电,江苏
1738,603828,柯利达,江苏
1739,603906,龙蟠科技,江苏
1740,603016,新宏泰,江苏
1741,002160,常铝股份,江苏
1742,600908,无锡银行,江苏
1743,603787,新日股份,江苏
1744,601028,玉龙股份,江苏
1745,300031,宝通科技,江苏
1746,600667,太极实业,江苏
1747,601799,星宇股份,江苏
1748,603158,腾龙股份,江苏
1749,300385,雪浪环境,江苏
1750,603323,吴江银行,江苏
1751,002484,江海股份,江苏
1752,600377,宁沪高速,江苏
1753,002089,新 海 宜,江苏
1754,603035,常熟汽饰,江苏
1755,300450,先导智能,江苏
1756,002546,新联电子,江苏
1757,600122,宏图高科,江苏
1758,600481,双良节能,江苏
1759,002293,罗莱生活,江苏
1760,002411,必康股份,江苏
1761,002722,金轮股份,江苏
1762,603005,晶方科技,江苏
1763,002044,美年健康,江苏
1764,600854,春兰股份,江苏
1765,600064,南京高科,江苏
1766,002435,长江润发,江苏
1767,000816,智慧农业,江苏
1768,002255,海陆重工,江苏
1769,000525,红 太 阳,江苏
1770,002464,金利科技,江苏
1771,300563,神宇股份,江苏
1772,603929,亚翔集成,江苏
1773,600287,江苏舜天,江苏
1774,603326,我乐家居,江苏
1775,002455,百川股份,江苏
1776,600736,苏州高新,江苏
1777,002866,传艺科技,江苏
1778,603488,展鹏科技,江苏
1779,002453,天马精化,江苏
1780,603688,石英股份,江苏
1781,600981,汇鸿集团,江苏
1782,300217,东方电热,江苏
1783,300029,天龙光电,江苏
1784,603966,法兰泰克,江苏
1785,300466,赛摩电气,江苏
1786,002747,埃斯顿,江苏
1787,300141,和顺电气,江苏
1788,300258,精锻科技,江苏
1789,601313,XD江南嘉,江苏
1790,002787,华源控股,江苏
1791,300320,海达股份,江苏
1792,300165,天瑞仪器,江苏
1793,300617,安靠智电,江苏
1794,601952,苏垦农发,江苏
1795,603017,中衡设计,江苏
1796,601388,怡球资源,江苏
1797,601008,连云港,江苏
1798,300421,力星股份,江苏
1799,603955,大千生态,江苏
1800,300390,天华超净,江苏
1801,600770,综艺股份,江苏
1802,002245,澳洋顺昌,江苏
1803,000700,模塑科技,江苏
1804,300209,天泽信息,江苏
1805,300201,海伦哲,江苏
1806,300240,飞力达,江苏
1807,300091,金通灵,江苏
1808,300373,扬杰科技,江苏
1809,601890,亚星锚链,江苏
1810,300192,科斯伍德,江苏
1811,002550,千红制药,江苏
1812,600710,*ST常林,江苏
1813,002659,中泰桥梁,江苏
1814,603269,海鸥股份,江苏
1815,002150,通润装备,江苏
1816,300555,路通视信,江苏
1817,603928,兴业股份,江苏
1818,600919,江苏银行,江苏
1819,600099,林海股份,江苏
1820,002734,利民股份,江苏
1821,002239,奥特佳,江苏
1822,603179,新泉股份,江苏
1823,300215,电科院,江苏
1824,600078,澄星股份,江苏
1825,300152,科融环境,江苏
1826,300500,启迪设计,江苏
1827,300522,世名科技,江苏
1828,000581,威孚高科,江苏
1829,002463,沪电股份,江苏
1830,000584,友利控股,江苏
1831,300575,中旗股份,江苏
1832,000681,视觉中国,江苏
1833,002685,华东重机,江苏
1834,603988,中电电机,江苏
1835,002778,高科石化,江苏
1836,600362,江西铜业,江西
1837,000829,天音控股,江西
1838,600316,洪都航空,江西
1839,000789,万年青,江西
1840,002378,章源钨业,江西
1841,300294,博雅生物,江西
1842,300066,三川智慧,江西
1843,000550,江铃汽车,江西
1844,000990,诚志股份,江西
1845,002748,世龙实业,江西
1846,600590,泰豪科技,江西
1847,600750,江中药业,江西
1848,000650,仁和药业,江西
1849,600363,联创光电,江西
1850,000404,华意压缩,江西
1851,600373,中文传媒,江西
1852,300095,华伍股份,江西
1853,002695,煌上煌,江西
1854,600053,九鼎投资,江西
1855,002068,黑猫股份,江西
1856,002157,正邦科技,江西
1857,600507,方大特钢,江西
1858,300636,同和药业,江西
1859,002460,赣锋锂业,江西
1860,600782,新钢股份,江西
1861,600071,凤凰光学,江西
1862,600461,洪城水业,江西
1863,000899,赣能股份,江西
1864,300453,三鑫医疗,江西
1865,002176,江特电机,江西
1866,603977,国泰集团,江西
1867,300497,富祥股份,江西
1868,600269,赣粤高速,江西
1869,002591,恒大高新,江西
1870,600561,江西长运,江西
1871,600397,安源煤业,江西
1872,600228,*ST昌九,江西
1873,300107,建新股份,河北
1874,000937,冀中能源,河北
1875,300491,通合科技,河北
1876,002342,巨力索具,河北
1877,002049,紫光国芯,河北
1878,300371,汇中股份,河北
1879,603385,惠达卫浴,河北
1880,600409,三友化工,河北
1881,300368,汇金股份,河北
1882,000856,冀东装备,河北
1883,002691,冀凯股份,河北
1884,600135,乐凯胶片,河北
1885,002442,龙星化工,河北
1886,000709,河钢股份,河北
1887,000413,东旭光电,河北
1888,600997,开滦股份,河北
1889,002494,华斯股份,河北
1890,002459,天业通联,河北
1891,000401,冀东水泥,河北
1892,000958,东方能源,河北
1893,000923,河北宣工,河北
1894,002146,荣盛发展,河北
1895,600803,新奥股份,河北
1896,600230,沧州大化,河北
1897,300446,乐凯新材,河北
1898,300255,常山药业,河北
1899,600149,*ST坊展,河北
1900,000687,华讯方舟,河北
1901,600722,金牛化工,河北
1902,000600,建投能源,河北
1903,600965,福成股份,河北
1904,600155,宝硕股份,河北
1905,600812,华北制药,河北
1906,002282,博深工具,河北
1907,601633,长城汽车,河北
1908,300138,晨光生物,河北
1909,300137,先河环保,河北
1910,600340,华夏幸福,河北
1911,300081,恒信移动,河北
1912,601000,唐山港,河北
1913,002603,以岭药业,河北
1914,600559,老白干酒,河北
1915,601258,庞大集团,河北
1916,600550,保变电气,河北
1917,002108,沧州明珠,河北
1918,600482,中国动力,河北
1919,000408,*ST金源,河北
1920,000158,常山股份,河北
1921,000778,新兴铸管,河北
1922,600480,凌云股份,河北
1923,300428,四通新材,河北
1924,000848,承德露露,河北
1925,603050,科林电气,河北
1926,000889,茂业通信,河北
1927,603658,安图生物,河南
1928,601608,中信重工,河南
1929,002087,新野纺织,河南
1930,000400,许继电气,河南
1931,000949,新乡化纤,河南
1932,002046,轴研科技,河南
1933,601375,中原证券,河南
1934,300109,新开源,河南
1935,603993,洛阳钼业,河南
1936,001896,豫能控股,河南
1937,300259,新天科技,河南
1938,300179,四方达,河南
1939,600469,风神股份,河南
1940,000612,焦作万方,河南
1941,603508,思维列控,河南
1942,600186,莲花健康,河南
1943,002535,林州重机,河南
1944,002582,好想你,河南
1945,600222,太龙药业,河南
1946,002477,雏鹰农牧,河南
1947,300064,豫金刚石,河南
1948,002536,西泵股份,河南
1949,601677,明泰铝业,河南
1950,002321,华英农业,河南
1951,002407,多氟多,河南
1952,600069,银鸽投资,河南
1953,600403,*ST大有,河南
1954,300263,隆华节能,河南
1955,600020,中原高速,河南
1956,300437,清水源,河南
1957,000933,神火股份,河南
1958,300248,新开普,河南
1959,002770,科迪乳业,河南
1960,002560,通达股份,河南
1961,002358,森源电气,河南
1962,603566,普莱柯,河南
1963,000895,双汇发展,河南
1964,600066,宇通客车,河南
1965,002225,濮耐股份,河南
1966,002179,中航光电,河南
1967,002216,三全食品,河南
1968,600595,中孚实业,河南
1969,600207,安彩高科,河南
1970,002406,远东传动,河南
1971,002448,中原内配,河南
1972,600121,*ST郑煤,河南
1973,000719,大地传媒,河南
1974,002613,北玻股份,河南
1975,600439,瑞贝卡,河南
1976,600876,洛阳玻璃,河南
1977,600172,黄河旋风,河南
1978,000544,中原环保,河南
1979,601666,平煤股份,河南
1980,601038,一拖股份,河南
1981,000885,同力水泥,河南
1982,002007,华兰生物,河南
1983,601717,郑煤机,河南
1984,600312,平高电气,河南
1985,600810,神马股份,河南
1986,600285,羚锐制药,河南
1987,300007,汉威电子,河南
1988,002189,利达光电,河南
1989,300480,光力科技,河南
1990,002132,恒星科技,河南
1991,002601,龙蟒佰利,河南
1992,600531,豫光金铅,河南
1993,002714,牧原股份,河南
1994,300481,濮阳惠成,河南
1995,300080,易成新能,河南
1996,002296,辉煌科技,河南
1997,000676,智度股份,河南
1998,600753,东方银星,河南
1999,600781,辅仁药业,河南
2000,002423,中原特钢,河南
2001,002857,三晖电气,河南
2002,600569,安阳钢铁,河南
2003,600633,浙数文化,浙江
2004,300451,创业软件,浙江
2005,002677,浙江美大,浙江
2006,002488,金固股份,浙江
2007,603667,五洲新春,浙江
2008,002801,微光股份,浙江
2009,002144,宏达高科,浙江
2010,002266,浙富控股,浙江
2011,600797,浙大网新,浙江
2012,603789,星光农机,浙江
2013,600208,新湖中宝,浙江
2014,002404,嘉欣丝绸,浙江
2015,300181,佐力药业,浙江
2016,603799,华友钴业,浙江
2017,300244,迪安诊断,浙江
2018,600352,浙江龙盛,浙江
2019,300548,博创科技,浙江
2020,000156,华数传媒,浙江
2021,603578,三星新材,浙江
2022,600023,浙能电力,浙江
2023,600176,中国巨石,浙江
2024,603208,江山欧派,浙江
2025,002276,万马股份,浙江
2026,603600,永艺股份,浙江
2027,002615,哈尔斯,浙江
2028,002641,永高股份,浙江
2029,002430,杭氧股份,浙江
2030,002043,兔 宝 宝,浙江
2031,000705,浙江震元,浙江
2032,600477,杭萧钢构,浙江
2033,300314,戴维医疗,浙江
2034,300587,天铁股份,浙江
2035,002131,利欧股份,浙江
2036,002624,完美世界,浙江
2037,603788,宁波高发,浙江
2038,002050,三花智控,浙江
2039,002840,华统股份,浙江
2040,002767,先锋电子,浙江
2041,000559,万向钱潮,浙江
2042,601137,博威合金,浙江
2043,002173,创新医疗,浙江
2044,002574,明牌珠宝,浙江
2045,002326,永太科技,浙江
2046,600216,浙江医药,浙江
2047,002563,森马服饰,浙江
2048,600926,杭州银行,浙江
2049,002570,贝因美,浙江
2050,603168,莎普爱思,浙江
2051,601877,正泰电器,浙江
2052,600160,巨化股份,浙江
2053,300626,华瑞股份,浙江
2054,002634,棒杰股份,浙江
2055,603877,太平鸟,浙江
2056,300571,平治信息,浙江
2057,002687,乔治白,浙江
2058,300068,南都电源,浙江
2059,603225,新凤鸣,浙江
2060,002011,盾安环境,浙江
2061,002520,日发精机,浙江
2062,002758,华通医药,浙江
2063,002632,道明光学,浙江
2064,300118,东方日升,浙江
2065,300459,金科娱乐,浙江
2066,300553,集智股份,浙江
2067,603816,顾家家居,浙江
2068,002472,双环传动,浙江
2069,002126,银轮股份,浙江
2070,603222,济民制药,浙江
2071,002199,东晶电子,浙江
2072,002142,宁波银行,浙江
2073,601018,宁波港,浙江
2074,603701,德宏股份,浙江
2075,600120,浙江东方,浙江
2076,002444,巨星科技,浙江
2077,603303,得邦照明,浙江
2078,603088,宁波精达,浙江
2079,002629,仁智股份,浙江
2080,603089,正裕工业,浙江
2081,600776,东方通信,浙江
2082,002067,景兴纸业,浙江
2083,300250,初灵信息,浙江
2084,600415,小商品城,浙江
2085,600232,金鹰股份,浙江
2086,300645,正元智慧,浙江
2087,300435,中泰股份,浙江
2088,300347,泰格医药,浙江
2089,601789,宁波建工,浙江
2090,603218,日月股份,浙江
2091,300266,兴源环境,浙江
2092,600330,天通股份,浙江
2093,600570,恒生电子,浙江
2094,603839,安正时尚,浙江
2095,300357,我武生物,浙江
2096,002003,伟星股份,浙江
2097,002064,华峰氨纶,浙江
2098,300144,宋城演艺,浙江
2099,603337,杰克股份,浙江
2100,300329,海伦钢琴,浙江
2101,002344,海宁皮城,浙江
2102,300076,GQY视讯,浙江
2103,300441,鲍斯股份,浙江
2104,002322,理工环科,浙江
2105,600814,杭州解百,浙江
2106,603456,九洲药业,浙江
2107,603239,浙江仙通,浙江
2108,002863,今飞凯达,浙江
2109,600051,宁波联合,浙江
2110,603001,奥康国际,浙江
2111,300488,恒锋工具,浙江
2112,601689,拓普集团,浙江
2113,600796,钱江生化,浙江
2114,603008,喜临门,浙江
2115,000517,荣安地产,浙江
2116,603901,永创智能,浙江
2117,600724,宁波富达,浙江
2118,600261,阳光照明,浙江
2119,002619,巨龙管业,浙江
2120,002703,浙江世宝,浙江
2121,600070,浙江富润,浙江
2122,600790,轻纺城,浙江
2123,600537,亿晶光电,浙江
2124,300145,中金环境,浙江
2125,603085,天成自控,浙江
2126,600126,杭钢股份,浙江
2127,000925,众合科技,浙江
2128,002020,京新药业,浙江
2129,002434,万里扬,浙江
2130,603997,继峰股份,浙江
2131,002085,万丰奥威,浙江
2132,002793,东音股份,浙江
2133,002534,杭锅股份,浙江
2134,600366,宁波韵升,浙江
2135,603568,伟明环保,浙江
2136,600830,香溢融通,浙江
2137,300069,金利华电,浙江
2138,601882,海天精工,浙江
2139,002730,电光科技,浙江
2140,600273,嘉化能源,浙江
2141,002602,世纪华通,浙江
2142,002048,宁波华翔,浙江
2143,300234,开尔新材,浙江
2144,300512,中亚股份,浙江
2145,603677,奇精机械,浙江
2146,600521,华海药业,浙江
2147,603908,牧高笛,浙江
2148,002010,传化智联,浙江
2149,600052,浙江广厦,浙江
2150,603177,德创环保,浙江
2151,300637,扬帆新材,浙江
2152,600177,雅戈尔,浙江
2153,002403,爱仕达,浙江
2154,002479,富春环保,浙江
2155,002103,广博股份,浙江
2156,002364,中恒电气,浙江
2157,002206,海 利 得,浙江
2158,002443,金洲管道,浙江
2159,002718,友邦吊顶,浙江
2160,600668,尖峰集团,浙江
2161,002247,帝龙文化,浙江
2162,603996,中新科技,浙江
2163,002343,慈文传媒,浙江
2164,300401,花园生物,浙江
2165,601567,三星医疗,浙江
2166,000918,嘉凯城,浙江
2167,603606,东方电缆,浙江
2168,600576,万家文化,浙江
2169,603388,元成股份,浙江
2170,601579,会稽山,浙江
2171,600152,维科精华,浙江
2172,603081,大丰实业,浙江
2173,600677,航天通信,浙江
2174,002120,韵达股份,浙江
2175,601339,百隆东方,浙江
2176,300078,思创医惠,浙江
2177,300360,炬华科技,浙江
2178,002244,滨江集团,浙江
2179,002196,方正电机,浙江
2180,002795,永和智控,浙江
2181,600572,康恩贝,浙江
2182,000558,莱茵体育,浙江
2183,601177,杭齿前进,浙江
2184,002124,天邦股份,浙江
2185,300519,新光药业,浙江
2186,603556,海兴电力,浙江
2187,002214,大立科技,浙江
2188,600235,民丰特纸,浙江
2189,603015,弘讯科技,浙江
2190,002508,老板电器,浙江
2191,002515,金字火腿,浙江
2192,601002,晋亿实业,浙江
2193,002617,露笑科技,浙江
2194,300020,银江股份,浙江
2195,601116,三江购物,浙江
2196,002637,赞宇科技,浙江
2197,600283,钱江水利,浙江
2198,600130,波导股份,浙江
2199,002370,亚太药业,浙江
2200,300316,晶盛机电,浙江
2201,603637,镇海股份,浙江
2202,002586,围海股份,浙江
2203,002569,步森股份,浙江
2204,601113,华鼎股份,浙江
2205,002699,美盛文化,浙江
2206,600173,卧龙地产,浙江
2207,002489,浙江永强,浙江
2208,300604,长川科技,浙江
2209,600175,美都能源,浙江
2210,002427,尤夫股份,浙江
2211,002418,康盛股份,浙江
2212,002381,双箭股份,浙江
2213,600387,海越股份,浙江
2214,603320,迪贝电气,浙江
2215,002280,联络互动,浙江
2216,002473,*ST圣莱,浙江
2217,002625,龙生股份,浙江
2218,603926,铁流股份,浙江
2219,002647,民盛金科,浙江
2220,300256,星星科技,浙江
2221,300652,雷迪克,浙江
2222,603505,金石资源,浙江
2223,300163,先锋新材,浙江
2224,603229,奥翔药业,浙江
2225,603316,诚邦股份,浙江
2226,300283,温州宏丰,浙江
2227,300100,双林股份,浙江
2228,603767,中马传动,浙江
2229,300461,田中精机,浙江
2230,600113,浙江东日,浙江
2231,300027,华谊兄弟,浙江
2232,300025,华星创业,浙江
2233,300478,杭州高新,浙江
2234,002664,信质电机,浙江
2235,600460,士兰微,浙江
2236,002263,大 东 南,浙江
2237,603896,寿仙谷,浙江
2238,300649,杭州园林,浙江
2239,300582,英飞特,浙江
2240,603178,圣龙股份,浙江
2241,603186,华正新材,浙江
2242,300566,激智科技,浙江
2243,600699,均胜电子,浙江
2244,002712,思美传媒,浙江
2245,002468,申通快递,浙江
2246,603806,福斯特,浙江
2247,000411,英特集团,浙江
2248,000967,盈峰环境,浙江
2249,300133,华策影视,浙江
2250,002859,洁美科技,浙江
2251,002034,美 欣 达,浙江
2252,600987,航民股份,浙江
2253,000913,*ST钱江,浙江
2254,603726,朗迪集团,浙江
2255,300351,永贵电器,浙江
2256,002119,康强电子,浙江
2257,603040,新坐标,浙江
2258,002021,中捷资源,浙江
2259,002633,申科股份,浙江
2260,300643,万通智控,浙江
2261,002032,苏 泊 尔,浙江
2262,600671,天目药业,浙江
2263,002122,天马股份,浙江
2264,002115,三维通信,浙江
2265,603165,荣晟环保,浙江
2266,002082,栋梁新材,浙江
2267,300539,横河模具,浙江
2268,002061,江山化工,浙江
2269,002012,凯恩股份,浙江
2270,603010,万盛股份,浙江
2271,000739,普洛药业,浙江
2272,002164,宁波东力,浙江
2273,300550,和仁科技,浙江
2274,002756,永兴特钢,浙江
2275,002135,东南网架,浙江
2276,300300,汉鼎宇佑,浙江
2277,002562,兄弟科技,浙江
2278,603811,诚意药业,浙江
2279,002112,三变科技,浙江
2280,000607,华媒控股,浙江
2281,300439,美康生物,浙江
2282,002686,亿利达,浙江
2283,002099,海翔药业,浙江
2284,002133,广宇集团,浙江
2285,002552,宝鼎科技,浙江
2286,600596,新安股份,浙江
2287,002006,精功科技,浙江
2288,603300,华铁科技,浙江
2289,002849,威星智能,浙江
2290,002203,海亮股份,浙江
2291,600491,龙元建设,浙江
2292,002284,亚太股份,浙江
2293,002332,仙琚制药,浙江
2294,603822,嘉澳环保,浙江
2295,002236,大华股份,浙江
2296,600857,宁波中百,浙江
2297,300307,慈星股份,浙江
2298,603538,美诺华,浙江
2299,002224,三 力 士,浙江
2300,002062,宏润建设,浙江
2301,600683,京投发展,浙江
2302,603665,康隆达,浙江
2303,002415,海康威视,浙江
2304,300306,远方光电,浙江
2305,300111,向日葵,浙江
2306,603520,司太立,浙江
2307,600290,华仪电气,浙江
2308,600865,百大集团,浙江
2309,002648,卫星石化,浙江
2310,603033,三维股份,浙江
2311,600226,升华拜克,浙江
2312,300113,顺网科技,浙江
2313,002036,联创电子,浙江
2314,000963,华东医药,浙江
2315,600512,腾达建设,浙江
2316,002860,星帅尔,浙江
2317,002154,报 喜 鸟,浙江
2318,600798,宁波海运,浙江
2319,002019,亿帆医药,浙江
2320,603889,新澳股份,浙江
2321,002779,中坚科技,浙江
2322,603258,电魂网络,浙江
2323,603558,健盛集团,浙江
2324,300426,唐德影视,浙江
2325,002440,闰土股份,浙江
2326,300257,开山股份,浙江
2327,603238,诺邦股份,浙江
2328,600114,东睦股份,浙江
2329,600571,信雅达,浙江
2330,600768,宁波富邦,浙江
2331,603266,天龙股份,浙江
2332,002590,万安科技,浙江
2333,002493,荣盛石化,浙江
2334,300203,聚光科技,浙江
2335,300270,中威电子,浙江
2336,600704,物产中大,浙江
2337,300411,金盾股份,浙江
2338,601233,桐昆股份,浙江
2339,600580,卧龙电气,浙江
2340,603311,金海环境,浙江
2341,603298,杭叉集团,浙江
2342,002522,浙江众成,浙江
2343,000909,数源科技,浙江
2344,603823,百合花,浙江
2345,603116,红蜻蜓,浙江
2346,300033,同花顺,浙江
2347,002318,久立特材,浙江
2348,603611,诺力股份,浙江
2349,600763,通策医疗,浙江
2350,300558,贝达药业,浙江
2351,603703,盛洋科技,浙江
2352,002372,伟星新材,浙江
2353,002056,横店东磁,浙江
2354,300349,金卡智能,浙江
2355,002532,新界泵业,浙江
2356,600526,菲达环保,浙江
2357,002250,联化科技,浙江
2358,600982,宁波热电,浙江
2359,300611,美力科技,浙江
2360,002188,巴士在线,浙江
2361,002273,水晶光电,浙江
2362,600267,海正药业,浙江
2363,600077,宋都股份,浙江
2364,300412,迦南科技,浙江
2365,603338,浙江鼎力,浙江
2366,002389,南洋科技,浙江
2367,002001,新 和 成,浙江
2368,002725,跃岭股份,浙江
2369,300032,金龙机电,浙江
2370,603618,杭电股份,浙江
2371,600059,古越龙山,浙江
2372,002375,亚厦股份,浙江
2373,600884,杉杉股份,浙江
2374,002095,生 意 宝,浙江
2375,000572,海马汽车,海南
2376,000793,华闻传媒,海南
2377,600896,览海投资,海南
2378,002693,双成药业,海南
2379,000505,*ST珠江,海南
2380,000613,*ST东海A,海南
2381,000657,中钨高新,海南
2382,600515,海航基础,海南
2383,002596,海南瑞泽,海南
2384,000566,海南海药,海南
2385,600221,海南航空,海南
2386,000567,海德股份,海南
2387,000571,新大洲Ａ,海南
2388,600759,洲际油气,海南
2389,600259,广晟有色,海南
2390,000955,欣龙控股,海南
2391,002865,钧达股份,海南
2392,600555,海航创新,海南
2393,601118,海南橡胶,海南
2394,300630,普利制药,海南
2395,603069,海汽集团,海南
2396,000886,海南高速,海南
2397,000503,海虹控股,海南
2398,300086,康芝药业,海南
2399,601969,海南矿业,海南
2400,002320,海峡股份,海南
2401,600238,海南椰岛,海南
2402,000735,罗 牛 山,海南
2403,300189,神农基因,海南
2404,600209,罗顿发展,海南
2405,300178,腾邦国际,深圳
2406,001979,招商蛇口,深圳
2407,300389,艾比森,深圳
2408,000049,德赛电池,深圳
2409,002351,漫步者,深圳
2410,002303,美盈森,深圳
2411,002052,同洲电子,深圳
2412,002835,同为股份,深圳
2413,002797,第一创业,深圳
2414,300514,友讯达,深圳
2415,000088,盐 田 港,深圳
2416,600446,金证股份,深圳
2417,000050,深天马Ａ,深圳
2418,300085,银之杰,深圳
2419,000062,深圳华强,深圳
2420,002551,尚荣医疗,深圳
2421,603228,景旺电子,深圳
2422,000048,康达尔,深圳
2423,002735,王子新材,深圳
2424,300162,雷曼股份,深圳
2425,002875,安奈儿,深圳
2426,300232,洲明科技,深圳
2427,300656,民德电子,深圳
2428,300277,海联讯,深圳
2429,002421,达实智能,深圳
2430,002313,日海通讯,深圳
2431,000018,神州长城,深圳
2432,000002,万 科Ａ,深圳
2433,000025,特 力Ａ,深圳
2434,000038,深大通,深圳
2435,000005,世纪星源,深圳
2436,002161,远 望 谷,深圳
2437,300207,欣旺达,深圳
2438,000061,农 产 品,深圳
2439,000033,*ST新都,深圳
2440,300621,维业股份,深圳
2441,300647,超频三,深圳
2442,300615,欣天科技,深圳
2443,002577,雷柏科技,深圳
2444,300052,中青宝,深圳
2445,300576,容大感光,深圳
2446,000055,方大集团,深圳
2447,002769,普路通,深圳
2448,300319,麦捷科技,深圳
2449,002210,飞马国际,深圳
2450,600892,大晟文化,深圳
2451,002845,同兴达,深圳
2452,300400,劲拓股份,深圳
2453,002334,英威腾,深圳
2454,000022,深赤湾Ａ,深圳
2455,300206,理邦仪器,深圳
2456,002163,中航三鑫,深圳
2457,002227,奥 特 迅,深圳
2458,000031,中粮地产,深圳
2459,300130,新国都,深圳
2460,002733,雄韬股份,深圳
2461,000045,深纺织Ａ,深圳
2462,300546,雄帝科技,深圳
2463,300565,科信技术,深圳
2464,000014,沙河股份,深圳
2465,300484,蓝海华腾,深圳
2466,002325,洪涛股份,深圳
2467,300350,华鹏飞,深圳
2468,300301,长方集团,深圳
2469,002724,海洋王,深圳
2470,002289,*ST宇顺,深圳
2471,000063,中兴通讯,深圳
2472,000010,美丽生态,深圳
2473,300077,国民技术,深圳
2474,002823,凯中精密,深圳
2475,300197,铁汉生态,深圳
2476,002751,易尚展示,深圳
2477,002851,麦格米特,深圳
2478,002740,爱迪尔,深圳
2479,002416,爱施德,深圳
2480,000028,国药一致,深圳
2481,000006,深振业Ａ,深圳
2482,002786,银宝山新,深圳
2483,002856,美芝股份,深圳
2484,000011,深物业A,深圳
2485,601333,广深铁路,深圳
2486,000078,海王生物,深圳
2487,000068,华控赛格,深圳
2488,002388,新亚制程,深圳
2489,002618,丹邦科技,深圳
2490,000555,神州信息,深圳
2491,002137,麦达数字,深圳
2492,300037,新宙邦,深圳
2493,002191,劲嘉股份,深圳
2494,300633,开立医疗,深圳
2495,300602,飞荣达,深圳
2496,002215,诺 普 信,深圳
2497,002340,格林美,深圳
2498,002837,英维克,深圳
2499,002238,天威视讯,深圳
2500,002869,金溢科技,深圳
2501,002138,顺络电子,深圳
2502,002170,芭田股份,深圳
2503,002609,捷顺科技,深圳
2504,002775,文科园林,深圳
2505,002106,莱宝高科,深圳
2506,300570,太辰光,深圳
2507,002213,特 尔 佳,深圳
2508,002681,奋达科技,深圳
2509,002327,富安娜,深圳
2510,300303,聚飞光电,深圳
2511,002399,海普瑞,深圳
2512,300572,安车检测,深圳
2513,002316,键桥通讯,深圳
2514,601139,深圳燃气,深圳
2515,002548,金新农,深圳
2516,002781,奇信股份,深圳
2517,000036,华联控股,深圳
2518,002763,汇洁股份,深圳
2519,600462,九有股份,深圳
2520,002243,通产丽星,深圳
2521,002139,拓邦股份,深圳
2522,600380,健康元,深圳
2523,300112,万讯自控,深圳
2524,000070,特发信息,深圳
2525,300601,康泰生物,深圳
2526,000001,平安银行,深圳
2527,300154,瑞凌股份,深圳
2528,002256,兆新股份,深圳
2529,300543,朗科智能,深圳
2530,300047,天源迪科,深圳
2531,002482,广田集团,深圳
2532,600383,金地集团,深圳
2533,300012,华测检测,深圳
2534,002197,证通电子,深圳
2535,600036,招商银行,深圳
2536,300241,瑞丰光电,深圳
2537,300167,迪威视讯,深圳
2538,300377,赢时胜,深圳
2539,002105,信隆健康,深圳
2540,002830,名雕股份,深圳
2541,000026,飞亚达Ａ,深圳
2542,300193,佳士科技,深圳
2543,603118,共进股份,深圳
2544,300531,优博讯,深圳
2545,000023,深天地Ａ,深圳
2546,002528,英飞拓,深圳
2547,300556,丝路视觉,深圳
2548,000058,深 赛 格,深圳
2549,002789,建艺集团,深圳
2550,300622,博士眼镜,深圳
2551,002369,卓翼科技,深圳
2552,300468,四方精创,深圳
2553,002055,得润电子,深圳
2554,000040,东旭蓝天,深圳
2555,002583,海能达,深圳
2556,000004,国农科技,深圳
2557,600548,深高速,深圳
2558,000007,全新好,深圳
2559,300044,赛为智能,深圳
2560,000029,深深房Ａ,深圳
2561,002822,中装建设,深圳
2562,000032,深桑达Ａ,深圳
2563,000034,神州数码,深圳
2564,600999,招商证券,深圳
2565,000042,中洲控股,深圳
2566,000099,中信海直,深圳
2567,002867,周大生,深圳
2568,300115,长盈精密,深圳
2569,603160,汇顶科技,深圳
2570,600162,香江控股,深圳
2571,000016,深康佳Ａ,深圳
2572,002218,拓日新能,深圳
2573,002436,兴森科技,深圳
2574,000089,深圳机场,深圳
2575,002008,大族激光,深圳
2576,002736,国信证券,深圳
2577,002121,科陆电子,深圳
2578,300131,英唐智控,深圳
2579,000069,华侨城Ａ,深圳
2580,002811,亚泰国际,深圳
2581,002168,深圳惠程,深圳
2582,002419,天虹股份,深圳
2583,300533,冰川网络,深圳
2584,002766,索菱股份,深圳
2585,002587,奥拓电子,深圳
2586,000017,深中华A,深圳
2587,300545,联得装备,深圳
2588,002130,沃尔核材,深圳
2589,002518,科士达,深圳
2590,002294,信立泰,深圳
2591,000999,华润三九,深圳
2592,002475,立讯精密,深圳
2593,300227,光韵达,深圳
2594,002047,宝鹰股份,深圳
2595,002285,世联行,深圳
2596,600525,长园集团,深圳
2597,002815,崇达技术,深圳
2598,000043,中航地产,深圳
2599,300199,翰宇药业,深圳
2600,601318,中国平安,深圳
2601,300506,名家汇,深圳
2602,300348,长亮科技,深圳
2603,000090,天健集团,深圳
2604,002301,齐心集团,深圳
2605,002314,南山控股,深圳
2606,603808,歌力思,深圳
2607,300134,大富科技,深圳
2608,300235,方直科技,深圳
2609,300568,星源材质,深圳
2610,000027,深圳能源,深圳
2611,002816,和科达,深圳
2612,000037,深南电A,深圳
2613,300532,今天国际,深圳
2614,300136,信维通信,深圳
2615,300538,同益股份,深圳
2616,600030,中信证券,深圳
2617,300333,兆日科技,深圳
2618,002456,欧菲光,深圳
2619,002341,新纶科技,深圳
2620,000096,广聚能源,深圳
2621,300269,联建光电,深圳
2622,002831,裕同科技,深圳
2623,300317,珈伟股份,深圳
2624,000056,皇庭国际,深圳
2625,002782,可立克,深圳
2626,300042,朗科科技,深圳
2627,002356,赫美集团,深圳
2628,002183,怡 亚 通,深圳
2629,300457,赢合科技,深圳
2630,000020,深华发Ａ,深圳
2631,002654,万润科技,深圳
2632,002660,茂硕电源,深圳
2633,002402,和而泰,深圳
2634,000066,中国长城,深圳
2635,002336,人人乐,深圳
2636,000039,中集集团,深圳
2637,000060,中金岭南,深圳
2638,300151,昌红科技,深圳
2639,300518,盛讯达,深圳
2640,000021,深科技,深圳
2641,000009,中国宝安,深圳
2642,002813,路畅科技,深圳
2643,300124,汇川技术,深圳
2644,300252,金信诺,深圳
2645,002429,兆驰股份,深圳
2646,300638,广和通,深圳
2647,300264,佳创视讯,深圳
2648,002620,瑞和股份,深圳
2649,002850,科达利,深圳
2650,000012,南 玻Ａ,深圳
2651,002594,比亚迪,深圳
2652,000019,深深宝Ａ,深圳
2653,600141,兴发集团,湖北
2654,000902,新洋丰,湖北
2655,600107,美尔雅,湖北
2656,000615,京汉股份,湖北
2657,002159,三特索道,湖北
2658,600998,九州通,湖北
2659,300161,华中数控,湖北
2660,000707,双环科技,湖北
2661,300220,金运激光,湖北
2662,300536,农尚环境,湖北
2663,600260,凯乐科技,湖北
2664,300046,台基股份,湖北
2665,600293,三峡新材,湖北
2666,600068,葛洲坝,湖北
2667,600566,济川药业,湖北
2668,600184,光电股份,湖北
2669,603738,泰晶科技,湖北
2670,300557,理工光科,湖北
2671,000670,盈方微,湖北
2672,300527,华舟应急,湖北
2673,002281,光迅科技,湖北
2674,000708,大冶特钢,湖北
2675,600879,航天电子,湖北
2676,600006,东风汽车,湖北
2677,600993,马应龙,湖北
2678,600298,安琪酵母,湖北
2679,300395,菲利华,湖北
2680,002194,武汉凡谷,湖北
2681,600275,*ST昌鱼,湖北
2682,300184,力源信息,湖北
2683,000785,武汉中商,湖北
2684,300276,三丰智能,湖北
2685,600757,长江传媒,湖北
2686,600035,楚天高速,湖北
2687,000883,湖北能源,湖北
2688,000988,华工科技,湖北
2689,000759,中百集团,湖北
2690,300516,久之洋,湖北
2691,000760,斯太尔,湖北
2692,300041,回天新材,湖北
2693,300387,富邦股份,湖北
2694,600976,健民集团,湖北
2695,000821,京山轻机,湖北
2696,600745,中茵股份,湖北
2697,002694,顾地科技,湖北
2698,300494,盛天网络,湖北
2699,300018,中元股份,湖北
2700,300278,华昌达,湖北
2701,600774,汉商集团,湖北
2702,300567,精测电子,湖北
2703,000939,凯迪生态,湖北
2704,002377,国创高新,湖北
2705,601311,骆驼股份,湖北
2706,600568,中珠医疗,湖北
2707,000926,福星股份,湖北
2708,600079,人福医药,湖北
2709,002414,高德红外,湖北
2710,000665,湖北广电,湖北
2711,300205,天喻信息,湖北
2712,002861,瀛通通讯,湖北
2713,002365,永安药业,湖北
2714,603716,塞力斯,湖北
2715,300517,海波重科,湖北
2716,600801,华新水泥,湖北
2717,600136,当代明诚,湖北
2718,000678,襄阳轴承,湖北
2719,002013,中航机电,湖北
2720,000971,高升控股,湖北
2721,600355,精伦电子,湖北
2722,000826,启迪桑德,湖北
2723,600086,东方金钰,湖北
2724,000966,长源电力,湖北
2725,300054,鼎龙股份,湖北
2726,000422,湖北宜化,湖北
2727,600681,百川能源,湖北
2728,600769,祥龙电业,湖北
2729,600498,烽火通信,湖北
2730,603067,振华股份,湖北
2731,002783,凯龙股份,湖北
2732,000501,鄂武商Ａ,湖北
2733,000627,天茂集团,湖北
2734,002627,宜昌交运,湖北
2735,600133,东湖高新,湖北
2736,600168,武汉控股,湖北
2737,000783,长江证券,湖北
2738,000952,广济药业,湖北
2739,600703,三安光电,湖北
2740,300323,华灿光电,湖北
2741,002305,南国置业,湖北
2742,600885,宏发股份,湖北
2743,000852,石化机械,湖北
2744,600345,长江通信,湖北
2745,000553,沙隆达Ａ,湖北
2746,000520,长航凤凰,湖北
2747,600421,仰帆控股,湖北
2748,600156,华升股份,湖南
2749,000722,湖南发展,湖南
2750,600744,华银电力,湖南
2751,600458,时代新材,湖南
2752,000157,中联重科,湖南
2753,603959,百利科技,湖南
2754,002277,友阿股份,湖南
2755,300592,华凯创意,湖南
2756,600478,科力远,湖南
2757,000799,酒鬼酒,湖南
2758,002847,盐津铺子,湖南
2759,000908,景峰医药,湖南
2760,600961,株冶集团,湖南
2761,600257,大湖股份,湖南
2762,000590,启迪古汉,湖南
2763,600731,湖南海利,湖南
2764,002297,博云新材,湖南
2765,002716,金贵银业,湖南
2766,603883,老百姓,湖南
2767,600963,岳阳林纸,湖南
2768,601098,中南传媒,湖南
2769,300338,开元股份,湖南
2770,601636,旗滨集团,湖南
2771,002261,拓维信息,湖南
2772,002852,道道全,湖南
2773,600698,湖南天雁,湖南
2774,600599,熊猫金控,湖南
2775,000900,现代投资,湖南
2776,000702,正虹科技,湖南
2777,002251,步 步 高,湖南
2778,600476,湘邮科技,湖南
2779,002412,汉森制药,湖南
2780,002549,凯美特气,湖南
2781,000917,电广传媒,湖南
2782,600969,郴电国际,湖南
2783,000548,湖南投资,湖南
2784,002843,泰嘉股份,湖南
2785,000989,九 芝 堂,湖南
2786,300123,太阳鸟,湖南
2787,600031,三一重工,湖南
2788,002097,山河智能,湖南
2789,002113,天润数娱,湖南
2790,300216,千山药机,湖南
2791,300268,万福生科,湖南
2792,000419,通程控股,湖南
2793,600479,千金药业,湖南
2794,603517,绝味食品,湖南
2795,300148,天舟文化,湖南
2796,002523,天桥起重,湖南
2797,300413,快乐购,湖南
2798,000819,岳阳兴长,湖南
2799,603998,方盛制药,湖南
2800,300490,华自科技,湖南
2801,002155,湖南黄金,湖南
2802,002096,南岭民爆,湖南
2803,002125,湘潭电化,湖南
2804,601901,方正证券,湖南
2805,000906,浙商中拓,湖南
2806,300035,中科电气,湖南
2807,300015,爱尔眼科,湖南
2808,002567,唐人神,湖南
2809,002761,多喜爱,湖南
2810,300358,楚天科技,湖南
2811,300345,红宇新材,湖南
2812,603989,艾华集团,湖南
2813,002533,金杯电工,湖南
2814,002661,克明面业,湖南
2815,002397,梦洁股份,湖南
2816,002650,加加食品,湖南
2817,000519,中兵红箭,湖南
2818,600390,五矿资本,湖南
2819,000932,*ST华菱,湖南
2820,300267,尔康制药,湖南
2821,002505,大康农业,湖南
2822,002452,长高集团,湖南
2823,000622,恒立实业,湖南
2824,300187,永清环保,湖南
2825,300298,三诺生物,湖南
2826,002848,高斯贝尔,湖南
2827,300433,蓝思科技,湖南
2828,000504,*ST生物,湖南
2829,000998,隆平高科,湖南
2830,600416,湘电股份,湖南
2831,000430,张家界,湖南
2832,000428,华天酒店,湖南
2833,600127,金健米业,湖南
2834,300474,景嘉微,湖南
2835,603939,益丰药房,湖南
2836,300515,三德科技,湖南
2837,600975,新五丰,湖南
2838,603319,湘油泵,湖南
2839,600516,方大炭素,甘肃
2840,000929,兰州黄河,甘肃
2841,000981,银亿股份,甘肃
2842,000552,靖远煤电,甘肃
2843,601212,白银有色,甘肃
2844,603169,兰石重装,甘肃
2845,000691,ST亚太,甘肃
2846,600192,长城电工,甘肃
2847,300534,陇神戎发,甘肃
2848,000995,*ST皇台,甘肃
2849,600738,兰州民百,甘肃
2850,002644,佛慈制药,甘肃
2851,002145,中核钛白,甘肃
2852,603999,读者传媒,甘肃
2853,601798,蓝科高新,甘肃
2854,000779,三毛派神,甘肃
2855,300021,大禹节水,甘肃
2856,600108,亚盛集团,甘肃
2857,600720,祁连山,甘肃
2858,002772,众兴菌业,甘肃
2859,600307,酒钢宏兴,甘肃
2860,000791,甘肃电投,甘肃
2861,002219,恒康医疗,甘肃
2862,300084,海默科技,甘肃
2863,600543,莫高股份,甘肃
2864,000672,上峰水泥,甘肃
2865,002185,华天科技,甘肃
2866,600311,荣华实业,甘肃
2867,600354,敦煌种业,甘肃
2868,603919,金徽酒,甘肃
2869,600687,刚泰控股,甘肃
2870,000753,漳州发展,福建
2871,603696,安记食品,福建
2872,300657,弘信电子,福建
2873,002593,日上集团,福建
2874,600693,东百集团,福建
2875,002517,恺英网络,福建
2876,002029,七 匹 狼,福建
2877,002235,安妮股份,福建
2878,002626,金达威,福建
2879,603615,茶花股份,福建
2880,300051,三五互联,福建
2881,002396,星网锐捷,福建
2882,600603,广汇物流,福建
2883,002093,国脉科技,福建
2884,002110,三钢闽光,福建
2885,600563,法拉电子,福建
2886,600686,金龙汽车,福建
2887,603306,华懋科技,福建
2888,300341,麦迪电气,福建
2889,002785,万里石,福建
2890,300525,博思软件,福建
2891,601566,九牧王,福建
2892,603628,清源股份,福建
2893,002529,海源机械,福建
2894,300198,纳川股份,福建
2895,600493,凤竹纺织,福建
2896,300605,恒锋信息,福建
2897,000993,闽东电力,福建
2898,300436,广生堂,福建
2899,002868,绿康生化,福建
2900,603383,顶点软件,福建
2901,002682,龙洲股份,福建
2902,600592,龙溪股份,福建
2903,000797,中国武夷,福建
2904,300056,三维丝,福建
2905,603817,海峡环保,福建
2906,601377,兴业证券,福建
2907,300427,红相电力,福建
2908,600436,片仔癀,福建
2909,002674,兴业科技,福建
2910,600388,龙净环保,福建
2911,300650,太龙照明,福建
2912,002222,福晶科技,福建
2913,002702,海欣食品,福建
2914,603180,金牌厨柜,福建
2915,300174,元力股份,福建
2916,300658,延江股份,福建
2917,300188,美亚柏科,福建
2918,002174,游族网络,福建
2919,603686,龙马环卫,福建
2920,002578,闽发铝业,福建
2921,002788,鹭燕医药,福建
2922,600549,厦门钨业,福建
2923,002639,雪人股份,福建
2924,000663,永安林业,福建
2925,002417,三元达,福建
2926,603555,贵人鸟,福建
2927,603826,坤彩科技,福建
2928,002803,吉宏股份,福建
2929,601166,兴业银行,福建
2930,002098,浔兴股份,福建
2931,600734,实达集团,福建
2932,300628,亿联网络,福建
2933,603668,天马科技,福建
2934,002229,鸿博股份,福建
2935,002335,科华恒盛,福建
2936,000905,厦门港务,福建
2937,603678,火炬电子,福建
2938,603663,三祥新材,福建
2939,600870,厦华电子,福建
2940,600483,福能股份,福建
2941,603636,南威软件,福建
2942,002509,天广中茂,福建
2943,300560,中富通,福建
2944,600153,建发股份,福建
2945,002752,昇兴股份,福建
2946,000732,泰禾集团,福建
2947,002070,*ST众和,福建
2948,000671,阳 光 城,福建
2949,600203,福日电子,福建
2950,002300,太阳电缆,福建
2951,000536,华映科技,福建
2952,600033,福建高速,福建
2953,600802,福建水泥,福建
2954,300632,光莆股份,福建
2955,002299,圣农发展,福建
2956,300299,富春股份,福建
2957,000526,*ST紫学,福建
2958,600815,*ST厦工,福建
2959,603909,合诚股份,福建
2960,000701,厦门信达,福建
2961,603737,三棵树,福建
2962,603345,安井食品,福建
2963,600711,盛屯矿业,福建
2964,300062,中能电气,福建
2965,300648,星云股份,福建
2966,600755,厦门国贸,福建
2967,603444,吉比特,福建
2968,002102,冠福股份,福建
2969,002264,新 华 都,福建
2970,300102,乾照光电,福建
2971,600103,青山纸业,福建
2972,600067,冠城大通,福建
2973,002790,瑞尔特,福建
2974,600573,惠泉啤酒,福建
2975,601899,紫金矿业,福建
2976,002679,福建金森,福建
2977,002474,榕基软件,福建
2978,002398,建研集团,福建
2979,300096,易联众,福建
2980,600057,象屿股份,福建
2981,002614,蒙发利,福建
2982,000592,平潭发展,福建
2983,000547,航天发展,福建
2984,002729,好利来,福建
2985,300132,青松股份,福建
2986,600163,中闽能源,福建
2987,600660,福耀玻璃,福建
2988,000632,三木集团,福建
2989,601933,永辉超市,福建
2990,300640,德艺文创,福建
2991,002228,合兴包装,福建
2992,600897,厦门空港,福建
2993,000997,新 大 陆,福建
2994,002826,易明医药,西藏
2995,600338,西藏珠峰,西藏
2996,000752,西藏发展,西藏
2997,002653,海思科,西藏
2998,600211,西藏药业,西藏
2999,002827,高争民爆,西藏
3000,600749,西藏旅游,西藏
3001,600326,西藏天路,西藏
3002,002287,奇正藏药,西藏
3003,600873,梅花生物,西藏
3004,000762,西藏矿业,西藏
3005,601020,华钰矿业,西藏
3006,600773,西藏城投,西藏
3007,603669,灵康药业,西藏
3008,002424,贵州百灵,贵州
3009,000540,中天金融,贵州
3010,600594,益佰制药,贵州
3011,600227,赤天化,贵州
3012,000851,高鸿股份,贵州
3013,600395,盘江股份,贵州
3014,002390,信邦制药,贵州
3015,603058,永吉股份,贵州
3016,002873,新天药业,贵州
3017,000920,南方汇通,贵州
3018,002025,航天电器,贵州
3019,000589,黔轮胎Ａ,贵州
3020,600112,*ST天成,贵州
3021,002039,黔源电力,贵州
3022,600765,中航重机,贵州
3023,600996,贵广网络,贵州
3024,600523,贵航股份,贵州
3025,600992,贵绳股份,贵州
3026,300288,朗玛信息,贵州
3027,002037,久联发展,贵州
3028,600367,红星发展,贵州
3029,600519,贵州茅台,贵州
3030,601997,贵阳银行,贵州
3031,000733,振华科技,贵州
3032,600167,联美控股,辽宁
3033,002204,大连重工,辽宁
3034,600747,*ST大控,辽宁
3035,002447,壹桥股份,辽宁
3036,002606,大连电瓷,辽宁
3037,600399,抚顺特钢,辽宁
3038,300405,科隆精化,辽宁
3039,300024,机器人,辽宁
3040,600609,金杯汽车,辽宁
3041,300372,欣泰电气,辽宁
3042,603318,派思股份,辽宁
3043,600125,铁龙物流,辽宁
3044,600241,时代万恒,辽宁
3045,002621,三垒股份,辽宁
3046,000511,*ST烯碳,辽宁
3047,600694,大商股份,辽宁
3048,600715,文投控股,辽宁
3049,000530,大冷股份,辽宁
3050,002354,天神娱乐,辽宁
3051,000809,*ST新城,辽宁
3052,000715,中兴商业,辽宁
3053,002123,梦网荣信,辽宁
3054,603609,禾丰牧业,辽宁
3055,000698,沈阳化工,辽宁
3056,000616,海航投资,辽宁
3057,600396,金山股份,辽宁
3058,002220,天宝股份,辽宁
3059,000633,*ST合金,辽宁
3060,600297,广汇汽车,辽宁
3061,002069,獐子岛,辽宁
3062,000410,*ST沈机,辽宁
3063,300097,智云股份,辽宁
3064,300210,森远股份,辽宁
3065,000751,锌业股份,辽宁
3066,300573,兴齐眼药,辽宁
3067,600303,曙光股份,辽宁
3068,000761,本钢板材,辽宁
3069,000638,万方发展,辽宁
3070,002231,奥维通信,辽宁
3071,000597,东北制药,辽宁
3072,000881,中广核技,辽宁
3073,600317,营口港,辽宁
3074,300125,易世达,辽宁
3075,300293,蓝英装备,辽宁
3076,000692,惠天热电,辽宁
3077,603360,百傲化学,辽宁
3078,600758,红阳能源,辽宁
3079,000679,大连友谊,辽宁
3080,002667,鞍重股份,辽宁
3081,000818,方大化工,辽宁
3082,000059,华锦股份,辽宁
3083,000820,神雾节能,辽宁
3084,002689,远大智能,辽宁
3085,600231,凌钢股份,辽宁
3086,603315,福鞍股份,辽宁
3087,300082,奥克股份,辽宁
3088,600306,商业城,辽宁
3089,600190,锦州港,辽宁
3090,600346,恒力股份,辽宁
3091,600795,国电电力,辽宁
3092,300473,德尔股份,辽宁
3093,601999,出版传媒,辽宁
3094,601880,大连港,辽宁
3095,603866,桃李面包,辽宁
3096,600739,辽宁成大,辽宁
3097,002731,萃华珠宝,辽宁
3098,600719,大连热电,辽宁
3099,600593,大连圣亚,辽宁
3100,300202,聚龙股份,辽宁
3101,603399,新华龙,辽宁
3102,002487,大金重工,辽宁
3103,000898,鞍钢股份,辽宁
3104,600718,东软集团,辽宁
3105,600233,圆通速递,辽宁
3106,300290,荣科科技,辽宁
3107,000656,金科股份,重庆
3108,300275,梅安森,重庆
3109,601127,小康股份,重庆
3110,601158,重庆水务,重庆
3111,603100,川仪股份,重庆
3112,000736,中房地产,重庆
3113,000514,渝 开 发,重庆
3114,001696,宗申动力,重庆
3115,002872,天圣制药,重庆
3116,600116,三峡水利,重庆
3117,600729,重庆百货,重庆
3118,603601,再升科技,重庆
3119,600369,西南证券,重庆
3120,600666,奥瑞德,重庆
3121,601777,力帆股份,重庆
3122,002004,华邦健康,重庆
3123,300194,福安药业,重庆
3124,000565,渝三峡Ａ,重庆
3125,600132,重庆啤酒,重庆
3126,601005,*ST重钢,重庆
3127,600129,太极集团,重庆
3128,600279,重庆港九,重庆
3129,603758,秦安股份,重庆
3130,000591,太阳能,重庆
3131,600939,重庆建工,重庆
3132,603766,隆鑫通用,重庆
3133,600452,涪陵电力,重庆
3134,603717,天域生态,重庆
3135,600292,远达环保,重庆
3136,002507,涪陵榨菜,重庆
3137,600917,重庆燃气,重庆
3138,300363,博腾股份,重庆
3139,300006,莱美药业,重庆
3140,000625,长安汽车,重庆
3141,000688,建新矿业,重庆
3142,600565,迪马股份,重庆
3143,002742,三圣股份,重庆
3144,600847,*ST万里,重庆
3145,000788,北大医药,重庆
3146,600106,重庆路桥,重庆
3147,000892,欢瑞世纪,重庆
3148,300122,智飞生物,重庆
3149,002765,蓝黛传动,重庆
3150,601965,中国汽研,重庆
3151,002558,世纪游轮,重庆
3152,600877,*ST嘉陵,重庆
3153,600893,航发动力,陕西
3154,601369,陕鼓动力,陕西
3155,601958,金钼股份,陕西
3156,601012,隆基股份,陕西
3157,000516,国际医学,陕西
3158,000610,西安旅游,陕西
3159,002267,陕天然气,陕西
3160,600456,宝钛股份,陕西
3161,600343,航天动力,陕西
3162,002799,环球印务,陕西
3163,300103,达刚路机,陕西
3164,300114,中航电测,陕西
3165,000561,烽火电子,陕西
3166,300164,通源石油,陕西
3167,000697,炼石有色,陕西
3168,300581,晨曦航空,陕西
3169,600706,曲江文旅,陕西
3170,603139,康惠制药,陕西
3171,601225,陕西煤业,陕西
3172,600302,标准股份,陕西
3173,000837,秦川机床,陕西
3174,600217,中再资环,陕西
3175,600248,延长化建,陕西
3176,000721,西安饮食,陕西
3177,002109,兴化股份,陕西
3178,000768,中航飞机,陕西
3179,600831,广电网络,陕西
3180,300023,宝德股份,陕西
3181,601015,陕西黑猫,陕西
3182,300116,坚瑞沃能,陕西
3183,600080,金花股份,陕西
3184,300487,蓝晓科技,陕西
3185,600455,博通股份,陕西
3186,300397,天和防务,陕西
3187,000564,供销大集,陕西
3188,600817,*ST宏盛,陕西
3189,601179,中国西电,陕西
3190,002673,西部证券,陕西
3191,000796,凯撒旅游,陕西
3192,600379,宝光股份,陕西
3193,002149,西部材料,陕西
3194,600707,彩虹股份,陕西
3195,300140,中环装备,陕西
3196,000812,陕西金叶,陕西
3197,000563,陕国投Ａ,陕西
3198,600984,建设机械,陕西
3199,603843,正平股份,青海
3200,600869,智慧能源,青海
3201,600714,金瑞矿业,青海
3202,600771,广誉远,青海
3203,000606,神州易桥,青海
3204,002646,青青稞酒,青海
3205,600243,青海华鼎,青海
3206,600117,西宁特钢,青海
3207,000792,盐湖股份,青海
3208,601168,西部矿业,青海
3209,600381,青海春天,青海
3210,600038,中直股份,黑龙江
3211,600811,东方集团,黑龙江
3212,600182,S佳通,黑龙江
3213,600178,东安动力,黑龙江
3214,000922,*ST佳电,黑龙江
3215,600371,万向德农,黑龙江
3216,600598,北大荒,黑龙江
3217,600664,哈药股份,黑龙江
3218,601106,*ST一重,黑龙江
3219,600356,恒丰纸业,黑龙江
3220,000587,金洲慈航,黑龙江
3221,600179,安通控股,黑龙江
3222,300489,中飞股份,黑龙江
3223,600726,华电能源,黑龙江
3224,601011,宝泰隆,黑龙江
3225,002437,誉衡药业,黑龙江
3226,600864,哈投股份,黑龙江
3227,600289,亿阳信通,黑龙江
3228,000901,航天科技,黑龙江
3229,600701,工大高新,黑龙江
3230,000985,大庆华科,黑龙江
3231,600705,中航资本,黑龙江
3232,600853,龙建股份,黑龙江
3233,601188,龙江交通,黑龙江
3234,300040,九洲电气,黑龙江
3235,600187,国中水务,黑龙江
3236,002737,葵花药业,黑龙江
3237,600829,人民同泰,黑龙江
3238,603567,珍宝岛,黑龙江
3239,000711,京蓝科技,黑龙江
3240,600891,秋林集团,黑龙江
3241,002698,博实股份,黑龙江
3242,603023,威帝股份,黑龙江
3243,600095,哈高科,黑龙江
3244,600202,哈空调,黑龙江
