,code,xcode,name,ipo_date,issue_date,amount,markets,price,pe,limit,funds,ballot
0,603767,732767,中马传动,2017-06-01,,5333,2133,11.19,22.98,2.1,5.968,0.0
1,300660,300660,江苏雷利,2017-05-19,,2527,1011,0.0,0.0,1.0,12.683,0.0
2,603042,732042,华脉科技,2017-05-19,,3400,1300,0.0,0.0,1.3,3.8280000000000003,0.0
3,603326,732326,我乐家居,2017-05-18,,4000,1600,0.0,0.0,1.6,3.948,0.0
4,002875,002875,安奈儿,2017-05-18,,2500,1000,0.0,0.0,1.0,4.268,0.0
5,603316,732316,诚邦股份,2017-05-17,,5082,2033,0.0,0.0,2.0,3.466,0.0
6,603196,732196,日播时尚,2017-05-17,,6000,2400,0.0,0.0,2.4,4.248,0.0
7,300659,300659,中孚信息,2017-05-17,,2040,816,0.0,0.0,0.8,2.6210000000000004,0.0
8,300658,300658,延江股份,2017-05-17,,2500,1000,0.0,0.0,1.0,4.853,0.0
9,002876,002876,三利谱,2017-05-16,,2000,2000,19.12,22.99,2.0,3.824,0.0
10,603580,732580,艾艾精工,2017-05-15,,1667,1667,9.81,22.98,1.6,1.635,0.0
11,603855,732855,华荣股份,2017-05-12,,8277,3300,7.59,22.98,3.3,6.282,0.0
12,300657,300657,弘信电子,2017-05-12,,2600,1000,7.77,22.94,1.0,2.02,0.0
13,300655,300655,晶瑞股份,2017-05-11,,2206,1986,6.92,22.98,0.8,1.527,0.03
14,002872,002872,天圣制药,2017-05-10,,5300,4770,22.37,22.98,2.1,11.856,0.03
15,603383,732383,顶点软件,2017-05-10,,2105,1895,19.05,22.98,0.8,4.01,0.02
16,603197,732197,保隆科技,2017-05-09,,2928,2635,22.87,21.66,1.1,6.787000000000001,0.03
17,300656,300656,民德电子,2017-05-09,,1500,1500,15.6,22.84,1.5,2.34,0.01
18,002873,002873,新天药业,2017-05-08,,1722,1722,18.41,22.99,1.7,3.17,0.01
19,300652,300652,雷迪克,2017-05-05,,2200,1980,15.88,21.96,0.85,3.5,0.02
20,603758,732758,秦安股份,2017-05-05,,6000,5400,10.8,21.96,1.8,6.492000000000001,0.04
21,603269,732269,海鸥股份,2017-05-05,,2287,2058,8.76,22.99,0.9,2.003,0.02
22,002870,002870,香山股份,2017-05-04,2017-05-15,2767,2490,20.44,22.99,1.1,5.656000000000001,0.02
23,603488,732488,展鹏科技,2017-05-04,,5200,4680,7.67,22.98,2.0,3.988,0.03
24,601952,780952,苏垦农发,2017-05-03,2017-05-15,26000,23400,9.32,22.12,7.8,24.232,0.1
25,300653,300653,正海生物,2017-05-03,,2000,2000,11.72,22.98,2.0,2.344,0.01
26,603180,732180,金牌厨柜,2017-05-02,2017-05-12,1700,1700,27.85,22.99,1.7,4.734,0.01
27,002871,002871,伟隆股份,2017-05-02,2017-05-11,1700,1700,15.39,21.31,1.7,2.616,0.01
28,002869,002869,金溢科技,2017-05-02,2017-05-15,2952,2657,21.8,22.99,1.15,6.435,0.02
29,603086,732086,先达股份,2017-04-28,2017-05-11,2000,2000,17.64,15.26,2.0,3.528,0.01
30,603113,732113,金能科技,2017-04-28,2017-05-11,7730,6957,13.37,22.98,2.3,10.335,0.05
31,603926,732926,铁流股份,2017-04-27,2017-05-10,3000,2700,20.4,22.98,1.2,6.12,0.03
32,603896,732896,寿仙谷,2017-04-27,2017-05-10,3495,3146,11.54,22.98,1.3,4.033,0.03
33,603229,732229,奥翔药业,2017-04-26,2017-05-09,4000,3600,7.81,22.98,1.6,3.1239999999999997,0.03
34,603728,732728,鸣志电器,2017-04-26,2017-05-09,8000,7200,11.23,22.98,3.2,8.984,0.04
35,300651,300651,金陵体育,2017-04-24,2017-05-09,1893,1893,13.71,22.98,1.85,2.596,0.01
36,603985,732985,恒润股份,2017-04-24,2017-05-05,2000,2000,26.97,22.99,2.0,5.394,0.01
37,300649,300649,杭州园林,2017-04-24,2017-05-05,1600,1600,9.04,22.97,1.6,1.446,0.01
38,603501,732501,韦尔股份,2017-04-21,2017-05-04,4160,3744,7.02,22.99,1.2,2.92,0.04
39,300643,300643,万通智控,2017-04-21,2017-05-05,5000,4500,4.3,22.01,2.0,2.15,0.03
40,300643,300643,万通智控,2017-04-21,2017-05-05,5000,4500,4.3,22.01,2.0,2.15,0.03
41,300647,300647,超频三,2017-04-20,2017-05-03,3000,2700,8.96,22.99,1.2,2.688,0.03
42,603505,732505,金石资源,2017-04-20,2017-05-03,6000,5400,3.74,22.94,2.4,2.244,0.04
43,002868,002868,绿康生化,2017-04-20,2017-05-03,3000,2700,15.2,20.5,1.2,4.56,0.02
44,603320,732320,迪贝电气,2017-04-19,2017-05-02,2500,2250,9.93,22.98,1.0,2.4819999999999998,0.02
45,002867,002867,周大生,2017-04-18,2017-04-27,7685,6917,19.92,22.99,2.15,15.309000000000001,0.04
46,002866,002866,传艺科技,2017-04-17,2017-04-26,3591,3232,13.4,22.99,1.4,4.811,0.02
47,300514,300514,友讯达,2017-04-17,2017-04-26,2500,2250,8.46,22.98,1.0,2.115,0.02
48,603787,732787,新日股份,2017-04-17,2017-04-27,5100,4590,6.09,22.97,2.0,3.1060000000000003,0.03
49,603920,732920,世运电路,2017-04-14,2017-04-26,8880,7992,15.08,22.98,2.6,13.390999999999998,0.05
50,002865,002865,钧达股份,2017-04-14,2017-04-25,3000,2700,9.05,22.07,1.2,2.715,0.02
51,603096,732096,新经典,2017-04-14,2017-04-25,3336,3002,21.55,21.22,1.3,7.189,0.03
52,300648,300648,星云股份,2017-04-13,2017-04-25,1700,1700,15.74,22.99,1.7,2.676,0.01
53,300642,300642,透景生命,2017-04-12,2017-04-21,1500,1500,36.1,22.99,1.5,5.415,0.01
54,300645,300645,正元智慧,2017-04-12,2017-04-21,1667,1667,12.35,22.98,1.65,2.0580000000000003,0.01
55,603232,732232,格尔软件,2017-04-11,2017-04-21,1525,1525,18.1,22.91,1.5,2.76,0.01
56,300554,300554,三超新材,2017-04-11,2017-04-21,1300,1300,14.99,22.99,1.3,1.949,0.01
57,603139,732139,康惠制药,2017-04-10,2017-04-21,2497,2247,14.57,22.98,0.9,3.638,0.03
58,603081,732081,大丰实业,2017-04-10,2017-04-20,5180,4662,10.42,22.98,1.5,5.398,0.04
59,603225,732225,新凤鸣,2017-04-07,2017-04-18,7730,6957,26.68,22.99,2.3,20.624000000000002,0.05
60,603803,732803,瑞斯康达,2017-04-07,2017-04-20,5680,5112,13.72,22.98,1.6,7.792999999999999,0.04
61,300641,300641,正丹股份,2017-04-06,2017-04-18,7200,6480,10.73,22.98,2.85,7.726,0.04
62,002863,002863,今飞凯达,2017-04-06,2017-04-18,5550,4995,5.48,21.92,2.05,3.0410000000000004,0.03
63,300604,300604,长川科技,2017-04-05,2017-04-17,1905,1905,9.94,22.97,1.9,1.8940000000000001,0.01
64,300640,300640,德艺文创,2017-04-05,2017-04-17,2000,2000,9.41,22.98,2.0,1.882,0.01
65,603050,732050,科林电气,2017-03-31,2017-04-14,3334,3001,10.29,22.99,1.3,3.431,0.03
66,002861,002861,瀛通通讯,2017-03-31,2017-04-13,3068,2761,17.25,22.7,1.2,5.292000000000001,0.02
67,603826,732826,坤彩科技,2017-03-31,2017-04-14,9000,8100,6.79,22.97,3.6,6.111000000000001,0.05
68,300637,300637,扬帆新材,2017-03-30,2017-04-12,3000,2700,10.02,19.95,1.2,3.0060000000000002,0.03
69,300639,300639,凯普生物,2017-03-30,2017-04-12,2250,2025,18.39,22.99,0.75,4.138,0.03
70,603797,732797,联泰环保,2017-03-30,2017-04-13,5334,4801,5.96,22.98,2.1,3.179,0.03
71,601366,780366,利群股份,2017-03-29,2017-04-12,17600,15840,8.82,22.98,5.2,15.523,0.08
72,002862,002862,实丰文化,2017-03-29,2017-04-11,2000,2000,11.17,22.98,2.0,2.234,0.01
73,002860,002860,星帅尔,2017-03-29,2017-04-12,1899,1368,19.81,20.74,0.75,3.141,0.02
74,300638,300638,广和通,2017-03-27,2017-04-13,2000,2000,10.45,22.97,2.0,2.09,0.01
75,603078,732078,江化微,2017-03-27,2017-04-10,1500,1500,24.18,22.99,1.5,3.627,0.01
76,300633,300633,开立医疗,2017-03-24,2017-04-06,4001,3601,5.23,22.97,1.15,2.093,0.03
77,603538,732538,美诺华,2017-03-24,2017-04-07,3000,2700,14.03,22.98,1.2,4.209,0.03
78,300632,300632,光莆股份,2017-03-24,2017-04-06,2895,2606,7.39,22.96,1.15,2.1390000000000002,0.03
79,603586,732586,金麒麟,2017-03-23,2017-04-06,5250,4725,21.37,22.98,2.1,11.219000000000001,0.03
80,603906,732906,龙蟠科技,2017-03-23,2017-04-10,5200,4680,9.52,22.99,2.0,4.95,0.03
81,603586,732586,金麒麟,2017-03-23,2017-04-06,5250,4725,21.37,22.98,2.1,11.219000000000001,0.03
82,603385,732385,惠达卫浴,2017-03-22,2017-04-05,7104,6394,13.27,21.4,2.8,9.427,0.04
83,002859,002859,洁美科技,2017-03-22,2017-04-07,2557,2095,29.82,22.98,1.0,6.979,0.02
84,300636,300636,同和药业,2017-03-21,2017-03-31,2000,2000,14.47,22.98,2.0,2.8939999999999997,0.01
85,603041,732041,美思德,2017-03-20,2017-03-30,2500,2250,12.92,20.01,1.0,3.23,0.02
86,603303,732303,得邦照明,2017-03-20,2017-03-30,6000,5400,18.63,15.1,2.4,11.177999999999999,0.04
87,601228,780228,广州港,2017-03-17,2017-03-29,69868,62881,2.29,22.98,20.9,16.0,0.22
88,603178,732178,圣龙股份,2017-03-16,2017-03-28,5000,4500,7.53,22.99,2.0,3.765,0.03
89,603833,732833,欧派家居,2017-03-16,2017-03-28,4151,3736,50.08,22.99,1.2,20.788,0.04
90,002774,002774,快意电梯,2017-03-15,2017-03-24,8370,7533,6.1,22.98,3.3,5.106,0.04
91,603717,732717,天域生态,2017-03-15,2017-03-27,4318,3886,14.63,22.99,1.7,6.317,0.03
92,002858,002858,力盛赛车,2017-03-15,2017-03-24,1580,1580,10.67,22.98,1.55,1.686,0.01
93,300630,300630,普利制药,2017-03-14,2017-03-28,3053,2748,11.49,22.99,1.2,3.508,0.03
94,603768,732768,常青股份,2017-03-14,2017-03-24,5100,4590,16.32,22.99,2.0,8.323,0.03
95,603388,732388,元成股份,2017-03-14,2017-03-24,2500,2250,12.1,22.99,1.0,3.025,0.02
96,300631,300631,久吾高科,2017-03-13,2017-03-23,1610,1610,11.97,22.98,1.6,1.9269999999999998,0.01
97,300629,300629,新劲刚,2017-03-13,2017-03-24,1667,1667,8.28,22.97,1.65,1.38,0.01
98,002857,002857,三晖电气,2017-03-10,2017-03-23,2000,2000,10.26,22.98,2.0,2.052,0.01
99,300627,300627,华测导航,2017-03-10,2017-03-21,2980,2682,12.77,22.17,1.15,3.805,0.03
100,603656,732656,泰禾光电,2017-03-09,2017-03-21,1899,1899,21.91,22.98,1.8,4.1610000000000005,0.02
101,300626,300626,华瑞股份,2017-03-09,2017-03-20,2500,2250,7.5,22.98,1.0,1.875,0.02
102,603133,732133,碳元科技,2017-03-08,2017-03-20,5200,4680,7.87,22.98,2.0,4.092,0.04
103,002856,002856,美芝股份,2017-03-08,2017-03-20,2534,2281,11.61,22.99,1.0,2.9419999999999997,0.02
104,002855,002855,捷荣技术,2017-03-08,2017-03-21,6000,5400,6.54,22.99,2.4,3.924,0.03
105,300625,300625,三雄极光,2017-03-07,2017-03-17,7000,6300,19.3,22.99,2.8,13.51,0.04
106,603517,732517,绝味食品,2017-03-07,2017-03-17,5000,4500,16.09,22.99,1.5,8.045,0.04
107,603179,732179,新泉股份,2017-03-07,2017-03-17,3985,3587,14.01,20.26,1.5,5.582999999999999,0.03
108,300628,300628,亿联网络,2017-03-06,2017-03-17,1867,1867,88.67,15.76,1.85,16.555,0.01
109,300621,300621,维业股份,2017-03-03,2017-03-16,3400,3060,8.6,22.99,1.35,2.924,0.03
110,603811,732811,诚意药业,2017-03-03,2017-03-15,2130,1917,15.76,20.67,0.8,3.3569999999999998,0.03
111,300623,300623,捷捷微电,2017-03-03,2017-03-14,2360,2124,27.63,22.99,0.85,6.521,0.03
112,603903,732903,中持股份,2017-03-02,2017-03-14,2561,2305,9.88,22.98,1.0,2.53,0.03
113,603960,732960,克来机电,2017-03-02,2017-03-14,2000,2000,9.51,22.99,2.0,1.902,0.02
114,300622,300622,博士眼镜,2017-03-02,2017-03-15,2145,1931,9.83,22.98,0.8,2.109,0.03
115,603665,732665,康隆达,2017-03-01,2017-03-13,2500,2250,21.4,22.99,1.0,5.35,0.03
116,603630,732630,拉芳家化,2017-03-01,2017-03-13,4360,3924,18.39,22.99,1.5,8.017999999999999,0.04
117,300620,300620,光库科技,2017-03-01,2017-03-10,2200,1980,11.43,22.99,0.85,2.515,0.02
118,002852,002852,道道全,2017-02-28,2017-03-10,2500,2250,47.3,22.99,1.0,11.825,0.02
119,603955,732955,大千生态,2017-02-28,2017-03-10,2175,1958,15.26,22.97,0.7,3.319,0.03
120,002853,002853,皮阿诺,2017-02-24,2017-03-10,1560,1560,31.03,22.99,1.55,4.841,0.01
121,603991,732991,至正股份,2017-02-24,2017-03-08,1870,1870,10.61,22.99,1.8,1.984,0.02
122,300618,300618,寒锐钴业,2017-02-23,2017-03-06,3000,2700,12.45,22.99,1.2,3.735,0.03
123,603908,732908,牧高笛,2017-02-23,2017-03-07,1669,1669,16.37,22.99,1.6,2.7319999999999998,0.01
124,300616,300616,尚品宅配,2017-02-23,2017-03-07,2700,2430,54.35,22.99,1.0,14.675,0.03
125,603138,732138,海量数据,2017-02-22,2017-03-06,2050,1845,9.99,19.82,0.8,2.048,0.02
126,603578,732578,三星新材,2017-02-22,2017-03-06,2200,1980,12.26,22.99,0.8,2.697,0.03
127,002851,002851,麦格米特,2017-02-22,2017-03-06,4450,4005,12.17,22.99,1.75,5.416,0.03
128,002850,002850,科达利,2017-02-21,2017-03-02,3500,3150,37.7,22.99,1.4,13.195,0.03
129,300617,300617,安靠智电,2017-02-15,2017-02-28,1667,1667,24.38,22.99,1.65,4.064,0.01
130,300619,300619,金银河,2017-02-15,2017-03-01,1868,1868,10.98,22.98,1.85,2.051,0.01
131,603238,732238,诺邦股份,2017-02-10,2017-02-22,3000,2700,13.31,22.99,1.2,3.9930000000000003,0.03
132,603345,732345,安井食品,2017-02-10,2017-02-22,5401,4861,11.12,22.99,2.1,6.006,0.04
133,600939,730939,重庆建工,2017-02-09,2017-02-21,18150,16335,3.12,22.92,5.4,5.662999999999999,0.09
134,300611,300611,美力科技,2017-02-09,2017-02-20,2237,2013,11.97,22.99,0.85,2.678,0.03
135,300613,300613,富瀚微,2017-02-08,2017-02-20,1111,1111,55.64,22.99,1.1,6.182,0.01
136,603817,732817,海峡环保,2017-02-08,2017-02-20,11250,10125,4.04,22.99,3.3,4.545,0.06
137,603603,732603,博天环境,2017-02-07,2017-02-17,4001,3601,6.74,22.97,1.2,2.697,0.04
138,002849,002849,威星智能,2017-02-07,2017-02-17,2167,1950,12.08,22.99,0.8,2.617,0.02
139,300615,300615,欣天科技,2017-02-03,2017-02-15,2000,2000,14.37,22.98,2.0,2.8739999999999997,0.02
140,601212,780212,白银有色,2017-02-03,2017-02-15,69800,62820,1.78,556.25,20.9,12.424000000000001,0.25
141,300612,300612,宣亚国际,2017-02-03,2017-02-15,1800,1800,16.14,22.98,1.8,2.905,0.02
142,300609,300609,汇纳科技,2017-01-26,2017-02-15,2500,2250,8.12,22.97,1.0,2.03,0.03
143,002848,002848,高斯贝尔,2017-01-26,2017-02-13,4180,3762,6.31,22.98,1.65,2.638,0.03
144,300610,300610,晨化股份,2017-01-25,2017-02-13,2500,2250,10.57,22.98,1.0,2.6430000000000002,0.03
145,603615,732615,茶花股份,2017-01-25,2017-02-13,6000,5400,8.37,22.98,2.4,5.022,0.04
146,603330,732330,上海天洋,2017-01-25,2017-02-13,1500,1500,18.19,22.99,1.5,2.728,0.01
147,603839,732839,安正时尚,2017-01-24,2017-02-14,7126,6413,16.78,22.98,2.8,11.957,0.05
148,300608,300608,思特奇,2017-01-24,2017-02-13,1686,1686,16.16,22.98,1.65,2.7239999999999998,0.01
149,603208,732208,江山欧派,2017-01-24,2017-02-10,2021,1819,24.83,22.99,0.7,5.018,0.03
150,603626,732626,科森科技,2017-01-23,2017-02-09,5267,4740,18.85,20.75,2.1,9.927999999999999,0.04
151,603040,732040,新坐标,2017-01-23,2017-02-09,1500,1500,16.44,22.99,1.5,2.4659999999999997,0.01
152,300607,300607,拓斯达,2017-01-23,2017-02-09,1812,1812,18.74,22.98,1.8,3.3960000000000004,0.01
153,300605,300605,恒锋信息,2017-01-20,2017-02-08,2100,1890,9.4,22.97,0.8,1.974,0.03
154,300601,300601,康泰生物,2017-01-20,2017-02-07,4200,3780,3.29,22.94,1.25,1.382,0.04
155,603637,732637,镇海股份,2017-01-20,2017-02-08,2558,2302,13.86,22.99,1.0,3.545,0.03
156,002847,002847,盐津铺子,2017-01-19,2017-02-08,3100,2790,9.14,22.99,1.2,2.833,0.03
157,603177,732177,德创环保,2017-01-19,2017-02-07,5050,4545,3.6,22.97,2.0,1.818,0.04
158,002846,002846,英联股份,2017-01-19,2017-02-07,3000,2700,8.33,22.96,1.2,2.499,0.03
159,603360,732360,百傲化学,2017-01-18,2017-02-06,3334,3001,9.24,22.92,1.3,3.082,0.03
160,603677,732677,奇精机械,2017-01-18,2017-02-06,2000,2000,21.13,22.99,2.0,4.226,0.02
161,300606,300606,金太阳,2017-01-18,2017-02-08,2230,2007,8.36,22.97,0.8,1.864,0.03
162,603881,732881,数据港,2017-01-17,2017-02-08,5265,4739,7.8,22.99,2.1,4.107,0.04
163,300602,300602,飞荣达,2017-01-17,2017-01-26,2500,2250,14.82,15.1,1.0,3.705,0.03
164,300603,300603,立昂技术,2017-01-17,2017-01-26,2570,2313,4.55,22.99,1.0,1.169,0.03
165,300578,300578,会畅通讯,2017-01-16,2017-01-25,1800,1800,9.7,22.97,1.8,1.746,0.01
166,603089,732089,正裕工业,2017-01-16,2017-01-26,2667,2400,11.63,20.11,0.9,3.2110000000000003,0.03
167,300600,300600,瑞特股份,2017-01-16,2017-01-25,2500,2250,13.73,17.35,1.0,3.4330000000000003,0.03
168,603358,732358,华达科技,2017-01-13,2017-01-25,4000,3600,31.18,19.83,1.6,12.472000000000001,0.03
169,603966,732966,法兰泰克,2017-01-13,2017-01-25,4000,3600,7.32,22.88,1.6,2.928,0.03
170,002845,002845,同兴达,2017-01-13,2017-01-25,2400,2160,15.99,22.99,0.95,3.838,0.02
171,603429,732429,集友股份,2017-01-12,2017-01-24,1700,1700,15.0,22.97,1.7,2.55,0.01
172,002839,002839,张家港行,2017-01-12,2017-01-24,18076,16268,4.37,14.64,5.4,7.899,0.07
173,300597,300597,吉大通信,2017-01-12,2017-01-23,6000,5400,5.53,22.99,2.4,3.318,0.04
174,300599,300599,雄塑科技,2017-01-11,2017-01-23,7600,6840,7.04,22.98,3.0,5.35,0.04
175,601881,780881,中国银河,2017-01-11,2017-01-23,60000,54000,6.81,7.02,18.0,40.86,0.21
176,300598,300598,诚迈科技,2017-01-11,2017-01-20,2000,2000,8.73,22.99,2.0,1.746,0.02
177,603037,732037,凯众股份,2017-01-10,2017-01-20,2000,2000,16.01,22.98,2.0,3.202,0.02
178,002843,002843,泰嘉股份,2017-01-10,2017-01-20,3500,3150,6.08,22.96,1.4,2.128,0.03
179,603638,732638,艾迪精密,2017-01-10,2017-01-20,4400,3960,6.58,22.98,1.7,2.895,0.03
180,603337,732337,杰克股份,2017-01-09,2017-01-19,5167,4650,17.72,22.99,2.0,9.156,0.04
181,300592,300592,华凯创意,2017-01-09,2017-01-20,3060,2754,5.21,22.95,1.2,1.5959999999999999,0.03
182,002841,002841,视源股份,2017-01-09,2017-01-19,4050,3645,19.06,22.99,1.15,7.718999999999999,0.03
183,300596,300596,利安隆,2017-01-06,2017-01-19,3000,2700,11.29,19.17,1.2,3.387,0.03
184,300595,300595,欧普康视,2017-01-06,2017-01-17,1700,1700,23.81,20.36,1.7,4.048,0.01
185,601858,780858,中国科传,2017-01-06,2017-01-18,13050,11745,6.84,22.97,3.9,8.926,0.07
186,603668,732668,天马科技,2017-01-05,2017-01-17,5300,4770,6.21,22.97,2.1,3.2910000000000004,0.04
187,002842,002842,翔鹭钨业,2017-01-05,2017-01-19,2500,2250,11.42,22.98,1.0,2.855,0.02
188,603165,732165,荣晟环保,2017-01-05,2017-01-17,3168,2851,10.44,17.13,1.2,3.307,0.03
189,300593,300593,新雷能,2017-01-04,2017-01-13,2889,2600,6.53,22.99,1.15,1.8869999999999998,0.03
190,300589,300589,江龙船艇,2017-01-04,2017-01-13,2167,1950,6.34,22.98,0.85,1.374,0.02
191,603038,732038,华立股份,2017-01-04,2017-01-16,1670,1670,23.26,22.98,1.6,3.884,0.01
192,603690,732690,至纯科技,2017-01-03,2017-01-13,5200,4680,1.73,22.88,2.0,0.9,0.04
193,603039,732039,泛微网络,2017-01-03,2017-01-13,1667,1667,14.9,22.99,1.6,2.484,0.01
194,002824,002824,和胜股份,2017-01-03,2017-01-12,3000,2700,9.8,22.98,1.2,2.94,0.02
195,300584,300584,海辰药业,2016-12-30,2017-01-12,2000,2000,11.11,22.99,2.0,2.222,0.02
196,300580,300580,贝斯特,2016-12-30,2017-01-11,5000,4500,9.59,22.98,1.5,4.795,0.04
197,603639,732639,海利尔,2016-12-30,2017-01-12,3000,2700,24.95,22.95,1.2,7.485,0.03
198,300590,300590,移为通信,2016-12-29,2017-01-11,2000,2000,28.48,22.99,2.0,5.696000000000001,0.02
199,603579,732579,荣泰健康,2016-12-29,2017-01-11,1750,1750,44.66,22.89,1.7,7.816,0.02
200,603628,732628,清源股份,2016-12-29,2017-01-12,6845,6161,5.57,22.99,2.7,3.813,0.04
201,603266,732266,天龙股份,2016-12-28,2017-01-10,2500,2250,14.63,22.99,1.0,3.658,0.03
202,603689,732689,皖天然气,2016-12-28,2017-01-10,8400,7560,7.87,22.98,3.3,6.611000000000001,0.05
203,300591,300591,万里马,2016-12-28,2017-01-10,6000,5400,3.07,22.98,2.4,1.8419999999999999,0.04
204,002840,002840,华统股份,2016-12-27,2017-01-10,4467,4020,6.55,22.97,1.75,2.926,0.03
205,300583,300583,赛托生物,2016-12-27,2017-01-06,2667,2400,40.29,22.99,0.95,10.744000000000002,0.03
206,603877,732877,太平鸟,2016-12-27,2017-01-09,5500,4950,21.3,22.97,1.6,11.715,0.04
207,002838,002838,道恩股份,2016-12-26,2017-01-06,2100,1890,15.28,22.99,0.8,3.2089999999999996,0.02
208,300587,300587,天铁股份,2016-12-26,2017-01-05,2600,2340,14.11,22.98,1.0,3.6689999999999996,0.03
209,603228,732228,景旺电子,2016-12-26,2017-01-06,4800,4320,23.16,22.97,1.4,11.117,0.04
210,603032,732032,德新交运,2016-12-23,2017-01-05,3334,3001,5.81,20.93,1.3,1.984,0.03
211,603035,732035,常熟汽饰,2016-12-23,2017-01-05,7000,6300,10.44,15.09,2.8,7.31,0.04
212,300588,300588,熙菱信息,2016-12-23,2017-01-05,2500,2250,4.94,22.98,1.0,1.235,0.03
213,603186,732186,华正新材,2016-12-22,2017-01-03,3235,2912,5.37,22.97,1.2,1.7369999999999999,0.03
214,603444,732444,吉比特,2016-12-22,2017-01-04,1780,1780,54.0,22.96,1.7,9.612,0.02
215,300586,300586,美联新材,2016-12-22,2017-01-04,2400,2160,9.3,22.99,0.95,2.2319999999999998,0.03
216,002836,002836,新宏泽,2016-12-21,2016-12-29,2000,2000,8.09,17.74,2.0,1.618,0.01
217,603239,732239,浙江仙通,2016-12-21,2016-12-30,2256,2030,21.84,22.99,0.8,4.927,0.03
218,603929,732929,亚翔集成,2016-12-20,2016-12-30,5336,4802,4.94,13.35,2.1,2.641,0.04
219,300585,300585,奥联电子,2016-12-20,2016-12-29,2000,2000,9.86,20.74,2.0,1.972,0.02
220,603218,732218,日月股份,2016-12-19,2016-12-28,4100,3690,23.9,22.99,1.2,9.799,0.04
221,002837,002837,英维克,2016-12-19,2016-12-29,2000,2000,18.0,22.22,2.0,3.6,0.01
222,002833,002833,弘亚数控,2016-12-19,2016-12-28,3336,3002,10.11,15.56,1.3,3.3760000000000003,0.03
223,601375,780375,中原证券,2016-12-16,2017-01-03,70000,63000,4.0,11.23,21.0,28.0,0.24
224,300582,300582,英飞特,2016-12-16,2016-12-28,3300,2970,14.85,22.98,1.3,4.901,0.03
225,002835,002835,同为股份,2016-12-15,2016-12-28,2700,2430,12.34,22.98,1.05,3.332,0.02
226,603886,732886,元祖股份,2016-12-15,2016-12-28,6000,5400,10.16,22.98,2.4,6.096,0.04
227,002832,002832,比音勒芬,2016-12-14,2016-12-23,2667,2400,26.17,22.99,1.05,6.98,0.02
228,603298,732298,杭叉集团,2016-12-14,2016-12-27,8666,7799,12.67,22.97,2.5,10.98,0.06
229,600996,730996,贵广网络,2016-12-13,2016-12-26,21000,18900,8.92,22.99,6.3,18.732,0.1
230,603058,732058,永吉股份,2016-12-12,2016-12-23,4216,3794,4.76,22.96,1.2,2.4459999999999997,0.04
231,300579,300579,数字认证,2016-12-12,2016-12-23,2000,2000,13.32,22.99,2.0,2.6639999999999997,0.02
232,300581,300581,晨曦航空,2016-12-09,2016-12-20,1130,1130,24.23,22.99,1.1,2.738,0.01
233,603577,732577,汇金通,2016-12-09,2016-12-22,2918,2626,11.1,22.98,1.1,3.239,0.03
234,603416,732416,信捷电气,2016-12-08,2016-12-21,2510,2259,17.85,22.98,1.0,4.48,0.03
235,300577,300577,开润股份,2016-12-08,2016-12-21,1667,1667,19.58,22.99,1.65,3.264,0.01
236,603823,732823,百合花,2016-12-07,2016-12-20,5625,4050,10.6,22.08,2.2,4.84,0.03
237,300576,300576,容大感光,2016-12-07,2016-12-20,2000,2000,8.24,22.99,2.0,1.6480000000000001,0.02
238,300575,300575,中旗股份,2016-12-06,2016-12-20,1835,1835,22.29,18.12,1.8,4.09,0.01
239,603878,732878,武进不锈,2016-12-06,2016-12-19,5050,4545,14.87,22.98,2.0,8.912,0.04
240,002831,002831,裕同科技,2016-12-05,2016-12-16,4001,3601,36.77,22.99,1.2,14.712,0.03
241,603389,732389,亚振家居,2016-12-05,2016-12-15,5475,4928,7.79,22.97,2.1,4.265,0.04
242,002829,002829,星网宇达,2016-12-02,2016-12-13,1900,1900,17.65,22.99,1.9,3.353,0.01
243,603585,732585,苏利股份,2016-12-02,2016-12-14,2500,2250,26.79,22.99,1.0,6.697,0.03
244,002830,002830,名雕股份,2016-12-01,2016-12-13,1667,1667,16.53,22.96,1.65,2.7560000000000002,0.01
245,603098,732098,森特股份,2016-12-01,2016-12-16,6251,5626,9.18,22.98,1.8,5.7379999999999995,0.05
246,603708,732708,家家悦,2016-11-30,2016-12-13,9000,8100,13.64,21.65,3.6,12.277999999999999,0.05
247,300571,300571,平治信息,2016-11-30,2016-12-13,1000,1000,12.04,22.97,1.0,1.204,0.01
248,300573,300573,兴齐眼药,2016-11-29,2016-12-08,2000,2000,5.16,22.97,2.0,1.033,0.02
249,603928,732928,兴业股份,2016-11-29,2016-12-12,5040,4536,10.12,19.06,2.0,5.101,0.04
250,002828,002828,贝肯能源,2016-11-28,2016-12-08,2930,2637,12.02,22.97,1.1,3.522,0.03
251,603036,732036,如通股份,2016-11-28,2016-12-09,5084,4576,6.84,22.95,2.0,3.477,0.04
252,603990,732990,麦迪科技,2016-11-25,2016-12-08,2000,2000,9.69,22.99,2.0,1.9380000000000002,0.02
253,002827,002827,高争民爆,2016-11-25,2016-12-09,4600,4140,8.23,22.97,1.8,3.786,0.03
254,603033,732033,三维股份,2016-11-24,2016-12-07,2270,2043,17.55,18.09,0.8,3.984,0.03
255,300570,300570,太辰光,2016-11-24,2016-12-06,3194,2875,20.59,22.99,1.15,6.577000000000001,0.03
256,600909,730909,华安证券,2016-11-23,2016-12-06,80000,72000,6.41,12.44,24.0,51.28,0.27
257,300572,300572,安车检测,2016-11-23,2016-12-06,1667,1667,13.79,22.98,1.65,2.299,0.01
258,002826,002826,易明医药,2016-11-22,2016-12-09,4743,4269,6.06,22.98,1.85,2.8739999999999997,0.03
259,603319,732319,湘油泵,2016-11-21,2016-11-30,2023,1821,10.46,22.98,0.7,2.116,0.03
260,300568,300568,星源材质,2016-11-21,2016-12-01,3000,2700,21.65,22.99,1.2,6.495,0.03
261,002825,002825,纳尔股份,2016-11-18,2016-11-29,2500,2250,10.17,18.62,1.0,2.544,0.02
262,603559,732559,中通国脉,2016-11-18,2016-12-02,2200,1980,10.34,22.98,0.6,2.275,0.03
263,002822,002822,中装建设,2016-11-17,2016-11-29,7500,6750,10.23,21.35,3.0,7.676,0.04
264,603660,732660,苏州科达,2016-11-17,2016-12-01,6250,4500,8.03,17.55,2.5,4.075,0.03
265,603323,732323,吴江银行,2016-11-16,2016-11-29,11150,10035,6.83,12.62,3.3,7.615,0.07
266,300569,300569,天能重工,2016-11-16,2016-11-25,2084,1876,41.57,20.08,0.8,8.663,0.03
267,603819,732819,神力股份,2016-11-15,2016-11-25,3000,2700,8.77,22.98,0.9,2.6310000000000002,0.04
268,002823,002823,凯中精密,2016-11-15,2016-11-24,3600,3240,13.73,22.97,1.4,4.9430000000000005,0.03
269,603336,732336,宏辉果蔬,2016-11-14,2016-11-24,3335,3002,9.31,20.68,1.2,3.105,0.03
270,603900,732900,通灵珠宝,2016-11-11,2016-11-23,6080,5472,14.25,19.52,2.4,8.664,0.04
271,300567,300567,精测电子,2016-11-11,2016-11-22,2000,2000,19.92,22.99,2.0,3.984,0.02
272,300565,300565,科信技术,2016-11-10,2016-11-22,4000,3600,8.78,22.98,1.5,3.512,0.03
273,603727,732727,博迈科,2016-11-10,2016-11-22,5870,5283,20.81,22.99,2.3,12.215,0.04
274,603987,732987,康德莱,2016-11-09,2016-11-21,5260,4734,9.5,22.99,2.0,4.997,0.04
275,002821,002821,凯莱英,2016-11-09,2016-11-18,2822,2058,30.53,22.95,1.1,7.066,0.02
276,603858,732858,步长制药,2016-11-08,2016-11-18,6980,6282,55.88,22.99,2.0,39.004,0.05
277,002820,002820,桂发祥,2016-11-08,2016-11-18,3200,2880,16.6,22.99,1.25,5.312,0.03
278,603633,732633,徕木股份,2016-11-07,2016-11-17,3009,2708,6.75,22.98,1.2,2.031,0.03
279,300562,300562,乐心医疗,2016-11-07,2016-11-16,1480,1480,15.63,22.99,1.45,2.313,0.01
280,300561,300561,汇金科技,2016-11-04,2016-11-17,1400,1400,26.11,22.99,1.4,3.655,0.01
281,300566,300566,激智科技,2016-11-03,2016-11-15,1990,1990,14.94,22.98,1.95,2.9730000000000003,0.02
282,601229,780229,上海银行,2016-11-02,2016-11-16,60045,54041,17.77,8.26,18.0,106.7,0.23
283,300563,300563,神宇股份,2016-11-02,2016-11-14,2000,2000,8.84,22.99,2.0,1.768,0.02
284,603977,732977,国泰集团,2016-11-01,2016-11-11,5528,4975,6.45,14.81,2.0,3.5660000000000003,0.04
285,603556,732556,海兴电力,2016-10-31,2016-11-10,9334,8401,23.63,21.32,3.7,22.065,0.06
286,002819,002819,东方中科,2016-10-28,2016-11-11,2834,2551,4.96,22.95,1.1,1.406,0.03
287,603060,732060,国检集团,2016-10-28,2016-11-09,5500,4950,10.04,22.97,2.2,5.522,0.04
288,603203,732203,快克股份,2016-10-27,2016-11-08,2300,2070,16.5,21.04,0.9,3.795,0.03
289,300558,300558,贝达药业,2016-10-27,2016-11-07,4100,3690,17.57,22.99,1.2,7.204,0.04
290,300556,300556,丝路视觉,2016-10-26,2016-11-04,2780,2502,5.54,22.99,1.1,1.54,0.03
291,601882,780882,海天精工,2016-10-25,2016-11-07,5220,4698,1.5,22.98,1.5,4.305,0.05
292,002818,002818,富森美,2016-10-25,2016-11-09,4400,3960,23.49,22.99,1.3,10.335999999999999,0.04
293,300557,300557,理工光科,2016-10-21,2016-11-01,1400,1400,13.91,22.99,1.4,1.9469999999999998,0.01
294,300560,300560,中富通,2016-10-20,2016-11-01,1753,1753,10.26,22.99,1.75,1.7990000000000002,0.02
295,300559,300559,佳发安泰,2016-10-19,2016-11-01,1800,1800,17.56,22.99,1.8,3.161,0.02
296,603716,732716,塞力斯,2016-10-19,2016-10-31,1274,1274,26.91,22.98,1.2,3.428,0.02
297,603888,732888,新华网,2016-10-18,2016-10-28,5190,4672,27.69,22.99,2.0,14.372,0.04
298,603258,732258,电魂网络,2016-10-17,2016-10-26,6000,5400,15.62,18.16,2.4,9.372,0.05
299,600926,730926,杭州银行,2016-10-14,2016-10-27,26175,23558,14.39,10.23,7.8,37.666,0.13
300,002817,002817,黄山胶囊,2016-10-13,2016-10-25,2167,1950,13.88,22.98,0.85,3.008,0.02
301,002816,002816,和科达,2016-10-12,2016-10-25,2500,2250,8.29,22.98,1.0,2.072,0.03
302,603667,732667,五洲新春,2016-10-12,2016-10-25,5060,4554,8.8,22.96,2.0,4.453,0.04
303,603859,732859,能科股份,2016-10-11,2016-10-21,2839,2555,7.54,22.97,1.1,2.141,0.03
304,300552,300552,万集科技,2016-10-11,2016-10-21,2670,2403,12.25,20.91,1.05,3.2710000000000004,0.03
305,300553,300553,集智股份,2016-10-10,2016-10-21,1200,1200,14.08,22.99,1.2,1.69,0.01
306,300550,300550,和仁科技,2016-09-30,2016-10-18,2000,2000,12.53,22.99,2.0,2.506,0.02
307,300555,300555,路通视信,2016-09-29,2016-10-18,2000,2000,15.4,22.99,2.0,3.08,0.02
308,603160,732160,汇顶科技,2016-09-28,2016-10-17,4500,4050,19.42,22.99,1.3,8.738999999999999,0.05
309,300551,300551,古鳌科技,2016-09-28,2016-10-18,1836,1836,12.48,22.88,1.8,2.291,0.02
310,603816,732816,顾家家居,2016-09-27,2016-10-14,8250,7425,24.66,22.99,2.4,20.345,0.06
311,603313,732313,梦百合,2016-09-26,2016-10-13,6000,5400,15.41,22.66,2.4,9.246,0.05
312,300548,300548,博创科技,2016-09-26,2016-10-12,2067,1860,11.75,22.97,0.8,2.4290000000000003,0.03
313,603777,732777,来伊份,2016-09-23,2016-10-12,6000,5400,11.67,22.98,2.4,7.002000000000001,0.05
314,002813,002813,路畅科技,2016-09-23,2016-10-12,3000,2700,6.89,22.97,1.2,2.0669999999999997,0.03
315,002815,002815,崇达技术,2016-09-22,2016-10-12,5000,4500,16.31,22.98,1.5,8.155,0.04
316,603421,732421,鼎信通讯,2016-09-22,2016-10-11,4340,3906,14.02,22.99,1.3,6.085,0.05
317,603887,732887,城地股份,2016-09-21,2016-10-10,2460,2214,12.13,22.97,0.9,3.647,0.03
318,300547,300547,川环科技,2016-09-21,2016-09-30,1495,1495,22.07,22.99,1.45,3.299,0.02
319,601128,780128,常熟银行,2016-09-20,2016-09-30,22227,20005,4.28,9.89,6.6,9.513,0.12
320,300549,300549,优德精密,2016-09-20,2016-09-30,1667,1667,15.03,22.99,1.65,2.506,0.02
321,300546,300546,雄帝科技,2016-09-19,2016-09-28,1334,1334,20.43,22.99,1.3,2.725,0.01
322,603738,732738,泰晶科技,2016-09-14,2016-09-28,1668,1668,16.14,22.99,1.6,2.6919999999999997,0.02
323,300545,300545,联得装备,2016-09-14,2016-09-28,1783,1783,13.5,22.98,1.75,2.407,0.02
324,600908,730908,无锡银行,2016-09-08,2016-09-23,18481,16633,4.47,9.91,5.5,8.261000000000001,0.1
325,300536,300536,农尚环境,2016-09-06,2016-09-20,2328,2095,9.06,18.12,0.9,2.11,0.03
326,601500,780500,通用股份,2016-09-05,2016-09-19,17492,15743,4.92,22.98,5.2,8.606,0.1
327,300542,300542,新晨科技,2016-09-05,2016-09-20,2255,2030,8.21,22.98,0.85,1.851,0.03
328,603189,732189,网达软件,2016-09-02,2016-09-14,5520,4968,7.26,22.97,2.2,4.008,0.05
329,300541,300541,先进数通,2016-09-02,2016-09-13,3000,2700,11.07,22.98,1.2,3.321,0.03
330,603067,732067,振华股份,2016-09-01,2016-09-13,5500,4950,6.13,22.98,2.2,3.372,0.04
331,300534,300534,陇神戎发,2016-09-01,2016-09-13,2167,1950,13.64,22.99,0.85,2.9560000000000004,0.03
332,603393,732393,新天然气,2016-08-31,2016-09-12,4000,3600,26.66,22.99,1.6,10.22,0.04
333,002812,002812,创新股份,2016-08-31,2016-09-14,3348,3013,23.41,22.99,1.3,7.837999999999999,0.03
334,601163,780163,三角轮胎,2016-08-30,2016-09-09,20000,18000,22.07,22.98,6.0,44.14,0.11
335,002811,002811,亚泰国际,2016-08-30,2016-09-08,4500,4050,13.99,22.98,1.8,6.295,0.03
336,300543,300543,朗科智能,2016-08-25,2016-09-08,1500,1500,22.52,22.46,1.5,3.378,0.02
337,002807,002807,江阴银行,2016-08-24,2016-09-02,20945,18850,4.64,10.17,5.9,9.718,0.1
338,603843,732843,正平股份,2016-08-24,2016-09-05,9970,8973,5.03,22.97,2.9,5.015,0.07
339,603658,732658,安图生物,2016-08-19,2016-09-01,4200,3780,14.58,22.99,1.2,6.124,0.05
340,300539,300539,横河模具,2016-08-19,2016-08-30,2375,2138,6.12,22.96,0.9,1.454,0.03
341,300537,300537,广信材料,2016-08-17,2016-08-30,2500,2250,9.19,22.98,1.0,3.0380000000000003,0.03
342,002810,002810,山东赫达,2016-08-16,2016-08-26,2398,2158,9.91,22.98,0.85,2.376,0.03
343,603090,732090,宏盛股份,2016-08-16,2016-08-31,2500,2250,8.47,22.98,1.0,2.1180000000000003,0.03
344,300538,300538,同益股份,2016-08-12,2016-08-26,1400,1400,15.85,22.98,1.4,2.219,0.02
345,603007,732007,花王股份,2016-08-12,2016-08-26,3335,3002,11.66,22.97,1.3,3.889,0.04
346,002809,002809,红墙股份,2016-08-11,2016-08-23,2000,2000,22.46,22.69,2.0,4.492,0.02
347,300540,300540,深冷股份,2016-08-10,2016-08-23,2000,2000,16.67,22.98,2.0,3.3339999999999996,0.02
348,603031,732031,安德利,2016-08-10,2016-08-22,2000,2000,11.71,22.99,2.0,2.342,0.02
349,300533,300533,冰川网络,2016-08-09,2016-08-18,2500,2250,37.02,21.97,1.0,9.255,0.03
350,603515,732515,欧普照明,2016-08-09,2016-08-19,5800,5220,14.94,22.99,1.7,8.665,0.06
351,603986,732986,兆易创新,2016-08-08,2016-08-18,2500,2250,23.26,16.41,1.0,5.815,0.03
352,601595,780595,上海电影,2016-08-05,2016-08-17,9350,8415,10.19,22.25,3.7,9.537,0.06
353,300532,300532,今天国际,2016-08-05,2016-08-18,2100,1890,16.32,22.99,0.8,3.427,0.03
354,601997,780997,贵阳银行,2016-08-04,2016-08-16,50000,45000,8.49,6.08,15.0,42.45,0.22
355,600936,730936,广西广电,2016-08-03,2016-08-15,30000,27000,4.8,22.86,9.0,14.4,0.15
356,002808,002808,苏州恒久,2016-08-03,2016-08-12,3000,2700,7.71,22.99,1.2,2.314,0.03
357,603159,732159,上海亚虹,2016-08-02,2016-08-12,2500,2250,6.88,18.3,1.0,1.72,0.03
358,300535,300535,达威股份,2016-08-01,2016-08-12,1494,1494,18.5,22.98,1.45,2.764,0.02
359,603569,732569,长久物流,2016-07-29,2016-08-10,4001,3601,15.43,22.98,1.2,6.1739999999999995,0.05
360,300530,300530,达志科技,2016-07-29,2016-08-09,1750,1750,11.95,22.98,1.75,2.0909999999999997,0.02
361,600977,730977,中国电影,2016-07-28,2016-08-09,46700,42030,8.92,22.98,14.0,41.656000000000006,0.22
362,601811,780811,新华文轩,2016-07-27,2016-08-08,9871,8884,7.12,14.67,2.9,7.028,0.08
363,300531,300531,优博讯,2016-07-27,2016-08-09,2000,2000,13.36,22.98,2.0,2.6719999999999997,0.02
364,300528,300528,幸福蓝海,2016-07-26,2016-08-08,7763,6987,6.62,22.98,3.1,5.14,0.05
365,300527,300527,华舟应急,2016-07-25,2016-08-05,11570,10413,6.64,22.99,3.45,7.682,0.08
366,300529,300529,健帆生物,2016-07-22,2016-08-02,4200,3780,10.8,22.98,1.2,4.5360000000000005,0.05
367,300526,300526,中潜股份,2016-07-21,2016-08-02,2125,1913,10.5,22.99,0.7,2.231,0.04
368,600919,730919,江苏银行,2016-07-20,2016-08-02,115445,103900,6.27,7.64,34.6,72.384,0.47
369,603663,732663,三祥新材,2016-07-19,2016-08-01,3355,3020,5.28,22.98,1.3,1.771,0.04
370,603322,732322,超讯通信,2016-07-18,2016-07-28,2000,2000,11.99,22.98,2.0,2.398,0.02
371,300525,300525,博思软件,2016-07-15,2016-07-26,1710,1710,11.68,22.99,1.7,1.9969999999999999,0.02
372,002806,002806,华锋股份,2016-07-14,2016-07-26,2000,2000,6.2,22.96,2.0,1.24,0.02
373,300523,300523,辰安科技,2016-07-13,2016-07-26,2000,2000,21.92,22.99,2.0,4.3839999999999995,0.02
374,300517,300517,海波重科,2016-07-07,2016-07-19,2560,2304,10.04,22.97,1.0,2.57,0.04
375,002803,002803,吉宏股份,2016-06-30,2016-07-12,2900,2610,6.37,22.84,1.15,3.0039999999999996,0.03
376,603069,732069,海汽集团,2016-06-29,2016-07-12,7900,7110,3.82,18.2,2.3,3.0180000000000002,0.08
377,300520,300520,科大国创,2016-06-28,2016-07-08,2300,2070,10.05,22.84,0.9,2.312,0.04
378,002805,002805,丰元股份,2016-06-27,2016-07-07,2423,2181,5.8,22.97,0.95,1.405,0.03
379,300521,300521,爱司凯,2016-06-24,2016-07-05,2000,2000,11.26,22.98,2.0,2.252,0.02
380,300522,300522,世名科技,2016-06-23,2016-07-05,1667,1667,18.55,22.98,1.65,3.092,0.02
381,601966,780966,玲珑轮胎,2016-06-22,2016-07-06,20000,18000,12.98,22.97,6.0,25.96,0.14
382,603016,732016,新宏泰,2016-06-21,2016-07-01,3705,3335,8.49,19.3,1.4,3.148,0.05
383,002802,002802,洪汇新材,2016-06-20,2016-06-29,2700,2430,9.52,22.98,1.05,2.57,0.03
384,603958,732958,哈森股份,2016-06-17,2016-06-29,5436,4892,9.15,22.98,2.1,4.974,0.06
385,603909,732909,合诚股份,2016-06-16,2016-06-28,2500,2250,10.55,21.0,1.0,2.638,0.04
386,300518,300518,盛讯达,2016-06-15,2016-06-24,2334,2101,22.22,22.68,0.9,5.188,0.04
387,002801,002801,微光股份,2016-06-13,2016-06-22,1472,1472,19.51,15.24,1.45,2.872,0.02
388,300519,300519,新光药业,2016-06-08,2016-06-24,2000,2000,12.2,8.26,2.0,2.44,0.02
389,601127,780127,小康股份,2016-05-31,2016-06-15,14250,12825,5.81,18.19,4.2,8.55,0.11
390,300515,300515,三德科技,2016-05-30,2016-06-08,2500,2250,8.57,22.98,1.0,2.1430000000000002,0.04
391,002799,002799,环球印务,2016-05-27,2016-06-08,2500,2250,7.98,22.99,1.0,1.995,0.03
392,603131,732131,上海沪工,2016-05-26,2016-06-07,2500,2250,10.09,22.98,1.0,2.522,0.04
393,601611,780611,中国核建,2016-05-25,2016-06-06,52500,47250,3.47,15.6,15.7,20.212,0.28
394,300516,300516,久之洋,2016-05-24,2016-06-02,3000,2700,22.5,22.98,1.2,6.75,0.04
395,603737,732737,三棵树,2016-05-23,2016-06-03,2500,2250,15.94,18.09,1.0,3.987,0.04
396,002800,002800,天顺股份,2016-05-19,2016-05-30,1868,1868,7.7,19.77,1.85,1.4380000000000002,0.02
397,300513,300513,恒泰实达,2016-05-18,2016-05-30,1906,1906,11.73,22.98,1.9,2.2359999999999998,0.02
398,300512,300512,中亚股份,2016-05-17,2016-05-26,3375,3038,20.91,22.96,1.3,7.057,0.05
399,002798,002798,帝王洁具,2016-05-16,2016-05-25,2160,1944,10.57,22.98,0.85,2.283,0.03
400,603339,732339,四方冷链,2016-05-06,2016-05-19,5170,4653,10.19,18.99,1.9,5.268,0.06
401,603959,732959,百利科技,2016-05-05,2016-05-17,5600,5040,6.03,22.96,2.2,3.377,0.06
402,603779,732779,威龙股份,2016-05-04,2016-05-16,5020,4518,4.61,22.45,2.0,5.54,0.05
403,002797,002797,第一创业,2016-04-29,2016-05-11,21900,19710,10.64,22.99,6.55,0.0,0.12
404,002796,002796,世嘉科技,2016-04-27,2016-05-10,2000,2000,12.95,22.33,2.0,2.59,0.02
405,300510,300510,金冠电气,2016-04-26,2016-05-06,2180,1962,12.3,22.99,0.85,2.681,0.04
406,603101,732101,汇嘉时代,2016-04-25,2016-05-06,6000,5400,8.81,22.98,2.4,5.2860000000000005,0.06
407,300511,300511,雪榕生物,2016-04-22,2016-05-04,3750,3375,16.82,22.98,1.5,6.308,0.05
408,603528,732528,多伦科技,2016-04-21,2016-05-03,5168,4651,9.45,6.41,1.9,4.8839999999999995,0.06
409,300507,300507,苏奥传感,2016-04-20,2016-04-29,1667,1667,24.92,22.99,1.65,4.154,0.02
410,002795,002795,永和智控,2016-04-19,2016-04-28,2500,2250,14.85,22.99,1.0,3.7119999999999997,0.03
411,603822,732822,嘉澳环保,2016-04-18,2016-04-28,1835,1835,11.76,22.97,1.8,2.158,0.02
412,603029,732029,天鹅股份,2016-04-15,2016-04-27,2334,2101,8.93,22.98,0.8,2.084,0.04
413,300509,300509,新美星,2016-04-14,2016-04-25,2000,2000,13.22,22.98,2.0,2.6439999999999997,0.02
414,603726,732726,朗迪集团,2016-04-11,2016-04-21,2368,2131,11.73,19.23,0.9,2.778,0.04
415,300508,300508,维宏股份,2016-04-08,2016-04-19,1421,1064,20.08,22.98,0.55,2.412,0.03
416,002793,002793,东音股份,2016-04-06,2016-04-15,2500,2250,11.97,14.64,1.0,2.9939999999999998,0.04
417,603868,732868,飞科电器,2016-04-05,2016-04-18,4360,3924,18.03,16.52,1.3,7.864,0.06
418,603701,732701,德宏股份,2016-03-30,2016-04-12,1960,1960,13.5,21.6,1.9,2.6460000000000004,0.03
419,603798,732798,康普顿,2016-03-23,2016-04-06,2500,2250,14.33,17.47,1.0,3.583,0.04
420,300474,300474,景嘉微,2016-03-22,2016-03-31,3350,3015,13.64,21.25,1.3,4.573,0.05
421,603028,732028,赛福天,2016-03-21,2016-03-31,5520,4968,4.26,22.94,2.2,2.352,0.06
422,002791,002791,坚朗五金,2016-03-18,2016-03-29,5359,3992,21.57,21.68,2.1,9.672,0.04
423,002792,002792,通宇通讯,2016-03-17,2016-03-28,3750,2700,22.94,9.74,1.5,6.996,0.04
424,300506,300506,名家汇,2016-03-15,2016-03-24,3000,2700,8.58,22.96,1.2,2.574,0.05
425,300484,300484,蓝海华腾,2016-03-11,2016-03-22,1300,1300,18.75,19.83,1.3,2.438,0.02
426,603861,732861,白云电器,2016-03-09,2016-03-22,4910,4419,8.5,22.97,1.4,4.176,0.07
427,300505,300505,川金诺,2016-03-04,2016-03-15,2335,2102,10.25,22.98,0.9,2.3930000000000002,0.05
428,601020,780020,华钰矿业,2016-03-03,2016-03-16,5200,4680,7.18,22.97,1.5,3.734,0.07
429,002789,002789,建艺集团,2016-03-02,2016-03-11,2030,1827,22.53,21.33,0.8,4.574,0.04
430,603919,732919,金徽酒,2016-03-01,2016-03-10,7000,6300,10.94,18.47,2.8,7.659,0.07
431,300503,300503,昊志机电,2016-02-29,2016-03-09,2500,2250,7.72,22.98,1.0,1.93,0.05
432,603520,732520,司太立,2016-02-26,2016-03-09,3000,2700,12.15,22.98,1.2,3.645,0.05
433,002790,002790,瑞尔特,2016-02-25,2016-03-08,4000,3600,16.58,19.78,1.6,6.635,0.05
434,603027,732027,千禾味业,2016-02-24,2016-03-07,4000,3600,9.19,22.98,1.6,3.676,0.05
435,300502,300502,新易盛,2016-02-23,2016-03-03,1940,1940,21.47,18.58,1.9,4.165,0.03
436,603608,732608,天创时尚,2016-02-01,2016-02-18,7000,6300,9.8,22.98,2.8,6.86,0.08
437,002788,002788,鹭燕医药,2016-01-29,2016-02-18,3205,2885,18.65,22.97,1.25,5.977,0.04
438,601900,780900,南方传媒,2016-01-28,2016-02-15,16910,15219,6.13,22.97,5.0,10.374,0.13
439,603377,732377,东方时尚,2016-01-27,2016-02-05,5000,4500,16.4,21.74,1.5,8.665,0.07
440,300501,300501,海顺新材,2016-01-26,2016-02-04,1338,1338,22.02,22.99,1.3,2.946,0.02
441,300500,300500,启迪设计,2016-01-25,2016-02-04,1500,1500,20.91,22.98,1.5,3.136,0.02
442,300499,300499,高澜股份,2016-01-22,2016-02-02,1667,1667,15.52,22.97,1.65,2.5869999999999997,0.02
443,002778,002778,高科石化,2015-12-24,2016-01-06,2230,2007,8.5,22.97,0.85,1.661,0.19
444,300494,300494,盛天网络,2015-12-23,2015-12-31,3000,2700,18.1,20.85,1.2,5.431,0.19
445,300491,300491,通合科技,2015-12-23,2015-12-31,2000,1800,10.48,22.98,0.8,2.096,0.18
446,002787,002787,华源控股,2015-12-23,2015-12-31,3520,3168,11.37,22.86,1.4,4.002,0.21
447,002777,002777,久远银海,2015-12-23,2015-12-31,2000,1800,11.46,17.72,0.8,1.891,0.14
448,300490,300490,华自科技,2015-12-23,2015-12-31,2500,2250,9.09,22.98,1.0,2.272,0.17
449,603299,732299,井神股份,2015-12-23,2015-12-31,9000,8100,3.69,22.92,2.7,3.3289999999999997,0.25
450,603778,732778,乾景园林,2015-12-23,2015-12-31,2000,1800,18.98,19.57,0.8,4.013999999999999,0.17
451,603508,732508,思维列控,2015-12-14,2015-12-24,4000,3600,33.56,22.99,1.2,13.424000000000001,0.4
452,603996,732996,中新科技,2015-12-14,2015-12-22,5010,4509,10.52,22.96,2.0,5.271,0.24
453,603866,732866,桃李面包,2015-12-14,2015-12-22,4501,4051,13.76,22.98,1.3,6.196000000000001,0.41
454,002786,002786,银宝山新,2015-12-14,2015-12-23,3178,2860,10.72,22.81,1.25,3.407,0.24
455,002782,002782,可立克,2015-12-14,2015-12-22,4260,3834,7.58,22.97,1.7,3.2289999999999996,0.22
456,300495,300495,美尚生态,2015-12-14,2015-12-22,1670,1503,31.82,20.27,0.65,5.421,0.29
457,300492,300492,山鼎设计,2015-12-14,2015-12-23,2080,1872,6.9,22.96,0.8,2.05,0.19
458,002785,002785,万里石,2015-12-14,2015-12-23,5000,4500,2.29,22.9,2.0,1.145,0.18
459,002781,002781,奇信股份,2015-12-14,2015-12-22,5625,4050,13.31,20.35,2.25,6.117000000000001,0.27
460,300497,300497,富祥股份,2015-12-11,2015-12-22,1800,1620,15.33,21.79,0.7,2.76,0.16
461,300496,300496,中科创达,2015-12-02,2015-12-10,2500,2250,23.27,22.99,1.0,5.817,0.24
462,603800,732800,道森股份,2015-12-01,2015-12-10,5200,4680,10.95,21.15,2.0,5.694,0.32
463,603999,732999,读者传媒,2015-12-01,2015-12-10,6000,5400,9.77,19.85,2.4,5.8629999999999995,0.25
464,002780,002780,三夫户外,2015-12-01,2015-12-09,1700,1530,9.42,22.95,0.65,1.601,0.15
465,300493,300493,润欣科技,2015-12-01,2015-12-10,3000,2700,6.87,22.97,1.2,2.061,0.15
466,002779,002779,中坚科技,2015-12-01,2015-12-09,2200,1980,12.11,18.97,0.85,2.6639999999999997,0.16
467,603398,732398,邦宝益智,2015-12-01,2015-12-09,2400,2160,13.97,22.99,0.9,3.353,0.23
468,603696,732696,安记食品,2015-12-01,2015-12-09,3000,2700,10.1,22.95,1.2,3.03,0.28
469,603936,732936,博敏电子,2015-12-01,2015-12-09,4185,3767,8.06,22.98,1.6,3.373,0.23
470,002783,002783,凯龙股份,2015-11-30,2015-12-09,2087,1878,28.68,22.98,0.8,5.986000000000001,0.22
471,300488,300488,恒锋工具,2015-06-23,2015-07-01,1563,1126,20.11,19.3,0.6,2.516,0.15
472,300480,300480,光力科技,2015-06-23,2015-07-02,2300,2070,7.28,22.99,0.9,1.675,0.16
473,300482,300482,万孚生物,2015-06-19,2015-06-30,2200,1980,16.0,18.56,0.85,3.52,0.39
474,300487,300487,蓝晓科技,2015-06-19,2015-07-02,2000,1800,14.83,20.32,0.8,2.966,0.47
475,300481,300481,濮阳惠成,2015-06-19,2015-06-30,2000,1800,9.13,22.95,0.8,1.8259999999999998,0.47
476,603979,732979,金诚信,2015-06-19,2015-06-30,9500,8550,17.19,22.98,3.8,16.332,0.78
477,603085,732085,天成自控,2015-06-19,2015-06-30,2500,2250,7.27,22.98,1.0,1.818,0.27
478,002770,002770,科迪乳业,2015-06-19,2015-06-30,6840,6156,6.85,20.81,2.7,4.685,0.49
479,300489,300489,中飞股份,2015-06-19,2015-07-01,1135,1022,17.56,22.97,0.45,1.993,0.41
480,300486,300486,东杰智能,2015-06-19,2015-06-30,3472,3125,8.94,22.96,1.35,3.1069999999999998,0.37
481,603223,732223,恒通股份,2015-06-19,2015-06-30,3000,2700,8.31,22.97,1.2,2.4930000000000003,0.35
482,002769,002769,普路通,2015-06-18,2015-06-29,1850,1665,28.49,19.64,0.7,5.271,0.41
483,603589,732589,口子窖,2015-06-18,2015-06-29,6000,5400,16.0,22.98,1.8,9.6,0.69
484,603117,732117,万林股份,2015-06-18,2015-06-29,6000,5400,5.93,22.98,1.8,3.5580000000000003,0.31
485,002771,002771,真视通,2015-06-18,2015-06-29,2000,1800,12.78,22.98,0.8,2.556,0.19
486,002768,002768,国恩股份,2015-06-18,2015-06-30,2000,1800,17.47,22.99,0.8,3.4939999999999998,0.44
487,603116,732116,红蜻蜓,2015-06-18,2015-06-29,5880,5292,17.7,22.94,1.7,10.412,0.77
488,603838,732838,四通股份,2015-06-18,2015-07-01,3334,3001,7.73,22.96,1.3,2.577,0.27
489,002776,002776,柏堡龙,2015-06-18,2015-06-26,2622,2360,23.29,22.98,1.0,6.107,0.6
490,601211,780211,国泰君安,2015-06-18,2015-06-26,152500,106750,19.71,22.99,45.7,300.577,1.57
491,300483,300483,沃施股份,2015-06-18,2015-06-30,1550,1395,11.39,22.99,0.6,1.765,0.32
492,002775,002775,文科园林,2015-06-18,2015-06-29,3000,2700,16.93,22.98,1.2,5.079,0.49
493,300485,300485,赛升药业,2015-06-17,2015-06-26,3000,2700,38.46,22.99,1.2,11.538,0.37
494,002773,002773,康弘药业,2015-06-17,2015-06-26,4560,4104,13.62,22.98,1.35,6.211,0.23
495,002772,002772,众兴菌业,2015-06-17,2015-06-26,3725,3353,13.0,22.98,1.45,4.843,0.22
496,002766,002766,索菱股份,2015-06-03,2015-06-11,4580,4122,7.53,22.82,1.8,3.449,0.32
497,300479,300479,神思电子,2015-06-03,2015-06-12,2000,1800,11.02,22.96,0.8,2.204,0.28
498,300476,300476,胜宏科技,2015-06-03,2015-06-11,3667,3300,15.73,22.97,1.4,5.768,0.46
499,601968,780968,宝钢包装,2015-06-03,2015-06-11,20833,18750,3.08,22.93,6.2,6.417000000000001,0.45
500,300473,300473,德尔股份,2015-06-03,2015-06-12,2500,2250,28.76,22.99,1.0,7.19,0.59
501,603066,732066,音飞储存,2015-06-03,2015-06-11,2500,2250,12.43,20.98,1.0,3.108,0.26
502,603616,732616,韩建河山,2015-06-03,2015-06-11,3668,3301,11.35,20.64,1.3,4.166,0.33
503,300472,300472,新元科技,2015-06-03,2015-06-11,1667,1500,11.39,22.99,0.65,1.899,0.35
504,300469,300469,信息发展,2015-06-03,2015-06-11,1670,1503,10.14,22.98,0.6,1.693,0.26
505,002767,002767,先锋电子,2015-06-03,2015-06-12,2500,2250,14.87,22.43,1.0,3.719,0.35
506,002760,002760,凤形股份,2015-06-03,2015-06-11,2200,1980,8.31,22.97,0.85,1.828,0.34
507,300471,300471,厚普股份,2015-06-03,2015-06-11,1780,1332,54.01,21.85,0.7,8.12,0.53
508,601368,780368,绿城水务,2015-06-02,2015-06-12,14700,13230,6.43,22.96,4.4,8.801,0.3
509,002762,002762,金发拉比,2015-06-02,2015-06-10,1700,1530,26.0,18.71,0.65,4.421,0.29
510,300470,300470,日机密封,2015-06-02,2015-06-12,1334,1201,34.6,21.84,0.5,4.617,0.33
511,300464,300464,星徽精密,2015-06-02,2015-06-10,2067,1860,10.2,22.67,0.8,2.108,0.28
512,002765,002765,蓝黛传动,2015-06-02,2015-06-12,5200,4680,7.67,22.98,2.05,3.6689999999999996,0.29
513,002761,002761,多喜爱,2015-06-02,2015-06-10,3000,2700,7.28,22.75,1.2,2.184,0.23
514,300478,300478,杭州高新,2015-06-02,2015-06-10,1667,1500,14.84,22.99,0.55,2.474,0.27
515,300475,300475,聚隆科技,2015-06-02,2015-06-10,5000,4500,8.8,13.33,2.0,4.4,0.27
516,002763,002763,汇洁股份,2015-06-02,2015-06-10,5400,4860,13.1,21.72,2.15,7.077000000000001,0.37
517,300477,300477,合纵科技,2015-06-02,2015-06-10,2705,2340,10.61,15.38,1.0,2.76,0.24
518,601985,780985,中国核电,2015-06-02,2015-06-10,389100,272370,3.39,22.29,116.7,135.799,1.63
519,603026,732026,石大胜华,2015-05-21,2015-05-29,5068,4561,6.51,32.55,1.8,3.299,0.3
520,603300,732300,华铁科技,2015-05-20,2015-05-29,5067,4560,8.22,22.98,2.0,4.165,0.37
521,603669,732669,灵康药业,2015-05-20,2015-05-28,6500,5850,11.7,22.98,2.6,7.605,0.41
522,603198,732198,迎驾贡酒,2015-05-20,2015-05-28,8000,7200,11.8,19.4,2.4,9.446,0.7
523,603568,732568,伟明环保,2015-05-20,2015-05-28,4580,4122,11.27,22.97,1.3,5.162000000000001,0.46
524,603901,732901,永创智能,2015-05-20,2015-05-29,2500,2250,15.81,22.91,1.0,3.9530000000000003,0.35
525,603918,732918,金桥信息,2015-05-20,2015-05-28,2200,1980,9.5,22.99,0.8,2.09,0.21
526,300465,300465,高伟达,2015-05-20,2015-05-28,3334,3001,11.26,22.93,1.2,3.7539999999999996,0.3
527,002759,002759,天际股份,2015-05-19,2015-05-28,2400,2160,12.02,20.16,0.95,2.886,0.31
528,603108,732108,润达医疗,2015-05-19,2015-05-27,2360,2124,17.0,22.97,0.8,4.012,0.28
529,300467,300467,迅游科技,2015-05-19,2015-05-27,1000,900,33.75,22.99,0.4,3.375,0.2
530,002758,002758,华通医药,2015-05-19,2015-05-27,1400,1260,18.04,22.98,0.55,2.526,0.26
531,603023,732023,威帝股份,2015-05-19,2015-05-27,2000,1800,13.25,14.46,0.8,2.65,0.26
532,300466,300466,赛摩电气,2015-05-19,2015-05-28,2000,1800,10.25,22.99,0.8,2.05,0.31
533,300463,300463,迈克生物,2015-05-19,2015-05-28,4650,3375,27.96,22.99,1.85,10.066,0.32
534,603598,732598,引力传媒,2015-05-19,2015-05-27,3334,3001,7.2,22.96,1.2,2.403,0.17
535,603885,732885,吉祥航空,2015-05-19,2015-05-27,6800,6120,11.18,22.98,2.0,7.607,0.31
536,002757,002757,南兴装备,2015-05-19,2015-05-27,2734,2461,12.94,22.98,1.05,3.5380000000000003,0.32
537,300468,300468,四方精创,2015-05-19,2015-05-27,2500,2250,18.76,22.98,1.0,4.69,0.27
538,300462,300462,华铭智能,2015-05-19,2015-05-27,1722,1550,14.25,22.97,0.5,2.454,0.35
