,time,price,pchange,change,volume,amount,type
0,15:00:00,18.32,-2.14,0.0,0,0,卖盘
1,15:00:00,18.32,-2.14,-0.03,0,0,卖盘
2,14:59:58,18.35,-1.98,0.01,1,1835,买盘
3,14:59:49,18.34,-2.03,0.0,10,18340,卖盘
4,14:59:46,18.34,-2.03,0.02,52,95368,买盘
5,14:59:34,18.32,-2.14,0.0,3,5496,卖盘
6,14:59:31,18.32,-2.14,0.01,5,9160,卖盘
7,14:59:28,18.31,-2.19,0.0,5,9155,卖盘
8,14:59:25,18.31,-2.19,-0.02,5,9155,卖盘
9,14:59:22,18.33,-2.08,0.02,5,9165,买盘
10,14:59:10,18.31,-2.19,0.0,9,16479,卖盘
11,14:59:04,18.31,-2.19,0.01,15,27465,买盘
12,14:58:52,18.3,-2.24,0.0,5,9150,卖盘
13,14:58:43,18.3,-2.24,0.01,14,25620,买盘
14,14:58:40,18.29,-2.30,-0.01,10,18290,卖盘
15,14:58:34,18.3,-2.24,0.0,8,14640,买盘
16,14:58:28,18.3,-2.24,0.0,5,9150,买盘
17,14:58:22,18.3,-2.24,0.0,4,7320,卖盘
18,14:58:10,18.3,-2.24,0.0,8,14640,卖盘
19,14:58:07,18.3,-2.24,-0.01,64,117120,卖盘
20,14:57:58,18.31,-2.19,0.01,4,7324,买盘
21,14:57:55,18.3,-2.24,-0.01,10,18300,卖盘
22,14:57:43,18.31,-2.19,-0.01,8,14648,卖盘
23,14:57:37,18.32,-2.14,0.01,7,12824,买盘
24,14:57:27,18.31,-2.19,0.0,3,5493,卖盘
25,14:57:22,18.31,-2.19,-0.01,10,18310,卖盘
26,14:57:19,18.32,-2.14,0.01,1,1832,买盘
27,14:57:07,18.31,-2.19,-0.01,13,23803,卖盘
28,14:57:04,18.32,-2.14,0.0,10,18320,买盘
29,14:56:48,18.32,-2.14,-0.01,36,65952,卖盘
30,14:56:36,18.33,-2.08,0.01,10,18330,卖盘
31,14:56:03,18.32,-2.14,0.0,0,0,卖盘
32,14:56:00,18.32,-2.14,0.0,10,18320,卖盘
33,14:55:57,18.32,-2.14,-0.03,14,25648,卖盘
34,14:55:51,18.35,-1.98,0.02,2,3670,买盘
35,14:55:45,18.33,-2.08,0.0,7,12831,买盘
36,14:55:39,18.33,-2.08,0.01,20,36660,买盘
37,14:55:36,18.32,-2.14,0.0,50,91600,卖盘
38,14:55:33,18.32,-2.14,-0.01,5,9160,卖盘
39,14:55:27,18.33,-2.08,0.0,42,76986,买盘
40,14:55:24,18.33,-2.08,0.01,5,9165,卖盘
41,14:55:21,18.32,-2.14,-0.01,12,21984,卖盘
42,14:55:18,18.33,-2.08,0.0,5,9165,买盘
43,14:55:12,18.33,-2.08,0.01,17,31161,买盘
44,14:55:09,18.32,-2.14,0.0,5,9160,卖盘
45,14:55:06,18.32,-2.14,0.0,5,9160,卖盘
46,14:55:00,18.32,-2.14,-0.01,2,3664,卖盘
47,14:54:57,18.33,-2.08,0.0,2,3666,买盘
48,14:54:45,18.33,-2.08,0.0,5,9165,买盘
49,14:54:39,18.33,-2.08,0.0,2,3666,买盘
50,14:54:36,18.33,-2.08,0.0,1,1833,买盘
51,14:54:33,18.33,-2.08,0.0,27,49491,买盘
52,14:54:30,18.33,-2.08,0.01,16,29328,买盘
53,14:54:24,18.32,-2.14,-0.01,1,1832,卖盘
54,14:54:21,18.33,-2.08,0.01,7,12831,买盘
55,14:54:18,18.32,-2.14,-0.03,5,9160,卖盘
56,14:54:12,18.35,-1.98,0.0,0,0,买盘
57,14:54:06,18.35,-1.98,0.02,6,11010,买盘
58,14:53:57,18.33,-2.08,0.0,0,0,卖盘
59,14:53:54,18.33,-2.08,0.03,11,20163,买盘
60,14:53:51,18.3,-2.24,-0.02,1,1830,卖盘
61,14:53:48,18.32,-2.14,0.0,27,49464,买盘
62,14:53:42,18.32,-2.14,-0.01,64,117248,卖盘
63,14:53:26,18.33,-2.08,0.01,19,34827,买盘
64,14:53:05,18.32,-2.14,0.0,42,76944,买盘
65,14:53:02,18.32,-2.14,0.0,5,9160,买盘
66,14:52:53,18.32,-2.14,0.0,2,3664,买盘
67,14:52:47,18.32,-2.14,-0.01,1,1832,中性盘
68,14:52:44,18.33,-2.08,0.03,8,14664,买盘
69,14:52:26,18.3,-2.24,0.0,141,258030,卖盘
70,14:52:14,18.3,-2.24,0.0,0,0,卖盘
71,14:52:11,18.3,-2.24,-0.01,10,18300,卖盘
72,14:52:05,18.31,-2.19,0.01,9,16479,买盘
73,14:51:38,18.3,-2.24,0.0,91,166530,买盘
74,14:51:32,18.3,-2.24,0.0,1,1830,买盘
75,14:51:29,18.3,-2.24,0.0,65,118950,买盘
76,14:51:26,18.3,-2.24,0.0,1,1830,买盘
77,14:51:23,18.3,-2.24,0.0,20,36600,买盘
78,14:51:08,18.3,-2.24,0.0,1,1830,买盘
79,14:50:59,18.3,-2.24,0.0,3,5490,买盘
80,14:50:50,18.3,-2.24,0.0,3,5490,买盘
81,14:50:44,18.3,-2.24,-0.01,45,82350,卖盘
82,14:50:32,18.31,-2.19,0.01,5,9155,买盘
83,14:50:20,18.3,-2.24,0.0,2,3660,卖盘
84,14:50:17,18.3,-2.24,0.0,9,16470,卖盘
85,14:50:11,18.3,-2.24,0.01,6,10980,买盘
86,14:50:08,18.29,-2.30,0.01,5,9145,卖盘
87,14:50:05,18.28,-2.35,0.0,0,0,卖盘
88,14:49:59,18.28,-2.35,-0.03,97,177316,卖盘
89,14:49:56,18.31,-2.19,0.0,2,3662,买盘
90,14:49:53,18.31,-2.19,0.01,1,1831,买盘
91,14:49:50,18.3,-2.24,0.0,21,38430,买盘
92,14:49:41,18.3,-2.24,0.0,10,18300,买盘
93,14:49:38,18.3,-2.24,0.02,5,9150,买盘
94,14:49:35,18.28,-2.35,-0.02,20,36560,卖盘
95,14:49:23,18.3,-2.24,0.03,49,89670,买盘
96,14:49:17,18.27,-2.40,0.0,0,0,卖盘
97,14:49:14,18.27,-2.40,0.0,98,179046,卖盘
98,14:49:08,18.27,-2.40,0.0,0,0,卖盘
99,14:49:05,18.27,-2.40,-0.03,59,107793,卖盘
100,14:49:02,18.3,-2.24,0.01,1,1830,买盘
101,14:48:59,18.29,-2.30,0.01,1,1829,卖盘
102,14:48:53,18.28,-2.35,0.0,6,10968,卖盘
103,14:48:41,18.28,-2.35,0.0,10,18280,卖盘
104,14:48:38,18.28,-2.35,0.0,0,0,卖盘
105,14:48:35,18.28,-2.35,0.0,44,80432,买盘
106,14:48:32,18.28,-2.35,0.01,1,1828,买盘
107,14:48:23,18.27,-2.40,0.0,11,20134,卖盘
108,14:48:20,18.27,-2.40,0.0,44,80388,卖盘
109,14:48:20,18.27,-2.40,0.0,44,80388,中性盘
110,14:48:20,18.27,-2.40,-0.01,44,80388,卖盘
111,14:48:14,18.28,-2.35,0.01,109,199252,买盘
112,14:48:11,18.27,-2.40,-0.01,43,78561,卖盘
113,14:48:05,18.28,-2.35,0.0,65,118820,买盘
114,14:47:59,18.28,-2.35,0.0,3,5484,卖盘
115,14:47:53,18.28,-2.35,0.0,63,115164,卖盘
116,14:47:50,18.28,-2.35,0.0,30,54840,卖盘
117,14:47:47,18.28,-2.35,-0.01,2,3656,卖盘
118,14:47:35,18.29,-2.30,-0.02,74,135346,卖盘
119,14:47:26,18.31,-2.19,0.01,5,9155,买盘
120,14:47:23,18.3,-2.24,0.0,1,1830,卖盘
121,14:47:20,18.3,-2.24,0.0,20,36600,卖盘
122,14:47:17,18.3,-2.24,0.0,5,9150,卖盘
123,14:47:14,18.3,-2.24,0.0,3,5490,卖盘
124,14:47:11,18.3,-2.24,-0.01,110,201300,卖盘
125,14:47:08,18.31,-2.19,-0.01,52,95212,卖盘
126,14:47:05,18.32,-2.14,0.0,28,51296,卖盘
127,14:46:55,18.32,-2.14,-0.01,1,1832,卖盘
128,14:46:52,18.33,-2.08,0.0,5,9165,买盘
129,14:46:49,18.33,-2.08,-0.01,6,12794,卖盘
130,14:46:46,18.34,-2.03,0.01,3,5502,买盘
131,14:46:40,18.33,-2.08,0.0,2,3666,卖盘
132,14:46:37,18.33,-2.08,-0.01,62,113646,卖盘
133,14:46:28,18.34,-2.03,0.01,18,33012,买盘
134,14:46:25,18.33,-2.08,0.0,20,36660,卖盘
135,14:46:19,18.33,-2.08,0.0,0,0,卖盘
136,14:46:13,18.33,-2.08,-0.02,20,36660,卖盘
137,14:46:01,18.35,-1.98,0.01,71,130285,买盘
138,14:45:34,18.34,-2.03,-0.01,10,18377,卖盘
139,14:45:28,18.35,-1.98,0.01,11,20185,买盘
140,14:45:25,18.34,-2.03,0.0,6,11004,卖盘
141,14:45:16,18.34,-2.03,0.0,10,18340,卖盘
142,14:45:04,18.34,-2.03,-0.01,4,7336,卖盘
143,14:44:58,18.35,-1.98,0.0,3,5505,买盘
144,14:44:55,18.35,-1.98,0.0,18,33030,买盘
145,14:44:52,18.35,-1.98,0.01,3,5505,买盘
146,14:44:49,18.34,-2.03,-0.01,9,16506,卖盘
147,14:44:46,18.35,-1.98,0.0,10,18350,买盘
148,14:44:43,18.35,-1.98,0.0,147,269745,卖盘
149,14:44:40,18.35,-1.98,-0.01,1,1835,卖盘
150,14:44:37,18.36,-1.92,0.01,25,45900,买盘
151,14:44:31,18.35,-1.98,-0.01,8,14680,卖盘
152,14:44:28,18.36,-1.92,0.0,6,11016,买盘
153,14:44:22,18.36,-1.92,0.0,227,417617,卖盘
154,14:44:19,18.36,-1.92,0.0,1,1836,卖盘
155,14:44:16,18.36,-1.92,0.0,30,55080,卖盘
156,14:44:13,18.36,-1.92,-0.01,18,33048,卖盘
157,14:44:10,18.37,-1.87,0.01,44,80828,买盘
158,14:44:01,18.36,-1.92,-0.01,1,1836,卖盘
159,14:43:58,18.37,-1.87,0.01,2,3674,买盘
160,14:43:55,18.36,-1.92,-0.01,19,34884,卖盘
161,14:43:52,18.37,-1.87,0.0,0,0,中性盘
162,14:43:49,18.37,-1.87,0.0,1,1837,卖盘
163,14:43:46,18.37,-1.87,0.01,1,1837,卖盘
164,14:43:37,18.36,-1.92,0.0,32,59743,卖盘
165,14:43:22,18.36,-1.92,0.0,29,53244,买盘
166,14:43:19,18.36,-1.92,0.0,10,18360,买盘
167,14:43:16,18.36,-1.92,0.0,31,56916,买盘
168,14:43:13,18.36,-1.92,0.0,45,82620,买盘
169,14:43:10,18.36,-1.92,0.01,4,7344,买盘
170,14:43:01,18.35,-1.98,0.01,11,20185,中性盘
171,14:42:58,18.34,-2.03,-0.04,1,1834,卖盘
172,14:42:55,18.38,-1.82,0.02,25,45950,买盘
173,14:42:46,18.36,-1.92,0.0,2,3672,卖盘
174,14:42:43,18.36,-1.92,0.0,1,1836,买盘
175,14:42:40,18.36,-1.92,0.02,10,18360,买盘
176,14:42:28,18.34,-2.03,0.01,2,3668,买盘
177,14:42:19,18.33,-2.08,0.01,2,3666,卖盘
178,14:42:07,18.32,-2.14,0.0,0,0,卖盘
179,14:42:04,18.32,-2.14,0.0,0,0,卖盘
180,14:41:52,18.32,-2.14,0.0,5,9160,买盘
181,14:41:46,18.32,-2.14,-0.04,15,27480,卖盘
182,14:41:34,18.36,-1.92,0.0,50,91800,买盘
183,14:41:22,18.36,-1.92,0.03,2,3672,买盘
184,14:41:19,18.33,-2.08,-0.03,89,163137,卖盘
185,14:41:10,18.36,-1.92,0.01,20,36720,买盘
186,14:41:04,18.35,-1.98,0.0,0,0,买盘
187,14:40:58,18.35,-1.98,0.0,8,14680,卖盘
188,14:40:55,18.35,-1.98,-0.01,21,38535,卖盘
189,14:40:46,18.36,-1.92,0.0,50,91800,买盘
190,14:40:43,18.36,-1.92,-0.03,7,12852,卖盘
191,14:40:40,18.39,-1.76,0.01,10,18390,买盘
192,14:40:37,18.38,-1.82,0.0,7,12866,卖盘
193,14:40:34,18.38,-1.82,0.02,43,79034,买盘
194,14:40:31,18.36,-1.92,-0.02,103,189108,卖盘
195,14:40:22,18.38,-1.82,0.0,5,9190,卖盘
196,14:40:19,18.38,-1.82,-0.01,6,11028,中性盘
197,14:40:16,18.39,-1.76,0.03,30,55170,买盘
198,14:40:10,18.36,-1.92,0.0,0,0,卖盘
199,14:40:07,18.36,-1.92,-0.02,20,36720,卖盘
200,14:40:04,18.38,-1.82,0.0,1,1838,卖盘
201,14:40:01,18.38,-1.82,0.0,42,77196,卖盘
202,14:39:49,18.38,-1.82,0.0,15,27570,卖盘
203,14:39:43,18.38,-1.82,-0.01,1,1838,卖盘
204,14:39:40,18.39,-1.76,0.0,22,40458,卖盘
205,14:39:34,18.39,-1.76,0.0,18,33102,卖盘
206,14:39:31,18.39,-1.76,0.0,22,40458,卖盘
207,14:39:28,18.39,-1.76,-0.01,3,5517,卖盘
208,14:39:25,18.4,-1.71,0.0,54,99360,卖盘
209,14:39:22,18.4,-1.71,0.0,82,150880,卖盘
210,14:39:19,18.4,-1.71,0.0,1,1840,卖盘
211,14:39:16,18.4,-1.71,0.0,10,18400,卖盘
212,14:39:13,18.4,-1.71,-0.01,50,92000,卖盘
213,14:39:10,18.41,-1.66,0.01,4,7364,买盘
214,14:39:07,18.4,-1.71,-0.01,50,92000,卖盘
215,14:39:01,18.41,-1.66,0.0,2,3682,卖盘
216,14:38:55,18.41,-1.66,0.0,11,20251,卖盘
217,14:38:43,18.41,-1.66,0.0,21,38661,卖盘
218,14:38:34,18.41,-1.66,0.0,1,1841,卖盘
219,14:38:24,18.41,-1.66,-0.01,8,14728,卖盘
220,14:38:18,18.42,-1.60,0.0,7,12894,卖盘
221,14:38:15,18.42,-1.60,0.01,10,18420,买盘
222,14:38:12,18.41,-1.66,-0.01,5,9205,卖盘
223,14:38:09,18.42,-1.60,0.01,10,18420,买盘
224,14:38:06,18.41,-1.66,0.0,3,5523,卖盘
225,14:38:00,18.41,-1.66,-0.02,57,104937,卖盘
226,14:37:57,18.43,-1.55,0.02,3,5529,买盘
227,14:37:51,18.41,-1.66,-0.01,20,36820,卖盘
228,14:37:48,18.42,-1.60,0.0,9,16578,卖盘
229,14:37:42,18.42,-1.60,0.0,1,1842,卖盘
230,14:37:39,18.42,-1.60,0.0,50,92100,卖盘
231,14:37:30,18.42,-1.60,0.0,16,29472,卖盘
232,14:37:12,18.42,-1.60,0.0,4,7368,卖盘
233,14:37:03,18.42,-1.60,0.0,8,14736,卖盘
234,14:36:51,18.42,-1.60,0.0,13,23946,卖盘
235,14:36:45,18.42,-1.60,0.0,13,23946,卖盘
236,14:36:42,18.42,-1.60,0.0,30,55260,卖盘
237,14:36:30,18.42,-1.60,0.0,2,3684,中性盘
238,14:36:30,18.42,-1.60,0.0,2,3684,卖盘
239,14:36:03,18.42,-1.60,-0.01,2,3684,卖盘
240,14:35:57,18.43,-1.55,0.0,10,18430,买盘
241,14:35:30,18.43,-1.55,0.01,10,18430,买盘
242,14:35:23,18.42,-1.60,-0.01,2,3684,卖盘
243,14:35:14,18.43,-1.55,0.01,1,1843,买盘
244,14:34:59,18.42,-1.60,0.0,78,143676,卖盘
245,14:34:53,18.42,-1.60,0.0,1,1842,卖盘
246,14:34:44,18.42,-1.60,0.0,2,3684,卖盘
247,14:34:41,18.42,-1.60,-0.01,9,16578,卖盘
248,14:34:38,18.43,-1.55,0.0,80,147440,买盘
249,14:34:32,18.43,-1.55,0.0,2,3686,买盘
250,14:34:29,18.43,-1.55,0.0,4,7372,买盘
251,14:34:23,18.43,-1.55,0.01,3,5529,买盘
252,14:34:08,18.42,-1.60,-0.01,2,3684,卖盘
253,14:34:05,18.43,-1.55,0.02,10,18430,买盘
254,14:34:02,18.41,-1.66,0.0,0,0,卖盘
255,14:33:56,18.41,-1.66,-0.01,7,12887,卖盘
256,14:33:53,18.42,-1.60,0.0,1,1842,卖盘
257,14:33:44,18.42,-1.60,0.0,40,73680,卖盘
258,14:33:20,18.42,-1.60,-0.01,2,3684,卖盘
259,14:33:17,18.43,-1.55,0.0,1,1843,买盘
260,14:33:05,18.43,-1.55,0.0,10,18430,买盘
261,14:33:02,18.43,-1.55,0.0,5,9215,买盘
262,14:32:50,18.43,-1.55,0.01,1,1843,买盘
263,14:32:41,18.42,-1.60,0.0,2,3684,卖盘
264,14:32:32,18.42,-1.60,-0.01,5,9210,卖盘
265,14:32:29,18.43,-1.55,0.01,7,12901,买盘
266,14:32:23,18.42,-1.60,-0.01,2,3684,卖盘
267,14:32:17,18.43,-1.55,0.0,39,71877,买盘
268,14:32:11,18.43,-1.55,0.0,5,9215,买盘
269,14:32:08,18.43,-1.55,0.0,19,35017,买盘
270,14:32:05,18.43,-1.55,0.0,9,16587,买盘
271,14:31:50,18.43,-1.55,0.0,11,20273,买盘
272,14:31:47,18.43,-1.55,0.0,4,7372,买盘
273,14:31:44,18.43,-1.55,0.0,2,3686,买盘
274,14:31:41,18.43,-1.55,0.0,31,57133,买盘
275,14:31:38,18.43,-1.55,0.0,40,73720,买盘
276,14:31:35,18.43,-1.55,-0.02,6,11058,买盘
277,14:31:32,18.45,-1.44,0.0,0,0,买盘
278,14:31:29,18.45,-1.44,0.02,62,114390,买盘
279,14:31:23,18.43,-1.55,0.0,5,9215,买盘
280,14:31:20,18.43,-1.55,0.0,80,147440,买盘
281,14:31:17,18.43,-1.55,0.0,5,9215,买盘
282,14:31:14,18.43,-1.55,0.0,37,68191,买盘
283,14:31:11,18.43,-1.55,0.0,2,3686,买盘
284,14:31:05,18.43,-1.55,0.0,1,1843,买盘
285,14:30:59,18.43,-1.55,0.01,100,184300,买盘
286,14:30:41,18.42,-1.60,0.0,40,73680,卖盘
287,14:30:38,18.42,-1.60,0.0,22,40524,买盘
288,14:29:59,18.42,-1.60,0.0,7,12894,卖盘
289,14:29:41,18.42,-1.60,0.0,1,1842,卖盘
290,14:29:11,18.42,-1.60,0.01,2,3684,买盘
291,14:28:35,18.41,-1.66,0.0,0,0,卖盘
292,14:28:32,18.41,-1.66,0.0,5,9205,卖盘
293,14:28:20,18.41,-1.66,0.0,2,3682,卖盘
294,14:28:08,18.41,-1.66,0.0,5,9205,卖盘
295,14:27:50,18.41,-1.66,0.01,9,16569,卖盘
296,14:27:43,18.4,-1.71,0.0,0,0,卖盘
297,14:27:40,18.4,-1.71,0.0,0,0,卖盘
298,14:27:36,18.4,-1.71,-0.03,89,163760,卖盘
299,14:27:34,18.43,-1.55,0.01,50,92150,买盘
300,14:26:55,18.42,-1.60,0.0,6,11052,买盘
301,14:26:40,18.42,-1.60,0.0,8,14736,买盘
302,14:26:31,18.42,-1.60,0.0,3,5526,买盘
303,14:26:25,18.42,-1.60,0.0,21,38682,卖盘
304,14:25:52,18.42,-1.60,-0.01,1,1842,卖盘
305,14:25:46,18.43,-1.55,0.0,24,44232,买盘
306,14:25:34,18.43,-1.55,0.01,31,57133,买盘
307,14:25:19,18.42,-1.60,0.0,0,0,中性盘
308,14:25:10,18.42,-1.60,0.01,10,18420,卖盘
309,14:25:07,18.41,-1.66,0.0,0,0,卖盘
310,14:25:04,18.41,-1.66,-0.01,5,9205,卖盘
311,14:25:01,18.42,-1.60,0.0,0,0,中性盘
312,14:24:55,18.42,-1.60,0.0,6,11052,中性盘
313,14:24:55,18.42,-1.60,0.01,6,11052,买盘
314,14:24:52,18.41,-1.66,-0.01,16,29456,卖盘
315,14:24:49,18.42,-1.60,0.0,126,232092,买盘
316,14:24:31,18.42,-1.60,0.0,13,23946,买盘
317,14:24:28,18.42,-1.60,0.0,3,5526,买盘
318,14:24:22,18.42,-1.60,0.01,5,9210,买盘
319,14:24:19,18.41,-1.66,0.0,82,150962,卖盘
320,14:24:07,18.41,-1.66,0.0,2,3682,卖盘
321,14:23:52,18.41,-1.66,0.0,3,5523,买盘
322,14:23:37,18.41,-1.66,0.01,11,20251,买盘
323,14:23:31,18.4,-1.71,0.0,6,11040,卖盘
324,14:23:25,18.4,-1.71,0.0,16,29440,卖盘
325,14:23:16,18.4,-1.71,0.0,20,36800,卖盘
326,14:23:13,18.4,-1.71,0.0,0,0,卖盘
327,14:23:07,18.4,-1.71,-0.02,82,150880,卖盘
328,14:23:04,18.42,-1.60,0.01,5,9210,买盘
329,14:22:55,18.41,-1.66,-0.01,82,150962,卖盘
330,14:22:52,18.42,-1.60,0.0,1,1842,买盘
331,14:22:43,18.42,-1.60,0.0,70,128940,卖盘
332,14:22:40,18.42,-1.60,-0.01,69,127098,卖盘
333,14:22:25,18.43,-1.55,0.0,2,3686,买盘
334,14:22:22,18.43,-1.55,0.0,1,1843,买盘
335,14:22:16,18.43,-1.55,0.0,1,1843,买盘
336,14:22:13,18.43,-1.55,0.0,2,3686,买盘
337,14:22:01,18.43,-1.55,0.0,3,5529,买盘
338,14:21:58,18.43,-1.55,-0.01,50,92150,卖盘
339,14:21:55,18.44,-1.50,0.01,3,5532,买盘
340,14:21:52,18.43,-1.55,0.0,41,75563,买盘
341,14:21:46,18.43,-1.55,0.01,1,1843,买盘
342,14:21:37,18.42,-1.60,0.0,0,0,卖盘
343,14:21:34,18.42,-1.60,-0.02,54,99468,卖盘
344,14:21:25,18.44,-1.50,0.01,2,3688,买盘
345,14:21:22,18.43,-1.55,-0.01,6,11058,卖盘
346,14:21:19,18.44,-1.50,0.0,2,3688,买盘
347,14:21:13,18.44,-1.50,0.0,2,3688,买盘
348,14:21:07,18.44,-1.50,0.0,2,3688,买盘
349,14:21:04,18.44,-1.50,-0.01,4,7376,卖盘
350,14:20:52,18.45,-1.44,0.01,2,3690,买盘
351,14:20:46,18.44,-1.50,-0.01,1,1844,卖盘
352,14:20:43,18.45,-1.44,0.0,10,18450,卖盘
353,14:20:40,18.45,-1.44,0.0,50,92250,卖盘
354,14:20:34,18.45,-1.44,0.0,0,0,卖盘
355,14:20:13,18.45,-1.44,-0.02,4,7380,卖盘
356,14:20:00,18.47,-1.34,0.02,1,1847,买盘
357,14:19:52,18.45,-1.44,-0.02,10,18450,卖盘
358,14:19:48,18.47,-1.34,0.02,2,3694,买盘
359,14:19:46,18.45,-1.44,-0.02,3,5535,卖盘
360,14:19:30,18.47,-1.34,0.01,22,40634,买盘
361,14:19:24,18.46,-1.39,-0.01,18,33228,卖盘
362,14:19:22,18.47,-1.34,0.01,10,18470,买盘
363,14:19:13,18.46,-1.39,-0.01,5,9230,卖盘
364,14:19:06,18.47,-1.34,0.01,12,22164,买盘
365,14:19:04,18.46,-1.39,0.0,10,18460,卖盘
366,14:18:54,18.46,-1.39,0.0,4,7384,卖盘
367,14:18:39,18.46,-1.39,0.0,5,9230,卖盘
368,14:18:36,18.46,-1.39,-0.01,59,108914,卖盘
369,14:18:09,18.47,-1.34,-0.01,1,1847,卖盘
370,14:18:06,18.48,-1.28,0.0,19,35722,卖盘
371,14:18:03,18.48,-1.28,0.0,35,64680,卖盘
372,14:18:00,18.48,-1.28,-0.01,5,9240,卖盘
373,14:17:57,18.49,-1.23,0.01,26,48074,买盘
374,14:17:54,18.48,-1.28,0.0,1,1848,卖盘
375,14:17:51,18.48,-1.28,0.0,26,48048,卖盘
376,14:17:48,18.48,-1.28,-0.01,2,3696,卖盘
377,14:17:30,18.49,-1.23,0.0,49,90601,卖盘
378,14:17:24,18.49,-1.23,0.0,5,9245,卖盘
379,14:17:06,18.49,-1.23,0.01,8,14792,买盘
380,14:17:00,18.48,-1.28,0.0,10,18480,卖盘
381,14:16:54,18.48,-1.28,0.0,2,3696,卖盘
382,14:16:48,18.48,-1.28,-0.01,30,55440,卖盘
383,14:16:45,18.49,-1.23,0.0,3,5547,买盘
384,14:16:33,18.49,-1.23,0.0,31,57319,买盘
385,14:15:50,18.49,-1.23,0.0,28,51772,卖盘
386,14:15:41,18.49,-1.23,0.0,4,7396,卖盘
387,14:15:29,18.49,-1.23,-0.01,7,12943,卖盘
388,14:15:26,18.5,-1.18,0.0,1,1850,买盘
389,14:15:17,18.5,-1.18,0.0,1,1850,买盘
390,14:15:11,18.5,-1.18,0.0,37,70282,卖盘
391,14:14:50,18.5,-1.18,0.0,4,7400,卖盘
392,14:14:44,18.5,-1.18,0.0,10,18500,卖盘
393,14:14:35,18.5,-1.18,0.0,3,5550,卖盘
394,14:14:05,18.5,-1.18,0.0,20,37000,卖盘
395,14:13:50,18.5,-1.18,0.0,2,3700,卖盘
396,14:12:50,18.5,-1.18,0.0,1,1850,中性盘
397,14:12:50,18.5,-1.18,-0.01,1,1850,卖盘
398,14:12:44,18.51,-1.12,0.0,2,3702,买盘
399,14:12:23,18.51,-1.12,0.01,5,9255,买盘
400,14:12:05,18.5,-1.18,-0.01,22,40700,卖盘
401,14:11:44,18.51,-1.12,0.0,2,3702,买盘
402,14:11:38,18.51,-1.12,0.0,5,9255,买盘
403,14:11:26,18.51,-1.12,0.0,10,18510,买盘
404,14:10:59,18.51,-1.12,0.0,20,37020,买盘
405,14:10:35,18.51,-1.12,0.01,13,24063,买盘
406,14:09:05,18.5,-1.18,-0.01,6,11100,卖盘
407,14:08:53,18.51,-1.12,0.01,10,18510,买盘
408,14:08:23,18.5,-1.18,0.0,22,40700,卖盘
409,14:08:14,18.5,-1.18,-0.01,22,40700,卖盘
410,14:08:11,18.51,-1.12,0.0,10,18510,买盘
411,14:07:40,18.51,-1.12,0.01,1,1851,买盘
412,14:07:31,18.5,-1.18,0.0,2,3719,卖盘
413,14:07:07,18.5,-1.18,0.0,2,3700,卖盘
414,14:07:01,18.5,-1.18,0.01,4,7400,买盘
415,14:06:49,18.49,-1.23,0.0,10,18490,卖盘
416,14:06:28,18.49,-1.23,0.0,8,14792,卖盘
417,14:06:01,18.49,-1.23,-0.01,10,18490,卖盘
418,14:05:51,18.5,-1.18,0.01,5,9250,买盘
419,14:05:04,18.49,-1.23,-0.01,2,3698,卖盘
420,14:04:33,18.5,-1.18,-0.01,16,29600,卖盘
421,14:04:19,18.51,-1.12,0.0,11,20361,买盘
422,14:03:58,18.51,-1.12,0.0,19,35169,买盘
423,14:03:54,18.51,-1.12,0.01,3,5553,买盘
424,14:03:49,18.5,-1.18,0.0,9,16650,卖盘
425,14:03:31,18.5,-1.18,0.02,15,27750,买盘
426,14:03:07,18.48,-1.28,0.0,0,0,卖盘
427,14:02:58,18.48,-1.28,0.0,1,3086,买盘
428,14:02:55,18.48,-1.28,-0.02,98,181714,卖盘
429,14:02:51,18.5,-1.18,0.0,40,74000,买盘
430,14:02:49,18.5,-1.18,0.02,7,12950,买盘
431,14:02:42,18.48,-1.28,-0.01,107,197736,卖盘
432,14:02:28,18.49,-1.23,0.01,9,16641,卖盘
433,14:02:13,18.48,-1.28,0.0,0,0,卖盘
434,14:01:28,18.48,-1.28,0.0,8,14784,中性盘
435,14:01:28,18.48,-1.28,0.0,8,14784,卖盘
436,14:01:22,18.48,-1.28,-0.01,7,12936,卖盘
437,14:01:13,18.49,-1.23,0.0,5,9245,买盘
438,14:01:04,18.49,-1.23,-0.01,5,9245,卖盘
439,14:00:49,18.5,-1.18,0.01,4,7400,买盘
440,14:00:37,18.49,-1.23,-0.01,1,1849,卖盘
441,14:00:34,18.5,-1.18,0.01,1,1850,买盘
442,14:00:31,18.49,-1.23,0.0,5,9245,买盘
443,13:59:52,18.49,-1.23,0.0,3,5547,买盘
444,13:59:45,18.49,-1.23,0.0,2,3698,卖盘
445,13:59:36,18.49,-1.23,0.0,40,73960,卖盘
446,13:59:30,18.49,-1.23,-0.01,21,38829,卖盘
447,13:59:15,18.5,-1.18,0.0,31,57350,卖盘
448,13:59:09,18.5,-1.18,0.0,16,29600,卖盘
449,13:59:03,18.5,-1.18,0.0,5,9250,卖盘
450,13:58:54,18.5,-1.18,0.0,8,14800,买盘
451,13:58:30,18.5,-1.18,0.0,22,40700,买盘
452,13:58:27,18.5,-1.18,0.0,0,0,中性盘
453,13:58:24,18.5,-1.18,0.0,0,0,买盘
454,13:58:21,18.5,-1.18,0.0,1,3682,卖盘
455,13:58:18,18.5,-1.18,0.0,2,3700,卖盘
456,13:58:15,18.5,-1.18,0.0,3,5550,卖盘
457,13:58:12,18.5,-1.18,0.01,118,218319,买盘
458,13:58:09,18.49,-1.23,-0.01,4,7396,卖盘
459,13:58:03,18.5,-1.18,0.02,15,27750,买盘
460,13:58:00,18.48,-1.28,-0.02,38,70224,卖盘
461,13:57:42,18.5,-1.18,0.0,6,11100,买盘
462,13:57:27,18.5,-1.18,0.01,1,1850,买盘
463,13:56:27,18.49,-1.23,-0.01,2,3698,卖盘
464,13:56:24,18.5,-1.18,0.0,5,9250,买盘
465,13:56:18,18.5,-1.18,0.0,50,92500,买盘
466,13:56:09,18.5,-1.18,0.0,0,0,买盘
467,13:55:57,18.5,-1.18,0.01,86,159100,买盘
468,13:55:42,18.49,-1.23,0.0,98,181202,卖盘
469,13:55:35,18.49,-1.23,0.0,25,46225,卖盘
470,13:55:20,18.49,-1.23,0.0,34,62866,买盘
471,13:55:14,18.49,-1.23,0.0,10,18490,买盘
472,13:55:11,18.49,-1.23,0.0,5,9245,买盘
473,13:55:08,18.49,-1.23,0.0,11,20339,买盘
474,13:55:02,18.49,-1.23,0.0,2,3698,买盘
475,13:54:56,18.49,-1.23,-0.01,8,14792,卖盘
476,13:54:50,18.5,-1.18,0.0,2,3700,买盘
477,13:54:44,18.5,-1.18,0.0,3,5550,买盘
478,13:54:41,18.5,-1.18,0.0,0,0,买盘
479,13:54:38,18.5,-1.18,0.01,100,185000,买盘
480,13:54:35,18.49,-1.23,0.0,1,1849,买盘
481,13:54:32,18.49,-1.23,-0.01,52,96148,卖盘
482,13:54:26,18.5,-1.18,0.0,5,9250,买盘
483,13:54:23,18.5,-1.18,0.01,5,9250,买盘
484,13:53:56,18.49,-1.23,0.01,10,18490,买盘
485,13:53:50,18.48,-1.28,0.0,8,14784,卖盘
486,13:53:47,18.48,-1.28,0.0,109,201432,买盘
487,13:53:44,18.48,-1.28,0.0,45,83160,买盘
488,13:53:32,18.48,-1.28,0.0,2,3696,买盘
489,13:53:29,18.48,-1.28,0.0,27,51134,买盘
490,13:53:26,18.48,-1.28,0.0,6,11088,买盘
491,13:53:23,18.48,-1.28,0.02,1,1848,买盘
492,13:53:17,18.46,-1.39,-0.02,10,18460,卖盘
493,13:52:50,18.48,-1.28,0.0,5,9240,买盘
494,13:52:47,18.48,-1.28,0.0,0,0,买盘
495,13:52:32,18.48,-1.28,0.0,1,1848,买盘
496,13:52:26,18.48,-1.28,0.0,0,0,买盘
497,13:52:17,18.48,-1.28,0.02,5,9240,买盘
498,13:52:14,18.46,-1.39,-0.02,12,22152,卖盘
499,13:52:05,18.48,-1.28,0.01,10,18480,买盘
500,13:51:59,18.47,-1.34,-0.01,15,27705,中性盘
501,13:51:53,18.48,-1.28,0.0,6,11088,卖盘
502,13:51:32,18.48,-1.28,0.0,2,3696,卖盘
503,13:51:29,18.48,-1.28,0.0,5,9240,卖盘
504,13:51:26,18.48,-1.28,-0.02,80,147840,卖盘
505,13:51:23,18.5,-1.18,0.0,5,9250,买盘
506,13:51:20,18.5,-1.18,0.0,2,3700,买盘
507,13:51:17,18.5,-1.18,0.02,1,1850,买盘
508,13:51:14,18.48,-1.28,-0.02,10,18480,卖盘
509,13:51:08,18.5,-1.18,-0.01,16,31432,卖盘
510,13:50:59,18.51,-1.12,0.01,12,22212,买盘
511,13:50:56,18.5,-1.18,0.0,1,1850,卖盘
512,13:50:53,18.5,-1.18,0.0,30,55500,卖盘
513,13:50:50,18.5,-1.18,0.0,10,18500,卖盘
514,13:50:47,18.5,-1.18,0.0,74,136919,卖盘
515,13:50:41,18.5,-1.18,0.0,52,96200,卖盘
516,13:50:38,18.5,-1.18,0.0,100,185000,卖盘
517,13:50:35,18.5,-1.18,-0.01,20,37000,卖盘
518,13:50:29,18.51,-1.12,0.0,1,1851,买盘
519,13:50:23,18.51,-1.12,-0.02,135,249885,卖盘
520,13:50:14,18.53,-1.01,0.0,2,3706,卖盘
521,13:50:11,18.53,-1.01,0.0,2,3706,卖盘
522,13:50:08,18.53,-1.01,-0.01,4,7412,卖盘
523,13:50:05,18.54,-0.96,0.0,21,40751,卖盘
524,13:49:59,18.54,-0.96,0.0,80,148320,中性盘
525,13:49:59,18.54,-0.96,-0.01,80,148320,卖盘
526,13:49:50,18.55,-0.91,0.01,4,7420,卖盘
527,13:49:44,18.54,-0.96,-0.01,100,185400,卖盘
528,13:49:20,18.55,-0.91,-0.01,2,3710,卖盘
529,13:49:17,18.56,-0.85,-0.01,64,120603,卖盘
530,13:49:14,18.57,-0.80,0.0,4,7428,买盘
531,13:49:02,18.57,-0.80,0.01,31,57567,买盘
532,13:48:56,18.56,-0.85,-0.01,1,1856,卖盘
533,13:48:35,18.57,-0.80,-0.02,3,5571,卖盘
534,13:48:00,18.59,-0.69,0.0,0,0,买盘
535,13:47:57,18.59,-0.69,0.0,0,0,买盘
536,13:47:46,18.59,-0.69,0.03,15,27885,买盘
537,13:47:31,18.56,-0.85,-0.03,5,9280,卖盘
538,13:47:21,18.59,-0.69,0.01,5,9295,买盘
539,13:47:09,18.58,-0.75,-0.01,18,33444,卖盘
540,13:46:57,18.59,-0.69,0.0,5,9295,买盘
541,13:46:48,18.59,-0.69,0.0,6,11154,卖盘
542,13:46:31,18.59,-0.69,0.0,4,7436,买盘
543,13:46:15,18.59,-0.69,0.0,6,11154,卖盘
544,13:46:12,18.59,-0.69,0.0,7,13013,卖盘
545,13:45:22,18.59,-0.69,0.0,0,0,中性盘
546,13:45:18,18.59,-0.69,0.0,2,3718,买盘
547,13:44:54,18.59,-0.69,-0.01,8,14872,卖盘
548,13:44:34,18.6,-0.64,0.0,2,3720,买盘
549,13:44:06,18.6,-0.64,0.01,38,70680,买盘
550,13:43:57,18.59,-0.69,0.0,35,65065,卖盘
551,13:43:46,18.59,-0.69,-0.01,103,191477,卖盘
552,13:43:22,18.6,-0.64,0.01,3,5580,买盘
553,13:43:16,18.59,-0.69,0.01,2,3737,卖盘
554,13:43:04,18.58,-0.75,-0.01,37,68746,中性盘
555,13:42:57,18.59,-0.69,0.01,5,9295,买盘
556,13:42:54,18.58,-0.75,0.0,0,0,卖盘
557,13:42:36,18.58,-0.75,0.0,10,18580,卖盘
558,13:42:09,18.58,-0.75,0.0,27,50166,买盘
559,13:41:57,18.58,-0.75,0.02,16,29728,买盘
560,13:41:42,18.56,-0.85,0.0,2,3712,卖盘
561,13:41:09,18.56,-0.85,0.0,0,19,卖盘
562,13:40:48,18.56,-0.85,0.0,25,46400,卖盘
563,13:40:45,18.56,-0.85,0.0,44,81683,买盘
564,13:40:18,18.56,-0.85,0.0,2,3712,买盘
565,13:40:15,18.56,-0.85,0.0,2,3712,买盘
566,13:40:03,18.56,-0.85,0.01,2,3712,买盘
567,13:39:57,18.55,-0.91,-0.03,2,3710,卖盘
568,13:39:51,18.58,-0.75,0.0,0,0,买盘
569,13:39:45,18.58,-0.75,0.03,10,18580,买盘
570,13:39:42,18.55,-0.91,-0.03,11,20405,卖盘
571,13:39:31,18.58,-0.75,0.0,0,0,买盘
572,13:39:27,18.58,-0.75,0.03,2,3716,买盘
573,13:39:25,18.55,-0.91,0.01,0,19,卖盘
574,13:38:54,18.54,-0.96,0.0,0,0,卖盘
575,13:38:39,18.54,-0.96,0.0,13,24102,卖盘
576,13:38:21,18.54,-0.96,-0.04,207,383778,卖盘
577,13:37:21,18.58,-0.75,-0.04,5,9290,中性盘
578,13:37:21,18.58,-0.75,-0.01,5,9290,卖盘
579,13:36:42,18.59,-0.69,0.0,0,0,买盘
580,13:36:39,18.59,-0.69,0.0,10,18590,买盘
581,13:36:33,18.59,-0.69,0.0,12,22308,买盘
582,13:36:27,18.59,-0.69,-0.01,17,31603,卖盘
583,13:36:24,18.6,-0.64,0.0,0,0,买盘
584,13:36:18,18.6,-0.64,0.01,23,42780,买盘
585,13:36:12,18.59,-0.69,0.0,7,13013,卖盘
586,13:35:41,18.59,-0.69,0.0,7,13032,买盘
587,13:35:26,18.59,-0.69,-0.01,1,1859,买盘
588,13:35:23,18.6,-0.64,0.0,0,0,买盘
589,13:35:17,18.6,-0.64,0.04,6,11160,买盘
590,13:34:59,18.56,-0.85,0.0,2,3712,卖盘
591,13:34:41,18.56,-0.85,-0.04,2,3712,卖盘
592,13:34:35,18.6,-0.64,0.05,2,3720,买盘
593,13:34:17,18.55,-0.91,0.0,0,0,卖盘
594,13:34:14,18.55,-0.91,0.0,24,44557,买盘
595,13:34:08,18.55,-0.91,0.0,32,61178,卖盘
596,13:33:53,18.55,-0.91,0.0,30,55687,买盘
597,13:33:47,18.55,-0.91,0.0,1,1855,买盘
598,13:33:41,18.55,-0.91,0.0,200,371000,买盘
599,13:33:35,18.55,-0.91,0.01,15,27825,买盘
600,13:33:20,18.54,-0.96,-0.01,10,18540,卖盘
601,13:33:14,18.55,-0.91,0.0,10,18550,买盘
602,13:33:11,18.55,-0.91,-0.01,26,48230,卖盘
603,13:33:08,18.56,-0.85,0.01,7,12992,中性盘
604,13:32:59,18.55,-0.91,0.0,2,3710,卖盘
605,13:32:56,18.55,-0.91,0.0,20,37100,卖盘
606,13:32:53,18.55,-0.91,0.01,17,31535,买盘
607,13:32:50,18.54,-0.96,0.01,2,3708,卖盘
608,13:32:47,18.53,-1.01,-0.02,1,1853,卖盘
609,13:32:44,18.55,-0.91,0.0,1,1855,买盘
610,13:32:41,18.55,-0.91,0.02,13,24115,买盘
611,13:32:38,18.53,-1.01,-0.02,232,429896,卖盘
612,13:32:32,18.55,-0.91,0.01,64,118720,买盘
613,13:32:29,18.54,-0.96,-0.01,3,5562,卖盘
614,13:32:26,18.55,-0.91,0.0,8,14840,买盘
615,13:32:23,18.55,-0.91,0.0,3,5565,卖盘
616,13:32:11,18.55,-0.91,0.0,5,9275,卖盘
617,13:32:08,18.55,-0.91,0.0,0,0,卖盘
618,13:32:05,18.55,-0.91,0.0,3,5565,买盘
619,13:31:59,18.55,-0.91,0.0,50,92750,买盘
620,13:31:56,18.55,-0.91,0.0,8,14840,买盘
621,13:31:41,18.55,-0.91,-0.04,249,461895,卖盘
622,13:31:32,18.59,-0.69,0.0,5,9295,卖盘
623,13:31:20,18.59,-0.69,-0.02,44,81796,卖盘
624,13:31:17,18.61,-0.59,0.0,10,18610,买盘
625,13:31:05,18.61,-0.59,0.0,5,9305,买盘
626,13:31:02,18.61,-0.59,0.0,200,372200,买盘
627,13:30:44,18.61,-0.59,0.0,1,1861,买盘
628,13:30:41,18.61,-0.59,0.0,16,29776,买盘
629,13:30:35,18.61,-0.59,0.0,5,9305,买盘
630,13:30:29,18.61,-0.59,0.0,5,9305,买盘
631,13:30:23,18.61,-0.59,0.0,115,214015,买盘
632,13:30:17,18.61,-0.59,0.0,11,20471,买盘
633,13:30:05,18.61,-0.59,0.01,4,7444,买盘
634,13:29:59,18.6,-0.64,0.0,25,46500,卖盘
635,13:29:53,18.6,-0.64,0.0,4,7440,卖盘
636,13:29:50,18.6,-0.64,0.0,3,5580,卖盘
637,13:29:47,18.6,-0.64,0.0,5,9300,卖盘
638,13:29:44,18.6,-0.64,0.0,7,13020,卖盘
639,13:29:41,18.6,-0.64,0.0,8,14880,卖盘
640,13:29:38,18.6,-0.64,-0.07,574,1067640,卖盘
641,13:29:29,18.67,-0.27,0.0,20,37340,买盘
642,13:29:17,18.67,-0.27,0.0,9,16803,卖盘
643,13:29:14,18.67,-0.27,0.0,66,123222,卖盘
644,13:29:05,18.67,-0.27,0.0,2,3734,卖盘
645,13:28:59,18.67,-0.27,-0.02,15,28005,卖盘
646,13:28:44,18.69,-0.16,0.01,45,84105,买盘
647,13:28:05,18.68,-0.21,0.0,15,28636,卖盘
648,13:28:02,18.68,-0.21,0.0,60,112080,卖盘
649,13:27:58,18.68,-0.21,0.0,0,1252,卖盘
650,13:27:56,18.68,-0.21,0.0,3,5604,卖盘
651,13:27:29,18.68,-0.21,-0.01,28,52304,卖盘
652,13:27:23,18.69,-0.16,0.0,2,3738,买盘
653,13:26:42,18.69,-0.16,0.0,3,5607,买盘
654,13:26:09,18.69,-0.16,0.0,67,125223,中性盘
655,13:26:09,18.69,-0.16,0.0,67,125223,卖盘
656,13:25:18,18.69,-0.16,0.0,4,7476,卖盘
657,13:25:12,18.69,-0.16,0.0,2,3738,卖盘
658,13:24:36,18.69,-0.16,0.0,2,3738,卖盘
659,13:24:30,18.69,-0.16,0.0,3,5607,卖盘
660,13:24:21,18.69,-0.16,0.0,0,0,卖盘
661,13:23:51,18.69,-0.16,0.0,2,3738,卖盘
662,13:23:33,18.69,-0.16,-0.01,20,37380,卖盘
663,13:23:24,18.7,-0.11,0.0,13,24310,买盘
664,13:23:15,18.7,-0.11,0.01,1,1870,买盘
665,13:23:03,18.69,-0.16,0.0,17,31773,卖盘
666,13:22:33,18.69,-0.16,0.0,20,37380,卖盘
667,13:21:54,18.69,-0.16,0.0,2,3738,买盘
668,13:21:18,18.69,-0.16,0.0,10,18690,买盘
669,13:21:12,18.69,-0.16,-0.01,4,7476,买盘
670,13:21:03,18.7,-0.11,0.0,0,0,买盘
671,13:21:00,18.7,-0.11,0.0,50,93500,买盘
672,13:20:57,18.7,-0.11,0.0,0,0,买盘
673,13:20:36,18.7,-0.11,0.0,0,0,买盘
674,13:20:27,18.7,-0.11,0.01,48,89760,买盘
675,13:20:12,18.69,-0.16,0.0,0,0,中性盘
676,13:19:24,18.69,-0.16,0.0,5,9345,卖盘
677,13:19:12,18.69,-0.16,0.0,1,1869,卖盘
678,13:18:51,18.69,-0.16,0.0,5,9345,买盘
679,13:18:45,18.69,-0.16,0.0,8,14952,买盘
680,13:18:30,18.69,-0.16,0.0,5,9345,买盘
681,13:17:57,18.69,-0.16,0.01,5,9345,买盘
682,13:17:42,18.68,-0.21,0.0,2,3736,卖盘
683,13:17:39,18.68,-0.21,-0.01,1,1868,卖盘
684,13:17:21,18.69,-0.16,0.0,5,9345,买盘
685,13:17:12,18.69,-0.16,0.0,1,1869,买盘
686,13:17:06,18.69,-0.16,0.0,5,9345,买盘
687,13:16:45,18.69,-0.16,0.0,10,18690,买盘
688,13:15:57,18.69,-0.16,0.0,11,20559,买盘
689,13:15:54,18.69,-0.16,0.01,12,22428,买盘
690,13:14:56,18.68,-0.21,0.0,3,5604,中性盘
691,13:14:56,18.68,-0.21,0.0,3,5604,卖盘
692,13:14:47,18.68,-0.21,-0.01,5,9340,卖盘
693,13:14:23,18.69,-0.16,0.0,5,9345,买盘
694,13:14:14,18.69,-0.16,0.0,0,0,中性盘
695,13:14:11,18.69,-0.16,0.0,1,1869,卖盘
696,13:13:53,18.69,-0.16,0.0,2,3738,卖盘
697,13:13:41,18.69,-0.16,0.0,17,31773,买盘
698,13:12:56,18.69,-0.16,-0.01,21,39249,卖盘
699,13:11:53,18.7,-0.11,-0.01,114,213180,卖盘
700,13:11:41,18.71,-0.05,0.0,43,80453,卖盘
701,13:10:59,18.71,-0.05,-0.01,2,3742,卖盘
702,13:09:56,18.72,0.00,0.0,6,11232,卖盘
703,13:09:53,18.72,0.00,0.0,6,11232,卖盘
704,13:09:38,18.72,0.00,0.0,5,9360,卖盘
705,13:09:11,18.72,0.00,-0.01,4,7488,卖盘
706,13:08:56,18.73,+0.05,0.0,12,22588,卖盘
707,13:07:43,18.73,+0.05,0.0,4,7492,卖盘
708,13:07:16,18.73,+0.05,-0.02,3,5619,卖盘
709,13:07:10,18.75,+0.16,0.02,6,11250,买盘
710,13:07:07,18.73,+0.05,0.0,0,0,卖盘
711,13:07:02,18.73,+0.05,0.0,0,0,卖盘
712,13:06:59,18.73,+0.05,-0.01,6,11238,卖盘
713,13:06:47,18.74,+0.11,0.0,20,39242,卖盘
714,13:06:44,18.74,+0.11,-0.01,4,7496,卖盘
715,13:05:57,18.75,+0.16,0.0,17,32494,卖盘
716,13:05:51,18.75,+0.16,0.0,25,46875,卖盘
717,13:05:42,18.75,+0.16,0.0,100,187500,卖盘
718,13:05:39,18.75,+0.16,0.0,7,13125,卖盘
719,13:05:30,18.75,+0.16,0.0,105,197606,卖盘
720,13:05:21,18.75,+0.16,0.0,34,64913,卖盘
721,13:04:57,18.75,+0.16,0.0,7,13125,卖盘
722,13:04:51,18.75,+0.16,0.0,4,7500,卖盘
723,13:04:42,18.75,+0.16,0.0,92,172500,卖盘
724,13:04:36,18.75,+0.16,0.0,10,18750,卖盘
725,13:04:33,18.75,+0.16,0.0,5,9375,卖盘
726,13:04:24,18.75,+0.16,0.0,55,103125,卖盘
727,13:04:18,18.75,+0.16,0.0,10,18750,卖盘
728,13:04:03,18.75,+0.16,0.0,6,11250,卖盘
729,13:03:36,18.75,+0.16,0.0,1,1875,卖盘
730,13:03:30,18.75,+0.16,0.0,2,3750,卖盘
731,13:03:24,18.75,+0.16,0.0,3,5625,卖盘
732,13:03:21,18.75,+0.16,0.0,4,7500,卖盘
733,13:03:15,18.75,+0.16,0.0,2,3750,中性盘
734,13:03:15,18.75,+0.16,0.0,2,3750,卖盘
735,13:02:51,18.75,+0.16,0.0,58,109331,卖盘
736,13:02:30,18.75,+0.16,0.0,31,58125,卖盘
737,13:02:24,18.75,+0.16,-0.01,5,9375,卖盘
738,13:02:21,18.76,+0.21,0.01,5,9380,买盘
739,13:01:24,18.75,+0.16,0.0,14,26906,卖盘
740,13:01:18,18.75,+0.16,0.0,6,11250,卖盘
741,13:00:21,18.75,+0.16,0.0,6,11250,卖盘
742,13:00:12,18.75,+0.16,0.0,23,43125,卖盘
743,13:00:06,18.75,+0.16,0.02,180,337500,买盘
744,13:00:03,18.73,+0.05,0.0,28,52444,卖盘
745,11:30:00,18.73,+0.05,0.0,0,0,卖盘
746,11:30:00,18.73,+0.05,0.0,0,0,卖盘
747,11:29:59,18.73,+0.05,0.0,0,0,中性盘
748,11:29:54,18.73,+0.05,0.0,5,9365,卖盘
749,11:29:33,18.73,+0.05,0.0,10,18730,卖盘
750,11:28:42,18.73,+0.05,0.0,13,24349,卖盘
751,11:28:30,18.73,+0.05,0.0,2,3746,买盘
752,11:28:21,18.73,+0.05,0.0,35,65555,买盘
753,11:28:03,18.73,+0.05,0.0,2,3746,买盘
754,11:28:00,18.73,+0.05,0.01,2,3746,买盘
755,11:27:27,18.72,0.00,0.0,29,54288,买盘
756,11:26:33,18.72,0.00,0.0,59,110448,买盘
757,11:26:09,18.72,0.00,0.0,9,16848,买盘
758,11:24:57,18.72,0.00,0.01,12,22464,买盘
759,11:24:51,18.71,-0.05,0.0,2,3742,买盘
760,11:24:27,18.71,-0.05,-0.01,14,26194,卖盘
761,11:24:21,18.72,0.00,0.01,32,59904,买盘
762,11:23:57,18.71,-0.05,0.01,16,29936,买盘
763,11:23:39,18.7,-0.11,0.0,2,3740,卖盘
764,11:23:24,18.7,-0.11,0.0,10,18700,卖盘
765,11:22:45,18.7,-0.11,0.0,4,7480,卖盘
766,11:22:24,18.7,-0.11,0.0,18,33660,买盘
767,11:22:18,18.7,-0.11,0.0,19,35530,买盘
768,11:21:42,18.7,-0.11,0.0,3,5610,买盘
769,11:20:46,18.7,-0.11,0.0,5,9350,中性盘
770,11:20:46,18.7,-0.11,0.01,5,9350,买盘
771,11:20:04,18.69,-0.16,0.0,0,0,中性盘
772,11:19:34,18.69,-0.16,-0.01,5,9345,买盘
773,11:19:07,18.7,-0.11,0.02,3,5610,买盘
774,11:18:40,18.68,-0.21,-0.02,20,37360,卖盘
775,11:18:14,18.7,-0.11,0.0,5,9350,买盘
776,11:17:56,18.7,-0.11,0.01,2,3740,买盘
777,11:17:49,18.69,-0.16,0.0,3,5607,卖盘
778,11:17:37,18.69,-0.16,0.01,3,5607,卖盘
779,11:17:07,18.68,-0.21,0.0,0,0,卖盘
780,11:16:19,18.68,-0.21,0.0,4,7472,卖盘
781,11:15:56,18.68,-0.21,-0.02,1,1868,卖盘
782,11:15:37,18.7,-0.11,0.0,0,0,买盘
783,11:15:34,18.7,-0.11,0.0,49,91630,卖盘
784,11:15:16,18.7,-0.11,0.0,0,0,卖盘
785,11:14:25,18.7,-0.11,0.0,2,3740,卖盘
786,11:14:16,18.7,-0.11,-0.02,1,1870,卖盘
787,11:13:58,18.72,0.00,0.0,11,20592,买盘
788,11:13:16,18.72,0.00,0.0,31,58032,买盘
789,11:13:04,18.72,0.00,0.02,11,20592,买盘
790,11:13:01,18.7,-0.11,0.0,5,9350,卖盘
791,11:12:43,18.7,-0.11,0.01,54,100980,买盘
792,11:12:31,18.69,-0.16,-0.01,1,1869,卖盘
793,11:11:37,18.7,-0.11,0.01,10,18700,买盘
794,11:10:55,18.69,-0.16,-0.01,16,29904,卖盘
795,11:10:43,18.7,-0.11,0.01,2,3740,买盘
796,11:10:28,18.69,-0.16,0.0,2,3738,卖盘
797,11:10:13,18.69,-0.16,0.0,0,0,中性盘
798,11:09:58,18.69,-0.16,0.0,2,3738,中性盘
799,11:09:58,18.69,-0.16,0.01,2,3738,买盘
800,11:09:52,18.68,-0.21,-0.02,42,78456,卖盘
801,11:08:27,18.7,-0.11,0.01,1,1870,买盘
802,11:08:06,18.69,-0.16,0.01,9,16821,买盘
803,11:07:51,18.68,-0.21,-0.01,6,11208,卖盘
804,11:07:39,18.69,-0.16,0.01,20,37380,买盘
805,11:07:00,18.68,-0.21,0.0,3,5604,卖盘
806,11:06:54,18.68,-0.21,0.0,1,1868,卖盘
807,11:06:51,18.68,-0.21,0.0,14,26544,买盘
808,11:06:24,18.68,-0.21,0.0,18,33624,买盘
809,11:06:12,18.68,-0.21,0.0,10,18680,买盘
810,11:05:39,18.68,-0.21,0.0,5,9340,买盘
811,11:04:51,18.68,-0.21,0.01,5,9340,买盘
812,11:04:30,18.67,-0.27,-0.01,1,1867,卖盘
813,11:04:15,18.68,-0.21,0.0,1,1868,买盘
814,11:03:45,18.68,-0.21,-0.02,5,11152,卖盘
815,11:03:03,18.7,-0.11,0.0,1,1870,买盘
816,11:02:21,18.7,-0.11,-0.03,3,5610,卖盘
817,11:02:18,18.73,+0.05,0.0,4,7492,买盘
818,11:01:48,18.73,+0.05,0.03,3,5619,买盘
819,11:01:18,18.7,-0.11,0.02,14,26180,买盘
820,11:00:15,18.68,-0.21,0.0,5,9340,卖盘
821,10:59:21,18.68,-0.21,0.01,29,54228,买盘
822,10:59:02,18.67,-0.27,0.02,5,10231,买盘
823,10:58:47,18.65,-0.37,0.0,0,0,卖盘
824,10:58:25,18.65,-0.37,0.0,0,0,卖盘
825,10:58:04,18.65,-0.37,0.0,0,0,中性盘
826,10:58:04,18.65,-0.37,0.0,0,0,卖盘
827,10:57:58,18.65,-0.37,-0.02,70,130550,卖盘
828,10:57:52,18.67,-0.27,0.0,1,1867,买盘
829,10:57:46,18.67,-0.27,0.0,20,37340,买盘
830,10:57:34,18.67,-0.27,0.02,50,93350,买盘
831,10:57:19,18.65,-0.37,0.0,0,0,卖盘
832,10:57:16,18.65,-0.37,0.0,10,18650,卖盘
833,10:56:58,18.65,-0.37,-0.03,11,20515,卖盘
834,10:56:55,18.68,-0.21,0.03,1,1868,买盘
835,10:56:40,18.65,-0.37,-0.03,33,61545,卖盘
836,10:56:07,18.68,-0.21,0.02,5,9340,买盘
837,10:55:25,18.66,-0.32,0.01,4,7464,买盘
838,10:54:34,18.65,-0.37,0.0,10,18650,卖盘
839,10:54:22,18.65,-0.37,-0.01,4,7460,卖盘
840,10:54:19,18.66,-0.32,0.01,10,18660,买盘
841,10:53:58,18.65,-0.37,-0.01,10,18650,卖盘
842,10:53:28,18.66,-0.32,0.0,11,20526,卖盘
843,10:53:22,18.66,-0.32,0.0,8,14928,卖盘
844,10:53:16,18.66,-0.32,0.0,11,20526,买盘
845,10:53:01,18.66,-0.32,0.0,7,13062,卖盘
846,10:52:49,18.66,-0.32,0.0,19,35454,卖盘
847,10:52:40,18.66,-0.32,0.0,10,18660,卖盘
848,10:52:10,18.66,-0.32,0.0,0,0,中性盘
849,10:52:01,18.66,-0.32,0.0,20,37320,卖盘
850,10:51:37,18.66,-0.32,-0.01,87,162342,卖盘
851,10:51:16,18.67,-0.27,0.0,15,28005,买盘
852,10:50:25,18.67,-0.27,0.0,4,8999,卖盘
853,10:50:19,18.67,-0.27,0.0,1,1867,卖盘
854,10:49:37,18.67,-0.27,0.0,0,336,买盘
855,10:49:34,18.67,-0.27,0.0,14,26138,卖盘
856,10:49:25,18.67,-0.27,0.0,1,1867,卖盘
857,10:47:34,18.67,-0.27,0.01,10,18670,买盘
858,10:47:25,18.66,-0.32,0.0,10,18660,卖盘
859,10:47:12,18.66,-0.32,0.0,1,1866,买盘
860,10:47:09,18.66,-0.32,-0.01,11,20526,卖盘
861,10:47:00,18.67,-0.27,0.01,2,3734,买盘
862,10:46:51,18.66,-0.32,0.01,11,20526,买盘
863,10:46:42,18.65,-0.37,-0.01,8,14920,卖盘
864,10:46:27,18.66,-0.32,-0.01,10,18660,中性盘
865,10:46:27,18.66,-0.32,0.01,10,18660,买盘
866,10:46:18,18.65,-0.37,-0.01,3,5595,卖盘
867,10:45:54,18.66,-0.32,0.0,7,13062,买盘
868,10:45:51,18.66,-0.32,0.0,10,18660,买盘
869,10:45:42,18.66,-0.32,0.0,3,5598,买盘
870,10:45:33,18.66,-0.32,0.0,10,18660,买盘
871,10:45:30,18.66,-0.32,0.01,10,18660,买盘
872,10:45:21,18.65,-0.37,0.0,6,11190,卖盘
873,10:45:08,18.65,-0.37,0.0,4,7460,卖盘
874,10:44:18,18.65,-0.37,0.0,57,106305,卖盘
875,10:43:24,18.65,-0.37,0.0,4,7460,卖盘
876,10:42:53,18.65,-0.37,-0.01,3,5595,卖盘
877,10:42:33,18.66,-0.32,0.0,3,5598,买盘
878,10:42:27,18.66,-0.32,0.0,1,1866,买盘
879,10:42:15,18.66,-0.32,0.0,35,65310,卖盘
880,10:41:39,18.66,-0.32,0.0,24,44784,卖盘
881,10:41:36,18.66,-0.32,0.0,21,39186,卖盘
882,10:41:29,18.66,-0.32,0.0,2,3732,卖盘
883,10:41:11,18.66,-0.32,0.0,2,3732,卖盘
884,10:41:02,18.66,-0.32,-0.01,8,14928,卖盘
885,10:39:26,18.67,-0.27,0.0,28,52276,卖盘
886,10:39:24,18.67,-0.27,0.0,2,3734,卖盘
887,10:39:03,18.67,-0.27,0.0,6,11202,卖盘
888,10:38:42,18.67,-0.27,0.0,5,9335,卖盘
889,10:38:36,18.67,-0.27,0.01,9,16803,买盘
890,10:38:33,18.66,-0.32,-0.01,10,18660,卖盘
891,10:38:21,18.67,-0.27,0.0,5,9335,买盘
892,10:38:15,18.67,-0.27,0.0,6,11202,卖盘
893,10:37:44,18.67,-0.27,-0.01,10,18670,卖盘
894,10:37:29,18.68,-0.21,0.0,4,9284,卖盘
895,10:37:05,18.68,-0.21,0.0,0,0,卖盘
896,10:37:02,18.68,-0.21,0.0,21,39228,卖盘
897,10:36:50,18.68,-0.21,0.0,30,56040,卖盘
898,10:36:47,18.68,-0.21,0.0,2,3736,卖盘
899,10:36:11,18.68,-0.21,0.0,2,3736,卖盘
900,10:35:37,18.68,-0.21,0.0,100,186800,卖盘
901,10:35:34,18.68,-0.21,0.0,0,0,卖盘
902,10:35:25,18.68,-0.21,0.0,1,1868,卖盘
903,10:34:58,18.68,-0.21,0.0,16,29888,中性盘
904,10:34:58,18.68,-0.21,-0.02,16,29888,卖盘
905,10:34:34,18.7,-0.11,0.01,8,14960,买盘
906,10:34:28,18.69,-0.16,-0.01,57,106533,卖盘
907,10:34:22,18.7,-0.11,0.0,1,1870,买盘
908,10:34:13,18.7,-0.11,0.0,9,16830,买盘
909,10:34:07,18.7,-0.11,0.0,0,0,中性盘
910,10:33:28,18.7,-0.11,0.0,1,1870,买盘
911,10:32:07,18.7,-0.11,0.0,10,18700,买盘
912,10:30:52,18.7,-0.11,0.01,1,1870,买盘
913,10:30:04,18.69,-0.16,0.0,6,11214,买盘
914,10:29:55,18.69,-0.16,0.01,7,13083,买盘
915,10:29:37,18.68,-0.21,-0.01,4,7472,卖盘
916,10:28:43,18.69,-0.16,0.0,1,1869,买盘
917,10:28:25,18.69,-0.16,0.01,16,29904,买盘
918,10:28:01,18.68,-0.21,0.0,0,0,卖盘
919,10:27:58,18.68,-0.21,-0.01,6,11264,卖盘
920,10:27:46,18.69,-0.16,0.0,0,0,中性盘
921,10:27:13,18.69,-0.16,0.01,9,16821,卖盘
922,10:26:58,18.68,-0.21,0.0,0,0,卖盘
923,10:26:46,18.68,-0.21,0.0,0,0,卖盘
924,10:26:37,18.68,-0.21,-0.04,30,56040,卖盘
925,10:26:28,18.72,0.00,0.0,0,0,买盘
926,10:26:22,18.72,0.00,0.04,2,3744,买盘
927,10:26:19,18.68,-0.21,-0.04,50,93400,卖盘
928,10:25:34,18.72,0.00,0.0,5,9360,买盘
929,10:25:25,18.72,0.00,0.04,5,9360,买盘
930,10:24:21,18.68,-0.21,-0.01,6,11208,卖盘
931,10:24:15,18.69,-0.16,0.0,0,0,买盘
932,10:24:09,18.69,-0.16,0.0,1,1869,买盘
933,10:23:48,18.69,-0.16,0.0,0,0,中性盘
934,10:23:39,18.69,-0.16,-0.03,2,3738,卖盘
935,10:23:24,18.72,0.00,0.03,3,5616,买盘
936,10:23:21,18.69,-0.16,-0.03,3,5607,卖盘
937,10:22:39,18.72,0.00,-0.03,4,7488,中性盘
938,10:22:39,18.72,0.00,0.0,4,7488,买盘
939,10:22:33,18.72,0.00,0.0,5,9360,买盘
940,10:22:24,18.72,0.00,0.0,0,0,买盘
941,10:22:18,18.72,0.00,0.04,2,3744,买盘
942,10:21:33,18.68,-0.21,0.02,2,3736,买盘
943,10:21:30,18.66,-0.32,-0.01,67,125022,卖盘
944,10:20:48,18.67,-0.27,0.0,11,20537,卖盘
945,10:20:21,18.67,-0.27,0.0,1,1867,卖盘
946,10:20:02,18.67,-0.27,0.0,40,74680,卖盘
947,10:19:21,18.67,-0.27,0.0,38,70946,卖盘
948,10:19:03,18.67,-0.27,-0.01,5,9335,卖盘
949,10:18:57,18.68,-0.21,0.0,6,11208,买盘
950,10:18:47,18.68,-0.21,0.01,9,16812,买盘
951,10:18:44,18.67,-0.27,0.0,3,5601,卖盘
952,10:18:39,18.67,-0.27,0.0,20,37340,卖盘
953,10:18:27,18.67,-0.27,0.0,10,18670,卖盘
954,10:18:03,18.67,-0.27,-0.01,1,1867,卖盘
955,10:17:42,18.68,-0.21,0.0,5,9340,卖盘
956,10:17:39,18.68,-0.21,-0.02,1,1868,卖盘
957,10:17:12,18.7,-0.11,0.0,43,80410,卖盘
958,10:17:06,18.7,-0.11,0.0,30,56100,卖盘
959,10:16:32,18.7,-0.11,0.0,10,18700,卖盘
960,10:16:11,18.7,-0.11,0.0,10,18700,卖盘
961,10:15:23,18.7,-0.11,-0.02,1,1870,卖盘
962,10:14:56,18.72,0.00,0.0,5,9360,买盘
963,10:14:35,18.72,0.00,0.0,4,7488,卖盘
964,10:14:29,18.72,0.00,0.0,5,9360,卖盘
965,10:14:23,18.72,0.00,-0.01,10,18720,卖盘
966,10:13:53,18.73,+0.05,0.01,11,20603,买盘
967,10:13:28,18.72,0.00,0.0,15,28080,卖盘
968,10:13:13,18.72,0.00,0.0,27,50544,卖盘
969,10:12:58,18.72,0.00,0.0,3,5616,卖盘
970,10:12:25,18.72,0.00,0.0,23,43056,卖盘
971,10:12:22,18.72,0.00,0.0,9,16848,卖盘
972,10:12:19,18.72,0.00,-0.01,2,3744,卖盘
973,10:12:16,18.73,+0.05,0.02,4,7492,买盘
974,10:11:25,18.71,-0.05,0.0,0,0,中性盘
975,10:11:25,18.71,-0.05,0.0,0,0,卖盘
976,10:11:22,18.71,-0.05,0.0,20,37420,卖盘
977,10:10:40,18.71,-0.05,0.0,7,13097,买盘
978,10:10:07,18.71,-0.05,0.0,0,0,买盘
979,10:09:52,18.71,-0.05,0.0,4,7484,买盘
980,10:09:43,18.71,-0.05,0.03,10,18710,买盘
981,10:09:28,18.68,-0.21,0.0,0,0,中性盘
982,10:09:19,18.68,-0.21,0.01,10,18680,买盘
983,10:08:58,18.67,-0.27,-0.01,8,14936,卖盘
984,10:08:28,18.68,-0.21,-0.02,175,326900,卖盘
985,10:08:22,18.7,-0.11,0.0,1,1870,卖盘
986,10:08:13,18.7,-0.11,0.0,18,33660,卖盘
987,10:08:10,18.7,-0.11,-0.01,12,22440,卖盘
988,10:08:07,18.71,-0.05,0.01,30,56130,买盘
989,10:08:01,18.7,-0.11,-0.01,21,39270,卖盘
990,10:07:58,18.71,-0.05,0.0,2,3742,卖盘
991,10:07:55,18.71,-0.05,0.0,4,7484,卖盘
992,10:07:52,18.71,-0.05,0.0,6,11226,卖盘
993,10:07:49,18.71,-0.05,0.0,3,5613,卖盘
994,10:07:28,18.71,-0.05,-0.01,5,9355,卖盘
995,10:07:13,18.72,0.00,-0.01,8,14976,卖盘
996,10:06:43,18.73,+0.05,0.01,5,9365,买盘
997,10:06:40,18.72,0.00,-0.01,3,5616,卖盘
998,10:06:28,18.73,+0.05,0.0,6,11238,买盘
999,10:06:22,18.73,+0.05,-0.01,3,5619,卖盘
1000,10:05:46,18.74,+0.11,0.0,0,1106,卖盘
1001,10:05:37,18.74,+0.11,0.0,3,5622,卖盘
1002,10:05:16,18.74,+0.11,0.0,15,28110,卖盘
1003,10:05:07,18.74,+0.11,0.0,60,112440,卖盘
1004,10:04:58,18.74,+0.11,0.0,16,29984,卖盘
1005,10:04:46,18.74,+0.11,0.0,100,187400,卖盘
1006,10:04:22,18.74,+0.11,0.0,48,89952,卖盘
1007,10:04:08,18.74,+0.11,-0.01,2,3748,卖盘
1008,10:03:54,18.75,+0.16,-0.01,12,22500,卖盘
1009,10:03:45,18.76,+0.21,0.0,1,1876,买盘
1010,10:03:39,18.76,+0.21,0.01,2,3752,买盘
1011,10:02:57,18.75,+0.16,0.01,5,9375,买盘
1012,10:02:51,18.74,+0.11,0.0,4,7496,卖盘
1013,10:02:45,18.74,+0.11,0.0,4,7496,卖盘
1014,10:02:24,18.74,+0.11,0.0,0,0,卖盘
1015,10:01:57,18.74,+0.11,0.0,7,13118,卖盘
1016,10:01:27,18.74,+0.11,0.0,0,768,卖盘
1017,10:01:12,18.74,+0.11,-0.02,1,1874,卖盘
1018,10:01:03,18.76,+0.21,0.0,1,1876,买盘
1019,10:00:27,18.76,+0.21,0.02,2,3752,买盘
1020,10:00:09,18.74,+0.11,0.0,2,3748,卖盘
1021,10:00:06,18.74,+0.11,0.0,9,16866,卖盘
1022,10:00:03,18.74,+0.11,0.0,40,74960,卖盘
1023,09:59:54,18.74,+0.11,0.0,14,26236,中性盘
1024,09:59:54,18.74,+0.11,-0.02,14,26236,卖盘
1025,09:59:48,18.76,+0.21,0.02,2,3752,买盘
1026,09:59:45,18.74,+0.11,-0.01,49,91826,卖盘
1027,09:59:41,18.75,+0.16,0.01,1,1875,买盘
1028,09:59:39,18.74,+0.11,0.0,75,140550,卖盘
1029,09:59:33,18.74,+0.11,0.0,10,18740,卖盘
1030,09:59:30,18.74,+0.11,0.0,38,71212,卖盘
1031,09:59:26,18.74,+0.11,0.0,10,18740,卖盘
1032,09:59:24,18.74,+0.11,-0.01,30,56220,卖盘
1033,09:59:09,18.75,+0.16,0.0,20,37500,卖盘
1034,09:58:59,18.75,+0.16,0.0,2,3750,卖盘
1035,09:58:54,18.75,+0.16,-0.01,1,1875,卖盘
1036,09:58:48,18.76,+0.21,0.0,0,113,卖盘
1037,09:58:24,18.76,+0.21,0.0,23,43148,卖盘
1038,09:58:00,18.76,+0.21,-0.02,8,15008,卖盘
1039,09:57:21,18.78,+0.32,0.0,12,22536,买盘
1040,09:57:14,18.78,+0.32,0.0,2,3756,买盘
1041,09:56:53,18.78,+0.32,0.0,84,157752,买盘
1042,09:56:50,18.78,+0.32,-0.01,18,33804,卖盘
1043,09:56:44,18.79,+0.37,0.0,11,20669,买盘
1044,09:56:02,18.79,+0.37,0.01,1,1879,买盘
1045,09:55:11,18.78,+0.32,-0.01,47,88266,卖盘
1046,09:54:59,18.79,+0.37,0.0,22,41338,买盘
1047,09:54:53,18.79,+0.37,0.01,11,20669,买盘
1048,09:54:38,18.78,+0.32,0.0,5,9390,卖盘
1049,09:54:23,18.78,+0.32,0.0,11,20658,买盘
1050,09:54:20,18.78,+0.32,0.0,10,18780,买盘
1051,09:53:53,18.78,+0.32,0.0,2,3756,买盘
1052,09:53:35,18.78,+0.32,0.0,6,11268,卖盘
1053,09:53:29,18.78,+0.32,0.0,15,28170,卖盘
1054,09:53:04,18.78,+0.32,0.0,2,3756,卖盘
1055,09:52:58,18.78,+0.32,-0.01,49,92022,卖盘
1056,09:52:55,18.79,+0.37,0.01,10,18790,买盘
1057,09:52:28,18.78,+0.32,0.02,36,67608,买盘
1058,09:52:22,18.76,+0.21,0.0,1,1876,卖盘
1059,09:51:46,18.76,+0.21,0.0,5,9380,卖盘
1060,09:51:40,18.76,+0.21,0.01,3,7391,买盘
1061,09:51:16,18.75,+0.16,0.01,1,1875,卖盘
1062,09:51:04,18.74,+0.11,0.0,0,0,卖盘
1063,09:50:40,18.74,+0.11,0.0,21,39354,卖盘
1064,09:50:37,18.74,+0.11,-0.02,2,3748,卖盘
1065,09:50:25,18.76,+0.21,0.01,30,56280,买盘
1066,09:50:16,18.75,+0.16,0.0,9,16875,买盘
1067,09:50:13,18.75,+0.16,0.01,27,50625,买盘
1068,09:50:10,18.74,+0.11,0.0,33,61842,买盘
1069,09:49:58,18.74,+0.11,0.0,23,43102,买盘
1070,09:49:40,18.74,+0.11,-0.01,1,1874,买盘
1071,09:49:25,18.75,+0.16,0.0,0,0,买盘
1072,09:49:13,18.75,+0.16,0.0,1,1875,买盘
1073,09:48:58,18.75,+0.16,0.0,5,9375,买盘
1074,09:48:49,18.75,+0.16,0.0,3,5625,卖盘
1075,09:48:43,18.75,+0.16,-0.01,8,15000,卖盘
1076,09:48:40,18.76,+0.21,0.01,2,3752,买盘
1077,09:48:34,18.75,+0.16,-0.01,4,7500,卖盘
1078,09:48:28,18.76,+0.21,0.0,4,7504,买盘
1079,09:48:19,18.76,+0.21,0.0,1,1876,中性盘
1080,09:48:19,18.76,+0.21,0.0,1,1876,买盘
1081,09:48:10,18.76,+0.21,0.0,5,9380,买盘
1082,09:48:01,18.76,+0.21,-0.01,6,12119,卖盘
1083,09:47:55,18.77,+0.27,0.01,50,93850,买盘
1084,09:47:46,18.76,+0.21,0.0,10,18760,卖盘
1085,09:47:43,18.76,+0.21,0.0,6,11256,卖盘
1086,09:47:37,18.76,+0.21,0.0,0,0,卖盘
1087,09:47:31,18.76,+0.21,0.0,21,39396,卖盘
1088,09:47:25,18.76,+0.21,-0.02,4,7504,卖盘
1089,09:47:22,18.78,+0.32,0.01,4,7512,买盘
1090,09:47:19,18.77,+0.27,0.0,3,5631,卖盘
1091,09:47:10,18.77,+0.27,0.0,24,45048,卖盘
1092,09:47:07,18.77,+0.27,0.0,6,11262,卖盘
1093,09:47:01,18.77,+0.27,0.0,2,3754,卖盘
1094,09:46:55,18.77,+0.27,-0.01,1,1877,卖盘
1095,09:46:49,18.78,+0.32,0.0,3,5634,买盘
1096,09:46:46,18.78,+0.32,0.0,21,39438,买盘
1097,09:46:43,18.78,+0.32,0.0,20,37560,买盘
1098,09:46:31,18.78,+0.32,0.01,5,9390,买盘
1099,09:46:22,18.77,+0.27,0.0,2,3754,卖盘
1100,09:46:19,18.77,+0.27,0.0,60,112620,卖盘
1101,09:45:58,18.77,+0.27,0.0,3,6645,买盘
1102,09:45:55,18.77,+0.27,0.02,6,11262,买盘
1103,09:45:52,18.75,+0.16,-0.02,24,45000,卖盘
1104,09:45:31,18.77,+0.27,-0.01,40,75943,卖盘
1105,09:45:00,18.78,+0.32,0.0,27,50706,卖盘
1106,09:44:57,18.78,+0.32,0.0,6,11268,卖盘
1107,09:44:45,18.78,+0.32,-0.01,2,3756,卖盘
1108,09:44:33,18.79,+0.37,-0.01,15,28185,卖盘
1109,09:44:27,18.8,+0.43,0.02,5,9400,买盘
1110,09:44:24,18.78,+0.32,-0.02,4,7512,卖盘
1111,09:44:06,18.8,+0.43,0.0,5,9400,买盘
1112,09:43:51,18.8,+0.43,0.02,2,3760,买盘
1113,09:43:38,18.78,+0.32,0.0,3,5634,卖盘
1114,09:43:33,18.78,+0.32,0.0,5,9390,卖盘
1115,09:43:17,18.78,+0.32,0.01,18,33804,买盘
1116,09:43:15,18.77,+0.27,0.0,2,4768,买盘
1117,09:43:09,18.77,+0.27,0.02,10,18770,买盘
1118,09:43:02,18.75,+0.16,-0.02,5,9375,卖盘
1119,09:42:45,18.77,+0.27,0.02,2,3754,买盘
1120,09:42:42,18.75,+0.16,0.0,19,35625,卖盘
1121,09:42:36,18.75,+0.16,0.0,18,33750,买盘
1122,09:42:24,18.75,+0.16,0.01,5,9375,买盘
1123,09:42:21,18.74,+0.11,-0.01,5,9370,卖盘
1124,09:42:18,18.75,+0.16,0.0,4,7500,买盘
1125,09:42:09,18.75,+0.16,0.0,3,5625,买盘
1126,09:41:51,18.75,+0.16,0.0,5,9375,中性盘
1127,09:41:48,18.75,+0.16,0.0,1,1875,卖盘
1128,09:41:39,18.75,+0.16,0.0,9,16875,买盘
1129,09:41:24,18.75,+0.16,0.0,10,18750,买盘
1130,09:41:21,18.75,+0.16,0.0,1,1875,买盘
1131,09:40:48,18.75,+0.16,0.0,1,1875,卖盘
1132,09:40:42,18.75,+0.16,-0.01,10,18750,卖盘
1133,09:40:36,18.76,+0.21,-0.01,5,9380,买盘
1134,09:40:26,18.77,+0.27,0.0,0,0,买盘
1135,09:40:23,18.77,+0.27,0.0,5,9385,买盘
1136,09:40:09,18.77,+0.27,0.0,0,0,买盘
1137,09:40:06,18.77,+0.27,0.0,0,0,买盘
1138,09:39:48,18.77,+0.27,0.0,6,11262,买盘
1139,09:39:33,18.77,+0.27,0.04,20,37540,买盘
1140,09:39:24,18.73,+0.05,0.0,0,0,中性盘
1141,09:39:21,18.73,+0.05,0.01,30,56190,买盘
1142,09:38:51,18.72,0.00,0.0,0,0,买盘
1143,09:38:48,18.72,0.00,0.01,6,11232,卖盘
1144,09:38:45,18.71,-0.05,0.0,14,26194,买盘
1145,09:38:18,18.71,-0.05,0.0,0,0,买盘
1146,09:38:15,18.71,-0.05,0.01,7,13097,买盘
1147,09:38:09,18.7,-0.11,0.0,1,1870,卖盘
1148,09:37:51,18.7,-0.11,0.05,2,3740,买盘
1149,09:37:42,18.65,-0.37,0.0,0,0,卖盘
1150,09:37:38,18.65,-0.37,-0.01,2,3730,卖盘
1151,09:37:35,18.66,-0.32,0.0,5,9330,买盘
1152,09:37:32,18.66,-0.32,0.0,5,9330,买盘
1153,09:37:29,18.66,-0.32,0.0,5,9330,买盘
1154,09:37:26,18.66,-0.32,0.0,21,39186,卖盘
1155,09:37:23,18.66,-0.32,-0.02,2,3732,卖盘
1156,09:37:14,18.68,-0.21,0.0,1,1868,卖盘
1157,09:37:11,18.68,-0.21,0.0,6,11208,卖盘
1158,09:36:59,18.68,-0.21,0.03,3,5604,卖盘
1159,09:36:50,18.65,-0.37,0.0,0,0,卖盘
1160,09:36:47,18.65,-0.37,0.0,0,0,卖盘
1161,09:36:32,18.65,-0.37,0.0,0,0,中性盘
1162,09:36:32,18.65,-0.37,0.0,0,0,卖盘
1163,09:36:26,18.65,-0.37,-0.06,4,7460,中性盘
1164,09:36:23,18.71,-0.05,0.06,12,22452,买盘
1165,09:36:17,18.65,-0.37,0.0,2,3730,卖盘
1166,09:36:14,18.65,-0.37,0.0,0,0,卖盘
1167,09:36:11,18.65,-0.37,0.01,18,33570,卖盘
1168,09:36:08,18.64,-0.43,0.0,0,0,卖盘
1169,09:36:05,18.64,-0.43,0.0,19,35416,卖盘
1170,09:35:59,18.64,-0.43,0.0,4,7456,卖盘
1171,09:35:56,18.64,-0.43,0.0,34,63376,买盘
1172,09:35:53,18.64,-0.43,0.01,10,18640,买盘
1173,09:35:47,18.63,-0.48,-0.01,19,35397,卖盘
1174,09:35:44,18.64,-0.43,0.0,10,18640,买盘
1175,09:35:41,18.64,-0.43,0.0,10,18640,买盘
1176,09:35:29,18.64,-0.43,0.0,5,9320,买盘
1177,09:35:26,18.64,-0.43,0.0,8,14912,买盘
1178,09:35:23,18.64,-0.43,0.0,5,9320,买盘
1179,09:35:20,18.64,-0.43,0.0,11,20504,买盘
1180,09:35:17,18.64,-0.43,0.0,11,20504,买盘
1181,09:35:14,18.64,-0.43,0.0,10,18640,买盘
1182,09:35:11,18.64,-0.43,0.0,4,7456,买盘
1183,09:35:08,18.64,-0.43,0.0,2,3728,买盘
1184,09:35:05,18.64,-0.43,-0.01,4,7456,卖盘
1185,09:35:02,18.65,-0.37,0.0,9,16785,买盘
1186,09:34:53,18.65,-0.37,-0.01,29,54831,卖盘
1187,09:34:44,18.66,-0.32,-0.01,92,171672,卖盘
1188,09:34:26,18.67,-0.27,0.0,0,0,卖盘
1189,09:34:20,18.67,-0.27,-0.06,5,9335,卖盘
1190,09:34:14,18.73,+0.05,0.06,7,13111,买盘
1191,09:34:05,18.67,-0.27,0.0,0,0,买盘
1192,09:33:59,18.67,-0.27,0.0,0,0,买盘
1193,09:33:56,18.67,-0.27,-0.01,3,5601,买盘
1194,09:33:47,18.68,-0.21,0.03,4,7472,卖盘
1195,09:33:41,18.65,-0.37,-0.03,129,241704,卖盘
1196,09:33:38,18.68,-0.21,0.0,9,16812,买盘
1197,09:33:19,18.68,-0.21,0.0,5,9340,买盘
1198,09:33:16,18.68,-0.21,0.0,2,3736,买盘
1199,09:33:04,18.68,-0.21,-0.01,14,26152,卖盘
1200,09:32:55,18.69,-0.16,0.0,7,13083,买盘
1201,09:32:49,18.69,-0.16,0.0,10,18690,买盘
1202,09:32:46,18.69,-0.16,0.0,10,18690,买盘
1203,09:32:43,18.69,-0.16,0.0,5,9345,买盘
1204,09:32:40,18.69,-0.16,-0.02,17,31773,卖盘
1205,09:32:31,18.71,-0.05,0.0,0,0,买盘
1206,09:32:13,18.71,-0.05,0.04,4,7484,买盘
1207,09:32:04,18.67,-0.27,0.0,0,0,卖盘
1208,09:32:01,18.67,-0.27,-0.04,8,14936,卖盘
1209,09:31:58,18.71,-0.05,0.05,14,26194,买盘
1210,09:31:55,18.66,-0.32,0.0,0,0,卖盘
1211,09:31:52,18.66,-0.32,-0.05,6,11196,卖盘
1212,09:31:49,18.71,-0.05,0.0,5,9355,买盘
1213,09:31:46,18.71,-0.05,0.0,0,0,买盘
1214,09:31:31,18.71,-0.05,-0.01,90,168390,卖盘
1215,09:31:28,18.72,0.00,0.0,7,13104,卖盘
1216,09:31:19,18.72,0.00,0.01,14,26208,买盘
1217,09:31:16,18.71,-0.05,0.0,1,1871,卖盘
1218,09:30:58,18.71,-0.05,0.0,3,5613,买盘
1219,09:30:55,18.71,-0.05,0.0,5,9355,买盘
1220,09:30:40,18.71,-0.05,0.08,5,9355,买盘
1221,09:30:04,18.63,-0.48,0.0,10,18630,卖盘
1222,09:29:00,18.63,-0.48,0.0,0,0,卖盘
1223,09:25:01,18.63,-0.48,0.0,49,91287,0
