,code,name,date,nums,nlast,count,clast,amount,ratio
0,603993,洛阳钼业,2015-03-31,15,-93,3137.97,-1408.15,42644.95,0.24
1,603806,福斯特,2015-03-31,1,-2,7.56,-4.54,338.14,0.08
2,603766,隆鑫通用,2015-03-31,5,-60,477.20,-1991.93,9023.84,0.23
3,603688,石英股份,2015-03-31,3,-5,0.30,-23.21,6.49,0.00
4,603606,东方电缆,2015-03-31,2,-14,6.15,-107.07,161.29,0.04
5,603588,高能环境,2015-03-31,2,-29,21.09,-84.86,1283.30,0.04
6,603555,贵人鸟,2015-03-31,3,-36,286.65,-205.83,9795.00,0.47
7,603456,九洲药业,2015-03-31,11,-7,1568.40,60.12,74655.98,10.95
8,603368,柳州医药,2015-03-31,11,-5,252.57,-61.78,14876.67,3.39
9,603366,日出东方,2015-03-31,3,-65,120.37,-1651.04,2816.71,0.15
10,603288,海天味业,2015-03-31,3,-132,51.30,-2695.33,2639.19,0.05
11,603167,渤海轮渡,2015-03-31,2,-10,1329.09,-587.97,19471.23,2.76
12,603128,华贸物流,2015-03-31,3,-21,1123.93,-987.33,27423.93,1.37
13,603111,康尼机电,2015-03-31,2,1,116.26,112.86,3170.41,0.30
14,603099,长白山,2015-03-31,2,-2,475.98,469.93,9229.25,4.64
15,603019,中科曙光,2015-03-31,9,-15,344.24,70.90,24086.70,0.96
16,603008,喜临门,2015-03-31,3,-41,277.24,-6745.84,5200.98,0.88
17,603005,晶方科技,2015-03-31,2,-56,26.98,-611.35,1497.03,0.16
18,603001,奥康国际,2015-03-31,2,-46,34.00,-608.04,759.22,0.08
19,601998,中信银行,2015-03-31,12,-188,1178.14,-32500.68,8671.10,0.04
20,601992,金隅股份,2015-03-31,4,-150,217.57,-13649.91,2430.26,0.03
21,601991,大唐发电,2015-03-31,4,-32,76.37,-1851.34,488.79,0.01
22,601989,中国重工,2015-03-31,50,-186,72648.42,-50095.29,729390.17,3.96
23,601988,中国银行,2015-03-31,128,-163,119815.63,-84483.12,524792.47,0.57
24,601965,中国汽研,2015-03-31,5,-58,1914.99,-200.18,33780.38,1.99
25,601958,金钼股份,2015-03-31,1,-94,799.99,-5068.78,9183.85,0.25
26,601939,建设银行,2015-03-31,17,-146,4130.41,-66505.48,25195.48,0.43
27,601933,永辉超市,2015-03-31,14,-129,19522.70,-11916.05,225096.73,3.00
28,601929,吉视传媒,2015-03-31,4,-100,750.38,-4693.03,10670.35,0.24
29,601928,凤凰传媒,2015-03-31,3,-90,161.49,-5281.49,2328.69,0.06
30,601918,新集能源,2015-03-31,1,-37,1.00,-4057.31,7.21,0.00
31,601908,京运通,2015-03-31,1,-50,16.50,-1057.69,284.25,0.01
32,601901,方正证券,2015-03-31,16,-123,60140.65,9216.73,847381.78,9.56
33,601899,紫金矿业,2015-03-31,13,-103,10722.05,-28384.52,46319.27,0.68
34,601898,中煤能源,2015-03-31,3,-120,110.06,-12570.39,757.23,0.01
35,601888,中国国旅,2015-03-31,24,-147,1896.28,-3418.56,117067.62,1.94
36,601886,江河集团,2015-03-31,5,-37,331.02,67.37,3780.24,0.29
37,601877,正泰电器,2015-03-31,12,-54,3298.48,-3581.41,135600.45,2.49
38,601872,招商轮船,2015-03-31,5,-49,235.42,-9499.22,1596.15,0.05
39,601857,中国石油,2015-03-31,21,-127,5816.87,-17335.59,68231.83,0.04
40,601818,光大银行,2015-03-31,43,-217,17984.14,-149967.64,85064.98,0.45
41,601808,中海油服,2015-03-31,2,-115,23.65,-3216.88,525.22,0.01
42,601801,皖新传媒,2015-03-31,9,-67,2310.82,-311.89,63131.57,1.27
43,601800,中国交建,2015-03-31,8,-161,56.44,-16406.09,1043.56,0.00
44,601799,星宇股份,2015-03-31,7,-23,533.62,-503.95,14375.84,2.23
45,601789,宁波建工,2015-03-31,3,-6,12.36,-8.25,139.09,0.01
46,601788,光大证券,2015-03-31,10,-90,171.84,-17113.34,4794.34,0.04
47,601766,中国中车,2015-03-31,20,-144,6426.17,-43953.28,109180.62,0.28
48,601727,上海电气,2015-03-31,11,-74,364.29,-7091.00,3978.04,0.04
49,601717,郑煤机,2015-03-31,1,-50,2479.99,-5040.69,22567.88,1.80
50,601700,风范股份,2015-03-31,2,-14,63.35,-1838.21,1756.12,0.06
51,601699,潞安环能,2015-03-31,7,-129,2606.44,-8340.49,31928.89,0.87
52,601688,华泰证券,2015-03-31,85,-224,51792.67,-7391.24,1559477.33,9.51
53,601677,明泰铝业,2015-03-31,1,-15,14.75,-705.27,233.05,0.03
54,601669,中国电建,2015-03-31,12,-134,8688.23,-7441.62,85926.58,0.91
55,601668,中国建筑,2015-03-31,92,-197,51432.75,-85380.27,394489.22,1.73
56,601633,长城汽车,2015-03-31,25,-150,8550.33,-4270.81,444702.88,1.42
57,601628,中国人寿,2015-03-31,41,-290,8225.13,-23179.17,304740.90,0.39
58,601618,中国中冶,2015-03-31,3,-105,1550.00,-15275.48,8695.50,0.10
59,601608,中信重工,2015-03-31,2,-43,13.33,-495.13,85.98,0.00
60,601607,上海医药,2015-03-31,13,-131,2547.88,-6210.49,57887.74,1.32
61,601601,中国太保,2015-03-31,112,-203,31206.49,-21720.41,1057899.92,4.96
62,601600,中国铝业,2015-03-31,12,-121,5074.21,-19540.98,32018.29,0.46
63,601588,北辰实业,2015-03-31,7,-10,6605.30,-348.63,40012.15,2.48
64,601567,三星医疗,2015-03-31,3,-21,345.46,-1256.65,11272.39,0.34
65,601555,东吴证券,2015-03-31,16,-183,8372.68,-19729.52,191818.14,2.90
66,601519,*ST智慧,2015-03-31,20,-31,786.18,-590.46,23239.60,0.40
67,601398,工商银行,2015-03-31,71,-79,48186.09,-55507.43,234184.39,0.18
68,601390,中国中铁,2015-03-31,21,-135,3453.57,-28210.97,43618.62,0.19
69,601377,兴业证券,2015-03-31,32,-160,50991.53,-2026.16,806686.05,7.61
70,601369,陕鼓动力,2015-03-31,2,-62,116.38,-3088.72,1167.27,0.07
71,601336,新华保险,2015-03-31,33,-259,3398.79,-11163.12,180169.79,1.63
72,601333,广深铁路,2015-03-31,1,-97,1988.88,-11108.41,9586.40,0.35
73,601328,交通银行,2015-03-31,58,-244,46076.68,-95977.28,294430.01,1.17
74,601318,中国平安,2015-03-31,419,-264,65648.75,-16411.23,5136358.13,6.07
75,601311,骆驼股份,2015-03-31,7,-64,3587.34,-1466.98,68267.16,4.23
76,601299,中国北车,2015-03-31,20,-167,6830.48,-50182.78,125749.05,0.67
77,601288,农业银行,2015-03-31,23,-134,18079.99,-150459.09,66353.56,0.06
78,601258,庞大集团,2015-03-31,2,-90,1307.38,-4711.88,10929.68,0.20
79,601238,广汽集团,2015-03-31,1,-33,120.34,-1043.58,1182.97,0.03
80,601233,桐昆股份,2015-03-31,6,-75,1986.31,-3354.07,24729.59,2.06
81,601231,环旭电子,2015-03-31,5,-95,305.09,-2547.34,11422.61,0.14
82,601226,华电重工,2015-03-31,6,-20,20.80,-65.46,425.47,0.05
83,601225,陕西煤业,2015-03-31,2,-106,1315.62,-6299.61,10735.44,0.13
84,601222,林洋能源,2015-03-31,10,-27,2800.63,-88.77,105051.66,1.61
85,601218,吉鑫科技,2015-03-31,1,-23,50.00,-2539.52,532.50,0.05
86,601216,君正集团,2015-03-31,10,-71,489.23,-1429.02,9774.90,0.06
87,601208,东材科技,2015-03-31,1,-65,780.53,-6651.78,8492.17,1.25
88,601199,江南水务,2015-03-31,2,-7,419.53,-219.20,10836.41,0.45
89,601186,中国铁建,2015-03-31,18,-133,2244.28,-16081.71,41721.09,0.20
90,601169,北京银行,2015-03-31,9,-165,2263.47,-46554.91,24694.44,0.15
91,601168,西部矿业,2015-03-31,7,-85,2131.97,-6254.90,21298.36,0.89
92,601166,兴业银行,2015-03-31,305,-128,152786.06,-2412.78,2805152.11,8.02
93,601139,深圳燃气,2015-03-31,9,-26,6618.34,4371.65,71875.15,3.03
94,601126,四方股份,2015-03-31,14,-44,1193.22,203.19,33207.35,1.47
95,601117,中国化学,2015-03-31,1,-129,134.04,-18152.84,1308.23,0.03
96,601111,中国国航,2015-03-31,3,-109,3527.62,-7224.44,33265.43,0.41
97,601100,恒立液压,2015-03-31,1,-30,2101.56,-3662.08,31292.29,3.34
98,601099,太平洋,2015-03-31,27,-62,8173.32,-19758.39,113037.05,1.26
99,601098,中南传媒,2015-03-31,12,-117,1324.62,-4808.99,29671.55,0.74
100,601088,中国神华,2015-03-31,15,-189,5435.06,-25279.21,109190.33,0.33
101,601058,赛轮金宇,2015-03-31,14,-40,791.18,-3894.77,15763.75,0.35
102,601028,玉龙股份,2015-03-31,1,-5,35.00,-262.47,833.70,0.04
103,601012,隆基股份,2015-03-31,8,-78,1238.25,-2348.35,64005.01,0.70
104,601010,文峰股份,2015-03-31,8,-41,363.77,-461.29,10694.70,0.20
105,601009,南京银行,2015-03-31,15,-151,1238.18,-15327.51,18386.91,0.21
106,601006,大秦铁路,2015-03-31,10,-184,3817.02,-43405.12,42101.72,0.26
107,601000,唐山港,2015-03-31,16,-47,4841.01,-5709.94,71211.24,1.21
108,600999,招商证券,2015-03-31,32,-189,25653.63,-10139.02,814745.56,5.44
109,600998,九州通,2015-03-31,11,-125,601.03,-7064.50,16282.02,0.37
110,600997,开滦股份,2015-03-31,1,-51,93.16,-4664.87,695.87,0.08
111,600993,马应龙,2015-03-31,14,-54,730.42,-2696.25,21394.03,1.70
112,600992,贵绳股份,2015-03-31,1,-4,30.24,-172.57,417.56,0.12
113,600990,四创电子,2015-03-31,10,-65,1073.77,-2968.20,70482.30,7.85
114,600987,航民股份,2015-03-31,1,-21,35.00,-1472.77,449.40,0.06
115,600986,科达股份,2015-03-31,6,5,2171.01,1971.01,37167.77,4.80
116,600983,惠而浦,2015-03-31,1,-51,35.00,-4180.63,494.55,0.07
117,600979,广安爱众,2015-03-31,6,-32,1628.03,-7543.49,14245.27,2.27
118,600978,宜华生活,2015-03-31,2,-58,984.06,-4408.53,9250.15,0.66
119,600976,健民集团,2015-03-31,5,-48,1110.94,-2694.36,37883.03,7.25
120,600975,新五丰,2015-03-31,1,-12,203.68,-1314.48,2967.59,0.43
121,600970,中材国际,2015-03-31,8,-75,1631.78,-5028.91,26532.73,0.97
122,600969,郴电国际,2015-03-31,7,-20,359.20,-1337.99,7816.19,1.36
123,600967,内蒙一机,2015-03-31,3,-61,684.25,-10177.74,11098.48,0.83
124,600963,岳阳林纸,2015-03-31,2,-21,2012.83,-1659.15,14472.26,1.93
125,600962,国投中鲁,2015-03-31,4,-16,1346.66,-1141.83,24294.55,5.30
126,600961,株冶集团,2015-03-31,1,-6,15.96,-6.73,233.78,0.03
127,600917,重庆燃气,2015-03-31,1,-6,29.99,-26.24,361.10,0.19
128,600900,长江电力,2015-03-31,14,-132,3420.16,-19074.67,37245.59,0.35
129,600895,张江高科,2015-03-31,12,-95,1665.52,-5474.46,34492.91,1.08
130,600894,广日股份,2015-03-31,7,-62,4763.70,-4321.07,105046.60,5.54
131,600893,航发动力,2015-03-31,13,-144,5076.47,-7255.35,195393.46,3.71
132,600888,新疆众和,2015-03-31,1,-22,1993.20,-3125.17,20769.20,3.11
133,600887,伊利股份,2015-03-31,88,-195,26677.37,-19282.25,822996.71,4.42
134,600886,国投电力,2015-03-31,5,-161,1203.38,-40095.60,12996.49,0.18
135,600885,宏发股份,2015-03-31,8,-69,778.04,-3166.78,22742.18,1.46
136,600884,杉杉股份,2015-03-31,2,-57,370.49,-1138.12,8610.14,0.45
137,600883,博闻科技,2015-03-31,1,-4,938.88,-194.35,11858.08,3.98
138,600881,亚泰集团,2015-03-31,13,-49,192.62,-2696.87,1874.20,0.10
139,600879,航天电子,2015-03-31,10,-70,6974.74,-10743.65,139704.09,8.74
140,600875,东方电气,2015-03-31,63,-61,5972.04,-453.14,129414.00,2.99
141,600874,创业环保,2015-03-31,2,-50,100.00,-1945.64,1363.00,0.09
142,600873,梅花生物,2015-03-31,8,-110,3419.06,-8803.28,30395.41,1.11
143,600872,中炬高新,2015-03-31,15,-87,4939.07,-13359.74,72554.92,6.20
144,600869,智慧能源,2015-03-31,6,-44,1535.01,983.56,27461.28,0.75
145,600867,通化东宝,2015-03-31,6,-102,4825.42,-3359.73,97135.65,3.54
146,600863,内蒙华电,2015-03-31,1,-94,1.71,-16089.97,7.87,0.00
147,600862,中航高科,2015-03-31,1,-8,1649.74,-1210.29,29200.42,2.09
148,600858,银座股份,2015-03-31,6,-41,2801.16,-3795.50,31759.34,5.41
149,600856,中天能源,2015-03-31,4,1,436.46,336.42,8345.13,0.57
150,600855,航天长峰,2015-03-31,5,-58,1043.19,-7941.10,31306.14,3.16
151,600853,龙建股份,2015-03-31,2,0,876.50,736.45,6135.49,1.63
152,600851,海欣股份,2015-03-31,1,-40,35.60,-1125.94,388.06,0.05
153,600850,华东电脑,2015-03-31,12,-94,1260.17,-2232.11,72169.79,2.99
154,600845,宝信软件,2015-03-31,7,-8,397.12,-195.93,23422.00,0.76
155,600839,四川长虹,2015-03-31,7,-92,11042.23,-2135.64,66474.21,2.39
156,600837,海通证券,2015-03-31,139,-175,147363.52,27099.43,3449780.06,18.21
157,600836,界龙实业,2015-03-31,2,-5,440.78,33.05,8348.42,0.67
158,600835,上海机电,2015-03-31,4,-70,48.20,-1723.98,1219.94,0.06
159,600832,东方明珠,2015-03-31,1,-105,0.30,-5656.29,4.89,0.00
160,600830,香溢融通,2015-03-31,1,-37,78.05,-600.58,1157.49,0.17
161,600829,人民同泰,2015-03-31,4,-3,879.33,-621.51,13444.96,1.52
162,600827,百联股份,2015-03-31,5,-111,1160.49,-3410.83,25071.29,0.75
163,600823,世茂股份,2015-03-31,2,-83,127.09,-2150.11,2520.25,0.05
164,600820,隧道股份,2015-03-31,17,-76,3430.57,-4568.00,38113.68,1.09
165,600816,安信信托,2015-03-31,1,-64,11.31,-939.81,385.50,0.00
166,600815,*ST厦工,2015-03-31,2,-12,4.00,-109.04,51.08,0.00
167,600812,华北制药,2015-03-31,1,-54,131.50,-9951.99,1033.59,0.08
168,600811,东方集团,2015-03-31,1,-58,121.88,-2059.26,1354.09,0.07
169,600809,山西汾酒,2015-03-31,1,-132,15.08,-2835.23,334.02,0.02
170,600805,悦达投资,2015-03-31,7,-56,1244.39,-3656.76,18864.89,1.47
171,600804,鹏博士,2015-03-31,44,-109,8661.92,-2761.93,282811.72,6.23
172,600803,新奥股份,2015-03-31,1,-44,806.44,151.14,14757.78,0.82
173,600802,福建水泥,2015-03-31,2,-14,426.48,-437.41,4951.38,1.12
174,600801,华新水泥,2015-03-31,2,-69,876.29,-5629.05,10489.16,0.90
175,600798,宁波海运,2015-03-31,3,-7,666.67,224.65,4713.33,0.65
176,600797,浙大网新,2015-03-31,6,-32,18.28,-528.24,196.87,0.02
177,600795,国电电力,2015-03-31,18,-142,1951.18,-42811.86,8487.64,0.10
178,600787,中储股份,2015-03-31,2,-54,168.00,-3349.86,2220.92,0.09
179,600783,鲁信创投,2015-03-31,5,-78,254.39,-1451.12,9097.08,0.34
180,600780,通宝能源,2015-03-31,6,-55,3992.99,-1454.29,36416.08,3.48
181,600778,友好集团,2015-03-31,1,-13,86.00,-286.74,970.08,0.28
182,600777,新潮能源,2015-03-31,1,-5,19.94,-54.94,334.86,0.01
183,600776,东方通信,2015-03-31,4,-41,911.00,-2548.60,12198.29,0.95
184,600773,西藏城投,2015-03-31,3,-55,1019.68,-1900.04,17100.05,1.40
185,600771,广誉远,2015-03-31,4,-2,2069.30,1304.42,73563.47,8.49
186,600770,综艺股份,2015-03-31,3,-57,3140.31,-51.96,45848.54,2.84
187,600767,*ST运盛,2015-03-31,8,-10,984.30,-558.77,18554.05,2.89
188,600765,中航重机,2015-03-31,1,-82,21.72,-8746.55,562.75,0.03
189,600763,通策医疗,2015-03-31,17,-33,2425.64,-2114.18,166496.20,7.57
190,600761,安徽合力,2015-03-31,4,-92,170.42,-4507.56,2948.30,0.28
191,600759,洲际油气,2015-03-31,9,-53,3861.11,-1768.49,53712.47,2.44
192,600757,长江传媒,2015-03-31,1,-37,158.91,-1435.16,2046.75,0.13
193,600756,浪潮软件,2015-03-31,1,-5,85.33,80.43,3407.16,0.26
194,600755,厦门国贸,2015-03-31,5,-47,562.49,-536.98,7796.10,0.34
195,600754,锦江股份,2015-03-31,3,-121,756.17,-3722.93,21747.33,1.69
196,600750,江中药业,2015-03-31,5,-79,2530.74,-1022.81,75846.28,8.44
197,600749,西藏旅游,2015-03-31,2,-17,382.06,-1831.07,6548.50,2.02
198,600747,*ST大控,2015-03-31,1,-44,0.43,-2833.57,2.66,0.00
199,600743,华远地产,2015-03-31,2,-44,668.84,-414.23,3919.43,0.29
200,600742,一汽富维,2015-03-31,5,-38,358.00,-1707.85,12483.57,0.85
201,600741,华域汽车,2015-03-31,25,-138,11002.89,-5267.74,234648.27,3.84
202,600739,辽宁成大,2015-03-31,20,-82,4823.65,-2864.03,134676.35,3.53
203,600737,中粮糖业,2015-03-31,1,-58,10.78,-2217.11,117.29,0.01
204,600735,新华锦,2015-03-31,2,-1,223.60,105.63,5379.78,0.59
205,600729,重庆百货,2015-03-31,2,-84,469.59,-2949.40,13524.27,1.16
206,600728,佳都科技,2015-03-31,5,-14,512.63,27.52,13359.21,0.39
207,600718,东软集团,2015-03-31,14,-102,1606.04,-4480.90,45145.66,1.30
208,600715,文投控股,2015-03-31,4,-7,128.62,-1057.64,3142.30,0.29
209,600713,南京医药,2015-03-31,1,-9,158.02,-965.11,1559.64,0.23
210,600711,盛屯矿业,2015-03-31,1,-4,1499.99,1486.54,21644.80,1.03
211,600707,彩虹股份,2015-03-31,6,-5,3051.62,514.13,42020.86,4.15
212,600706,曲江文旅,2015-03-31,2,-12,1171.54,-425.69,22809.93,6.59
213,600705,中航资本,2015-03-31,15,-119,3444.71,-17378.14,82328.66,0.45
214,600704,物产中大,2015-03-31,3,-59,268.39,-2655.63,5606.66,0.30
215,600703,三安光电,2015-03-31,28,-159,8057.98,-15912.78,171312.66,1.98
216,600702,沱牌舍得,2015-03-31,1,-94,774.67,-3629.00,15958.15,2.30
217,600699,均胜电子,2015-03-31,5,-63,652.49,-1199.96,22269.41,0.95
218,600697,欧亚集团,2015-03-31,2,-70,849.66,-4398.82,24257.67,5.48
219,600694,大商股份,2015-03-31,8,-104,1108.45,-2309.45,59169.14,3.77
220,600693,东百集团,2015-03-31,6,-12,914.63,-1893.14,11698.15,1.33
221,600690,青岛海尔,2015-03-31,29,-183,12442.86,-16363.15,321523.40,2.29
222,600688,上海石化,2015-03-31,9,-79,13710.99,4069.49,75136.20,1.88
223,600687,刚泰控股,2015-03-31,6,1,136.90,134.31,3666.17,0.13
224,600686,金龙汽车,2015-03-31,8,-28,880.61,-1715.46,17665.02,1.99
225,600685,中船防务,2015-03-31,10,-67,306.53,-3612.03,13021.46,0.56
226,600683,京投发展,2015-03-31,2,-30,4975.81,-3195.25,46523.86,6.72
227,600682,南京新百,2015-03-31,15,-2,1787.67,800.14,52521.69,2.46
228,600677,航天通信,2015-03-31,8,-15,4062.98,-2950.19,94389.90,9.76
229,600674,川投能源,2015-03-31,13,-135,3187.85,-11155.48,71822.26,0.72
230,600666,奥瑞德,2015-03-31,2,-7,188.19,-64.60,4324.67,0.38
231,600664,哈药股份,2015-03-31,3,-91,1252.60,-7826.85,12889.24,0.50
232,600663,陆家嘴,2015-03-31,6,-113,487.28,-2077.11,18277.89,0.20
233,600661,新南洋,2015-03-31,11,-10,1971.89,-827.22,94473.42,10.87
234,600660,福耀玻璃,2015-03-31,12,-121,1876.45,-12734.95,31393.02,0.94
235,600658,电子城,2015-03-31,2,-22,9.80,-172.69,159.05,0.02
236,600657,信达地产,2015-03-31,6,-91,1439.50,-11427.98,13632.06,0.94
237,600655,豫园商城,2015-03-31,7,-116,973.87,-6576.16,14306.19,0.68
238,600654,*ST中安,2015-03-31,2,-41,4.90,-458.55,50.91,0.01
239,600651,飞乐音响,2015-03-31,7,-63,1210.23,-5495.81,13675.56,1.57
240,600650,锦江投资,2015-03-31,1,-22,304.47,-1149.01,5562.68,0.78
241,600649,城投控股,2015-03-31,6,-89,2149.45,-3931.51,26315.02,0.89
242,600648,外高桥,2015-03-31,2,-91,30.66,-859.43,1072.04,0.03
243,600647,同达创业,2015-03-31,1,-5,138.46,-388.05,3267.71,1.00
244,600645,中源协和,2015-03-31,27,-61,1803.38,-1661.45,119077.43,5.09
245,600644,乐山电力,2015-03-31,1,-3,422.77,391.32,4417.94,1.29
246,600643,爱建集团,2015-03-31,30,-46,5340.46,1202.86,100400.72,3.72
247,600642,申能股份,2015-03-31,1,-100,1.09,-9393.66,8.55,0.00
248,600637,东方明珠,2015-03-31,16,-115,2453.66,-385.67,121481.59,1.13
249,600633,浙数文化,2015-03-31,2,-82,30.00,-1490.25,668.10,0.03
250,600629,华建集团,2015-03-31,1,-4,600.57,-123.16,14143.36,1.73
251,600620,天宸股份,2015-03-31,1,-7,3.52,-202.54,53.02,0.01
252,600617,国新能源,2015-03-31,6,-12,1636.41,-236.81,54410.72,1.82
253,600614,鹏起科技,2015-03-31,2,-42,53.69,-937.26,1271.84,0.05
254,600612,老凤祥,2015-03-31,2,-67,897.22,-1558.07,40644.27,2.83
255,600601,方正科技,2015-03-31,17,-30,952.22,-832.11,8389.09,0.43
256,600600,青岛啤酒,2015-03-31,11,-123,1251.13,-2295.09,53223.11,1.80
257,600598,北大荒,2015-03-31,3,-14,817.22,-971.82,12724.16,0.46
258,600597,光明乳业,2015-03-31,19,-140,1721.30,-4120.98,39106.63,1.41
259,600596,新安股份,2015-03-31,1,-54,989.12,-1497.10,12492.58,1.46
260,600595,中孚实业,2015-03-31,2,-7,1999.97,1089.06,14339.82,1.15
261,600594,益佰制药,2015-03-31,19,-99,1852.40,-8716.20,81487.05,2.34
262,600593,大连圣亚,2015-03-31,2,-6,113.18,-184.04,2913.26,1.23
263,600588,用友网络,2015-03-31,24,-146,5343.33,-6782.45,243922.84,3.66
264,600587,新华医疗,2015-03-31,12,-100,1875.07,-4407.56,84471.76,4.65
265,600585,海螺水泥,2015-03-31,16,-175,5386.28,-14881.83,123022.63,1.35
266,600584,长电科技,2015-03-31,4,-144,798.29,-14143.04,12496.99,0.81
267,600583,海油工程,2015-03-31,10,-115,2397.08,-6337.76,30490.83,0.54
268,600582,天地科技,2015-03-31,2,-78,1631.01,-5526.11,26487.53,0.59
269,600580,卧龙电气,2015-03-31,7,-96,736.15,-11360.98,10401.84,0.66
270,600579,天华院,2015-03-31,2,0,106.39,-384.43,1416.05,0.29
271,600578,京能电力,2015-03-31,1,-80,1.21,-6165.26,7.87,0.00
272,600577,精达股份,2015-03-31,2,-8,1580.00,-2881.02,18707.20,1.11
273,600576,万家文化,2015-03-31,1,-33,380.00,-2868.86,8667.80,0.79
274,600575,皖江物流,2015-03-31,5,-35,46.00,-290.70,189.05,0.02
275,600572,康恩贝,2015-03-31,5,-82,3052.99,-5437.75,64479.14,1.51
276,600571,信雅达,2015-03-31,28,-50,2369.90,-4055.58,132643.52,5.64
277,600570,恒生电子,2015-03-31,107,-87,10674.00,-3391.75,1162185.47,17.28
278,600566,济川药业,2015-03-31,3,-61,90.16,-4214.21,2131.31,0.11
279,600563,法拉电子,2015-03-31,4,-83,69.97,-2643.56,2486.08,0.31
280,600562,国睿科技,2015-03-31,4,-60,179.24,-2795.89,9585.94,0.55
281,600560,金自天正,2015-03-31,1,0,18.00,11.51,273.60,0.08
282,600559,老白干酒,2015-03-31,17,-69,1108.57,-2522.21,57512.81,3.17
283,600558,大西洋,2015-03-31,2,-11,259.75,-4281.80,5065.14,0.29
284,600557,康缘药业,2015-03-31,6,-114,1046.51,-7734.88,28632.45,2.37
285,600552,凯盛科技,2015-03-31,3,-8,1660.20,-1187.33,46732.71,4.48
286,600551,时代出版,2015-03-31,3,-53,13.47,-298.88,286.84,0.03
287,600549,厦门钨业,2015-03-31,10,-135,1754.55,-3233.64,67076.26,1.98
288,600547,山东黄金,2015-03-31,14,-108,2152.29,-3272.97,57681.46,1.51
289,600546,山煤国际,2015-03-31,4,-44,64.05,-1024.02,380.44,0.03
290,600536,中国软件,2015-03-31,11,-52,2152.13,-2067.49,111157.73,4.35
291,600535,天士力,2015-03-31,35,-172,6960.92,-5866.68,335655.64,6.74
292,600533,栖霞建设,2015-03-31,3,-13,213.11,-5583.94,1178.52,0.20
293,600532,宏达矿业,2015-03-31,3,-9,466.00,19.80,5927.52,1.18
294,600528,中铁工业,2015-03-31,2,-63,200.27,-1511.63,4684.27,0.14
295,600525,长园集团,2015-03-31,12,-80,6302.29,-13224.85,108210.40,5.18
296,600522,中天科技,2015-03-31,2,-67,305.66,-1455.97,6684.81,0.13
297,600521,华海药业,2015-03-31,11,-112,1978.26,-10455.48,34659.07,1.93
298,600519,贵州茅台,2015-03-31,45,-173,2184.91,-2146.63,428154.47,1.74
299,600518,康美药业,2015-03-31,34,-137,9320.13,-11736.14,289017.32,2.12
300,600517,置信电气,2015-03-31,1,-70,171.32,-4755.24,2398.45,0.14
301,600513,联环药业,2015-03-31,4,-7,32.00,-760.85,698.24,0.11
302,600511,国药股份,2015-03-31,20,-135,4336.87,-8622.75,153915.57,15.62
303,600509,天富能源,2015-03-31,1,-56,50.00,-4802.12,608.00,0.06
304,600508,上海能源,2015-03-31,3,-9,12.15,-142.83,146.01,0.02
305,600507,方大特钢,2015-03-31,4,-44,1470.44,-1775.29,10204.85,1.11
306,600503,华丽家族,2015-03-31,2,-21,6.16,-2609.92,40.96,0.00
307,600502,安徽水利,2015-03-31,5,-31,842.43,-1229.01,12518.51,0.93
308,600501,航天晨光,2015-03-31,1,-14,20.00,-4720.25,337.80,0.05
309,600499,科达洁能,2015-03-31,11,-53,2791.87,-560.17,63291.68,1.98
310,600498,烽火通信,2015-03-31,17,-101,3403.15,-2128.10,80620.70,3.37
311,600497,驰宏锌锗,2015-03-31,5,-105,4298.50,-4048.65,58760.51,1.00
312,600496,精工钢构,2015-03-31,5,-60,318.45,-786.26,5057.03,0.21
313,600495,晋西车轴,2015-03-31,1,-12,10.00,-298.70,239.40,0.01
314,600491,龙元建设,2015-03-31,4,-18,22.83,-918.51,281.27,0.02
315,600490,鹏欣资源,2015-03-31,8,-53,1103.63,-2016.10,16819.29,0.75
316,600489,中金黄金,2015-03-31,4,-104,1588.06,-7273.42,19961.89,0.46
317,600486,扬农化工,2015-03-31,5,-57,1294.50,-3709.60,47391.68,4.18
318,600485,信威集团,2015-03-31,3,-86,2105.71,-1248.49,97725.86,1.29
319,600483,福能股份,2015-03-31,3,-18,158.95,-2802.86,1978.24,0.55
320,600481,双良节能,2015-03-31,6,-66,285.03,-3659.17,3109.71,0.18
321,600479,千金药业,2015-03-31,1,-41,442.20,-2825.32,9228.66,1.45
322,600478,科力远,2015-03-31,1,-43,0.48,-1026.05,11.06,0.00
323,600476,湘邮科技,2015-03-31,2,-16,90.41,-700.62,2514.37,0.56
324,600475,华光股份,2015-03-31,2,-9,300.10,-719.21,6199.46,1.17
325,600469,风神股份,2015-03-31,5,-20,297.94,-528.47,6399.77,0.53
326,600468,百利电气,2015-03-31,2,-39,41.99,-290.95,827.98,0.08
327,600466,蓝光发展,2015-03-31,10,-10,3258.89,-762.36,37509.83,3.69
328,600460,士兰微,2015-03-31,3,-58,1523.66,-4129.36,12356.85,1.22
329,600455,博通股份,2015-03-31,3,-7,186.15,-97.81,5941.94,3.74
330,600448,华纺股份,2015-03-31,1,-1,100.00,-19.37,814.00,0.24
331,600446,金证股份,2015-03-31,63,-68,6167.39,-633.49,751187.98,7.70
332,600438,通威股份,2015-03-31,7,-53,444.27,-2483.39,6012.58,0.23
333,600436,片仔癀,2015-03-31,14,-103,468.14,-620.36,54538.16,0.78
334,600435,北方导航,2015-03-31,3,-56,406.17,-3972.77,13862.42,0.27
335,600433,冠豪高新,2015-03-31,3,-44,396.03,-785.66,7172.11,0.33
336,600429,三元股份,2015-03-31,1,-52,1145.19,-1723.07,12391.01,1.29
337,600428,中远海特,2015-03-31,4,-72,178.77,-5450.08,1419.41,0.11
338,600426,华鲁恒升,2015-03-31,2,-62,30.13,-2674.89,393.84,0.02
339,600422,昆药集团,2015-03-31,5,-98,3600.97,-3453.89,106912.83,5.29
340,600420,现代制药,2015-03-31,6,-49,781.58,-2796.28,25948.46,2.72
341,600418,江淮汽车,2015-03-31,12,-74,2133.11,-1892.24,31655.35,2.10
342,600416,湘电股份,2015-03-31,3,-49,2012.82,-1671.29,37377.99,2.86
343,600415,小商品城,2015-03-31,34,-73,6647.50,-3597.38,171106.58,1.22
344,600410,华胜天成,2015-03-31,9,-44,148.32,-327.13,4182.67,0.17
345,600409,三友化工,2015-03-31,3,-62,795.55,-2176.89,7899.78,0.43
346,600406,国电南瑞,2015-03-31,24,-143,11351.27,-17275.28,235425.30,5.15
347,600403,*ST大有,2015-03-31,1,-19,0.47,-2079.02,3.28,0.00
348,600401,*ST海润,2015-03-31,4,-78,2739.00,-12633.74,23856.69,0.58
349,600400,红豆股份,2015-03-31,3,-3,1707.14,1444.42,15278.86,1.52
350,600399,抚顺特钢,2015-03-31,4,-21,1023.66,-1426.24,33586.24,0.91
351,600398,海澜之家,2015-03-31,18,-98,13328.27,356.06,194326.18,2.97
352,600397,安源煤业,2015-03-31,6,-46,850.27,-1745.22,6487.56,0.86
353,600395,盘江股份,2015-03-31,8,-123,2747.89,-6398.71,35612.63,1.66
354,600392,盛和资源,2015-03-31,5,-89,398.82,-1862.92,12889.91,0.42
355,600391,航发科技,2015-03-31,8,-13,847.39,-2500.00,37539.34,2.57
356,600389,江山股份,2015-03-31,4,-47,420.56,-456.63,14513.46,1.42
357,600388,龙净环保,2015-03-31,14,-99,658.70,-5644.22,25393.00,0.62
358,600386,北巴传媒,2015-03-31,3,-5,13.11,-22.17,193.33,0.03
359,600383,金地集团,2015-03-31,16,-148,6424.71,-24055.57,72149.54,1.42
360,600380,健康元,2015-03-31,4,-55,1189.69,-4431.33,16774.61,0.76
361,600378,天科股份,2015-03-31,2,-13,124.48,-987.22,2035.33,0.42
362,600376,首开股份,2015-03-31,21,-158,4683.20,-20089.54,55870.60,2.09
363,600373,中文传媒,2015-03-31,9,-82,310.22,-4032.46,5850.70,0.24
364,600372,中航电子,2015-03-31,3,-130,575.70,-9309.32,17616.48,0.33
365,600371,万向德农,2015-03-31,1,0,32.40,21.85,491.18,0.14
366,600369,西南证券,2015-03-31,18,-113,1820.19,-11602.50,39443.61,0.32
367,600367,红星发展,2015-03-31,3,-3,2475.72,-994.07,37507.22,8.50
368,600366,宁波韵升,2015-03-31,14,-62,1037.70,-914.83,24022.66,1.94
369,600365,通葡股份,2015-03-31,1,-4,241.45,-1314.62,3192.02,0.60
370,600362,江西铜业,2015-03-31,5,-135,1648.69,-6375.96,34424.61,0.79
371,600361,华联综超,2015-03-31,2,-8,148.02,-932.26,1219.66,0.22
372,600359,新农开发,2015-03-31,1,-1,977.31,23.93,12695.32,2.56
373,600358,国旅联合,2015-03-31,15,-5,1997.36,-284.64,26804.63,4.62
374,600356,恒丰纸业,2015-03-31,5,2,1053.31,666.91,10606.86,3.53
375,600355,精伦电子,2015-03-31,1,0,29.24,-310.64,447.37,0.06
376,600354,敦煌种业,2015-03-31,1,-6,884.54,28.10,8562.31,1.98
377,600352,浙江龙盛,2015-03-31,12,-154,1025.54,-8443.19,30058.52,0.34
378,600351,亚宝药业,2015-03-31,5,-69,61.02,-7426.08,754.81,0.09
379,600348,阳泉煤业,2015-03-31,6,-114,1951.88,-9677.78,18972.32,0.81
380,600340,华夏幸福,2015-03-31,64,-169,12323.24,-7858.83,682460.87,4.17
381,600337,美克家居,2015-03-31,6,-62,1225.78,-4145.40,15531.12,0.83
382,600335,国机汽车,2015-03-31,2,-93,873.56,-3575.65,22415.54,1.01
383,600333,长春燃气,2015-03-31,1,-36,364.98,142.88,3452.76,0.69
384,600332,白云山,2015-03-31,28,-110,3896.68,-1004.70,133149.41,3.64
385,600330,天通股份,2015-03-31,1,-2,365.94,333.21,5741.60,0.45
386,600329,中新药业,2015-03-31,2,-75,135.29,-2809.47,2791.09,0.24
387,600325,华发股份,2015-03-31,3,-70,179.34,-3531.07,2704.52,0.17
388,600323,瀚蓝环境,2015-03-31,1,-58,60.00,-7992.74,1017.00,0.10
389,600320,振华重工,2015-03-31,2,-51,742.09,-1158.76,6099.99,0.27
390,600318,新力金融,2015-03-31,2,-8,1.71,-191.78,51.46,0.00
391,600316,洪都航空,2015-03-31,13,-126,3862.66,-8154.79,131291.79,5.39
392,600315,上海家化,2015-03-31,17,-113,3484.72,-4336.43,148205.21,5.19
393,600313,农发种业,2015-03-31,6,-17,1468.75,-998.05,24425.30,1.48
394,600312,平高电气,2015-03-31,2,-69,23.08,-5152.22,478.22,0.02
395,600310,桂东电力,2015-03-31,9,-8,1162.30,-188.15,27802.20,1.40
396,600309,万华化学,2015-03-31,17,-222,6470.50,-19945.31,156068.37,2.49
397,600305,恒顺醋业,2015-03-31,4,-30,1338.98,-4004.34,34264.62,2.22
398,600298,安琪酵母,2015-03-31,2,-68,162.40,-1077.42,3999.87,0.20
399,600292,远达环保,2015-03-31,2,-72,1397.98,-963.02,39437.00,1.79
400,600290,华仪电气,2015-03-31,4,-6,768.29,-243.37,9572.88,1.46
401,600288,大恒科技,2015-03-31,1,-5,655.22,-392.09,14336.18,1.50
402,600287,江苏舜天,2015-03-31,1,-51,806.85,-5991.57,12861.17,1.85
403,600284,浦东建设,2015-03-31,2,-63,304.09,-1029.07,4083.87,0.44
404,600283,钱江水利,2015-03-31,1,-6,38.00,-66.11,624.34,0.11
405,600280,中央商场,2015-03-31,1,-85,30.00,-4044.26,494.40,0.03
406,600277,亿利洁能,2015-03-31,10,-104,2769.67,-8255.22,31269.53,1.33
407,600276,恒瑞医药,2015-03-31,49,-181,9042.97,-10850.83,416880.88,3.86
408,600271,航天信息,2015-03-31,74,-135,13490.21,-4463.06,680394.49,7.30
409,600270,外运发展,2015-03-31,3,-70,1918.55,-2791.57,47368.90,2.12
410,600266,北京城建,2015-03-31,1,-85,6.66,-5332.37,150.78,0.00
411,600259,广晟有色,2015-03-31,3,-144,34.28,-2685.62,1978.81,0.13
412,600258,首旅酒店,2015-03-31,1,-18,0.20,-863.20,3.74,0.00
413,600256,广汇能源,2015-03-31,15,-115,3735.61,-13589.13,36608.97,0.72
414,600252,中恒集团,2015-03-31,17,-97,4784.49,-8594.94,94302.36,1.39
415,600251,冠农股份,2015-03-31,2,-45,471.82,-353.57,12026.63,0.60
416,600249,两面针,2015-03-31,2,-2,36.00,-111.32,322.92,0.08
417,600246,万通地产,2015-03-31,3,-15,5645.68,-5467.29,35238.67,4.64
418,600240,华业资本,2015-03-31,9,-68,1179.29,-6514.28,15519.45,0.83
419,600238,海南椰岛,2015-03-31,1,-15,650.99,-1646.73,11086.30,1.46
420,600236,桂冠电力,2015-03-31,1,-23,34.48,-2158.33,227.25,0.01
421,600233,圆通速递,2015-03-31,4,-6,553.51,-740.73,10012.94,1.68
422,600225,*ST松江,2015-03-31,3,-3,68.70,-55.81,599.75,0.08
423,600222,太龙药业,2015-03-31,7,-12,1136.39,-667.15,11818.45,2.19
424,600221,海南航空,2015-03-31,5,-88,5220.08,-26720.23,22782.05,0.44
425,600219,南山铝业,2015-03-31,103,13,23461.22,17320.58,253850.39,3.31
426,600217,中再资环,2015-03-31,5,-21,2980.59,-3278.72,31862.54,4.14
427,600216,浙江医药,2015-03-31,2,-71,765.46,-4360.29,10792.98,0.82
428,600210,紫江企业,2015-03-31,1,-21,6.22,-2503.22,39.98,0.00
429,600209,罗顿发展,2015-03-31,3,0,0.84,-27.70,8.70,0.00
430,600208,新湖中宝,2015-03-31,24,-112,18001.47,-23965.70,155352.67,2.09
431,600201,生物股份,2015-03-31,8,-63,1052.48,-750.08,59033.41,1.85
432,600198,大唐电信,2015-03-31,4,-42,184.90,-1465.82,4709.39,0.21
433,600196,复星医药,2015-03-31,25,-145,4704.56,-8925.89,116625.99,2.46
434,600195,中牧股份,2015-03-31,3,-65,20.37,-2022.31,432.25,0.05
435,600188,兖州煤业,2015-03-31,2,-121,88.36,-7186.63,1356.33,0.03
436,600187,国中水务,2015-03-31,1,-55,1500.00,-10055.85,12465.03,1.03
437,600185,格力地产,2015-03-31,12,-44,1424.68,-6545.47,38879.41,0.88
438,600184,光电股份,2015-03-31,2,-84,110.00,-3438.29,4897.20,0.26
439,600183,生益科技,2015-03-31,1,-58,99.38,-2279.65,892.43,0.07
440,600180,瑞茂通,2015-03-31,10,-42,4385.80,-253.63,121574.33,4.97
441,600177,雅戈尔,2015-03-31,10,-98,2742.71,-4747.98,51919.43,1.07
442,600171,上海贝岭,2015-03-31,6,-46,196.53,-1250.52,3443.21,0.29
443,600168,武汉控股,2015-03-31,1,-62,23.30,-7251.55,347.91,0.03
444,600167,联美控股,2015-03-31,1,-19,15.01,-855.25,265.06,0.13
445,600166,福田汽车,2015-03-31,1,-98,100.00,-5231.07,755.00,0.01
446,600162,香江控股,2015-03-31,3,-44,48.86,-574.06,459.28,0.03
447,600161,天坛生物,2015-03-31,2,-66,258.51,-1149.63,9898.37,0.50
448,600158,中体产业,2015-03-31,18,-116,2304.26,-10083.49,56200.96,3.50
449,600157,永泰能源,2015-03-31,4,-106,1684.13,-10290.53,9554.39,0.37
450,600155,宝硕股份,2015-03-31,5,-5,476.61,-2074.45,7811.24,1.16
451,600153,建发股份,2015-03-31,18,-113,9621.79,-12450.37,135571.07,3.39
452,600151,航天机电,2015-03-31,5,-78,124.14,-13260.15,1605.17,0.10
453,600150,中国船舶,2015-03-31,20,-124,5422.04,-5549.09,244100.30,3.93
454,600149,*ST坊展,2015-03-31,8,-28,3421.81,-169.64,74663.92,9.00
455,600143,金发科技,2015-03-31,7,-109,1599.88,-8770.64,13695.00,0.62
456,600141,兴发集团,2015-03-31,2,-54,44.88,-991.98,814.49,0.09
457,600139,西部资源,2015-03-31,2,-6,100.00,-30.75,1574.00,0.15
458,600138,中青旅,2015-03-31,16,-78,1296.99,-4934.59,31568.71,1.79
459,600129,太极集团,2015-03-31,18,-39,2218.04,-2893.99,47042.31,5.20
460,600128,弘业股份,2015-03-31,2,-17,402.05,-691.76,6814.75,1.63
461,600126,杭钢股份,2015-03-31,3,-12,317.25,-1571.37,2316.25,0.34
462,600125,铁龙物流,2015-03-31,11,-79,5749.77,-6368.66,67042.34,4.40
463,600123,兰花科创,2015-03-31,2,-28,111.77,-2184.13,1160.17,0.10
464,600122,宏图高科,2015-03-31,2,-51,939.39,-1735.17,8529.69,0.82
465,600120,浙江东方,2015-03-31,9,-69,1544.96,-2211.55,50473.70,3.06
466,600118,中国卫星,2015-03-31,25,-173,6017.92,-9322.73,208460.68,5.09
467,600115,东方航空,2015-03-31,12,-91,6779.18,-9790.77,47996.61,0.80
468,600114,东睦股份,2015-03-31,2,-24,532.99,-2843.14,9796.36,1.39
469,600111,北方稀土,2015-03-31,15,-128,2195.18,-5837.97,59664.95,0.60
470,600109,国金证券,2015-03-31,65,-200,31660.32,-7274.48,808604.62,10.47
471,600108,亚盛集团,2015-03-31,5,-108,437.67,-9079.09,4473.00,0.22
472,600106,重庆路桥,2015-03-31,2,-9,215.29,-148.02,1608.21,0.24
473,600104,上汽集团,2015-03-31,18,-184,637.46,-25805.05,15847.27,0.06
474,600103,青山纸业,2015-03-31,2,-2,893.64,380.01,4244.80,0.84
475,600100,同方股份,2015-03-31,6,-130,1036.83,-11727.37,17014.43,0.47
476,600096,云天化,2015-03-31,12,-21,2267.74,-389.12,33789.26,2.02
477,600093,易见股份,2015-03-31,2,-2,1761.34,365.13,27283.15,5.46
478,600089,特变电工,2015-03-31,20,-156,2131.69,-30501.34,30717.70,0.67
479,600088,中视传媒,2015-03-31,1,-38,55.00,-22.87,1336.50,0.17
480,600085,同仁堂,2015-03-31,59,-116,12906.63,-2303.61,336863.06,9.41
481,600081,东风科技,2015-03-31,10,-21,762.06,-1815.07,15515.59,2.43
482,600080,金花股份,2015-03-31,1,-6,692.89,-128.87,9000.64,2.27
483,600079,人福医药,2015-03-31,49,-146,7394.05,-6044.48,265224.53,6.99
484,600077,宋都股份,2015-03-31,1,-25,315.78,-9624.61,1739.95,0.24
485,600074,保千里,2015-03-31,5,2,2757.29,2720.33,31846.69,3.04
486,600068,葛洲坝,2015-03-31,6,-143,738.19,-21271.47,7581.23,0.16
487,600067,冠城大通,2015-03-31,23,-115,5386.15,-14149.73,52676.59,3.61
488,600066,宇通客车,2015-03-31,17,-153,6792.75,-5763.28,201540.82,3.57
489,600064,南京高科,2015-03-31,6,-68,324.57,-3763.84,8117.52,0.42
490,600062,华润双鹤,2015-03-31,14,-68,1662.05,-2211.91,48719.15,2.91
491,600061,国投安信,2015-03-31,7,-19,1461.77,388.52,37049.97,0.74
492,600060,海信电器,2015-03-31,22,-87,4328.09,-1033.97,100541.48,3.31
493,600059,古越龙山,2015-03-31,3,-41,2836.53,1430.22,33584.47,3.51
494,600058,五矿发展,2015-03-31,8,-72,241.45,-1207.07,4911.10,0.23
495,600057,象屿股份,2015-03-31,1,-14,23.15,-1144.97,336.60,0.02
496,600056,中国医药,2015-03-31,1,-59,43.11,-1083.60,783.69,0.04
497,600055,万东医疗,2015-03-31,4,-38,1232.36,-3610.35,31129.37,3.56
498,600054,黄山旅游,2015-03-31,1,-21,18.33,-571.48,355.97,0.04
499,600050,中国联通,2015-03-31,14,-176,30868.87,-59059.87,168852.70,1.46
500,600048,保利地产,2015-03-31,100,-375,65303.52,-123918.48,750337.43,6.07
501,600038,中直股份,2015-03-31,5,-141,336.43,-4905.55,15970.31,0.57
502,600037,歌华有线,2015-03-31,34,-72,5557.76,324.38,149114.78,4.76
503,600036,招商银行,2015-03-31,129,-188,96358.75,-39518.43,1500305.75,4.67
504,600033,福建高速,2015-03-31,1,-14,27.34,-5636.42,130.69,0.01
505,600031,三一重工,2015-03-31,15,-151,2829.43,-21391.63,28662.14,0.37
506,600030,中信证券,2015-03-31,157,-188,164530.41,39407.39,5399887.92,16.76
507,600029,南方航空,2015-03-31,22,-82,10823.30,-6000.09,85720.54,1.54
508,600028,中国石化,2015-03-31,59,-113,30067.48,-29012.54,192732.52,0.31
509,600026,中远海能,2015-03-31,18,-52,2055.70,-5851.52,18665.75,0.75
510,600021,上海电力,2015-03-31,4,-70,2695.78,-2714.23,43779.49,1.26
511,600020,中原高速,2015-03-31,2,-7,1152.18,618.79,6336.99,0.51
512,600019,宝钢股份,2015-03-31,11,-190,2577.92,-57657.00,18354.77,0.12
513,600018,上港集团,2015-03-31,1,-117,85.55,-20419.57,661.30,0.00
514,600016,民生银行,2015-03-31,119,-256,127836.09,-110525.38,1240010.03,4.33
515,600015,华夏银行,2015-03-31,17,-240,4671.07,-47803.93,60256.85,0.44
516,600012,皖通高速,2015-03-31,1,-9,1232.38,-336.18,8454.14,1.06
517,600011,华能国际,2015-03-31,3,-127,754.38,-16981.02,6231.17,0.07
518,600010,包钢股份,2015-03-31,9,-123,12216.94,-46768.16,72324.28,0.78
519,600009,上海机场,2015-03-31,5,-113,203.17,-4698.92,4904.56,0.19
520,600008,首创股份,2015-03-31,4,-104,1490.77,-6942.49,22391.39,0.31
521,600007,中国国贸,2015-03-31,3,-26,2046.26,-697.09,34847.87,2.03
522,600006,东风汽车,2015-03-31,1,-48,600.09,-2305.56,4200.64,0.30
523,600005,武钢股份,2015-03-31,17,-11,3630.73,-5534.91,17609.05,0.36
524,600004,白云机场,2015-03-31,3,-49,275.59,-996.71,3533.10,0.23
525,600000,浦发银行,2015-03-31,158,-261,76715.87,-69509.75,1211343.52,3.55
526,300411,金盾股份,2015-03-31,1,-34,7.56,-51.11,346.66,0.10
527,300409,道氏技术,2015-03-31,1,-3,0.05,-41.85,2.92,0.00
528,300408,三环集团,2015-03-31,6,-7,276.87,156.66,16003.35,0.27
529,300406,九强生物,2015-03-31,12,-18,170.98,-195.11,15558.75,0.79
530,300399,京天利,2015-03-31,14,8,625.24,445.81,111917.78,12.92
531,300398,飞凯材料,2015-03-31,2,-6,77.60,-33.86,5521.24,0.49
532,300393,中来股份,2015-03-31,8,-5,176.21,-107.41,7779.53,2.29
533,300392,腾信股份,2015-03-31,2,-8,92.99,16.12,14422.42,0.56
534,300389,艾比森,2015-03-31,2,-2,9.51,-109.57,887.35,0.10
535,300387,富邦股份,2015-03-31,1,-3,135.86,-60.14,7329.86,2.06
536,300386,飞天诚信,2015-03-31,4,-32,20.53,-186.00,3327.31,0.12
537,300383,光环新网,2015-03-31,7,-1,643.00,550.04,70987.11,0.50
538,300380,安硕信息,2015-03-31,15,-17,661.95,-63.62,109221.72,9.31
539,300379,东方通,2015-03-31,3,-16,162.56,-130.78,22584.69,0.73
540,300378,鼎捷软件,2015-03-31,8,-18,818.75,-571.96,69225.08,3.14
541,300377,赢时胜,2015-03-31,8,-10,725.48,416.77,80448.09,2.52
542,300370,安控科技,2015-03-31,1,0,0.01,-219.46,0.49,0.00
543,300369,绿盟科技,2015-03-31,5,-31,248.03,-445.25,24589.38,0.94
544,300367,东方网力,2015-03-31,17,-17,1095.27,-9.04,164914.44,2.72
545,300365,恒华科技,2015-03-31,1,-4,6.09,-55.27,335.86,0.03
546,300363,博腾股份,2015-03-31,4,-11,1052.07,-107.36,55759.93,2.49
547,300359,全通教育,2015-03-31,15,-21,875.22,-62.89,219461.42,1.62
548,300357,我武生物,2015-03-31,5,-10,724.34,-793.50,34789.97,4.48
549,300356,光一科技,2015-03-31,5,-8,867.94,-169.93,42268.85,2.57
550,300355,蒙草生态,2015-03-31,2,-23,498.03,-2648.34,9960.55,0.53
551,300354,东华测试,2015-03-31,2,-2,216.29,-204.98,13457.72,1.56
552,300353,东土科技,2015-03-31,4,-14,201.18,-487.54,6840.06,0.75
553,300352,北信源,2015-03-31,2,-19,786.37,-474.75,27255.59,1.37
554,300351,永贵电器,2015-03-31,3,-24,194.84,-669.78,11219.00,0.58
555,300349,金卡智能,2015-03-31,1,-11,19.75,-130.47,760.40,0.11
556,300348,长亮科技,2015-03-31,7,-19,108.88,-556.88,17062.85,0.57
557,300347,泰格医药,2015-03-31,19,-36,2218.09,-2048.75,120841.66,5.07
558,300345,红宇新材,2015-03-31,1,-10,200.00,-276.87,5360.00,0.50
559,300339,润和软件,2015-03-31,8,-49,212.15,-2858.21,7006.66,0.90
560,300337,银邦股份,2015-03-31,2,-8,20.00,-1185.24,342.40,0.02
561,300336,新文化,2015-03-31,10,-11,1209.81,-88.72,58446.88,2.43
562,300335,迪森股份,2015-03-31,2,-31,144.57,-4747.67,2253.87,0.40
563,300334,津膜科技,2015-03-31,2,-22,1770.61,-415.10,50851.98,6.41
564,300333,兆日科技,2015-03-31,1,-5,105.00,-392.78,5647.70,0.31
565,300332,天壕环境,2015-03-31,13,-19,3179.12,-524.51,73628.31,4.93
566,300331,苏大维格,2015-03-31,4,-6,258.67,-1115.74,9340.53,1.39
567,300329,海伦钢琴,2015-03-31,6,-14,324.71,-1809.93,9429.53,1.29
568,300324,旋极信息,2015-03-31,14,-26,1650.85,-1433.44,109088.00,1.79
569,300323,华灿光电,2015-03-31,2,-24,224.95,-1680.74,3180.81,0.33
570,300322,硕贝德,2015-03-31,9,-30,2388.03,-1647.76,64002.32,5.87
571,300318,博晖创新,2015-03-31,4,0,557.78,282.03,18685.65,0.85
572,300316,晶盛机电,2015-03-31,1,-8,115.77,-1166.75,4298.51,0.12
573,300315,掌趣科技,2015-03-31,11,-99,872.68,-15521.12,24461.28,0.36
574,300314,戴维医疗,2015-03-31,2,-5,264.89,-684.93,8428.72,0.92
575,300312,邦讯技术,2015-03-31,4,-6,407.47,-220.00,15276.15,1.29
576,300310,宜通世纪,2015-03-31,1,-3,9.40,-89.69,281.85,0.01
577,300307,慈星股份,2015-03-31,1,-24,154.68,-1596.73,1921.10,0.19
578,300306,远方光电,2015-03-31,4,-3,143.29,-440.98,5781.70,0.71
579,300303,聚飞光电,2015-03-31,8,-61,1286.24,-5782.39,35114.24,1.04
580,300302,同有科技,2015-03-31,2,-5,572.31,475.15,21106.65,1.39
581,300300,汉鼎宇佑,2015-03-31,3,-3,164.92,-411.79,7502.31,0.43
582,300298,三诺生物,2015-03-31,7,-33,754.52,-875.04,37657.91,1.86
583,300297,蓝盾股份,2015-03-31,2,-9,542.00,-144.07,29484.80,0.62
584,300296,利亚德,2015-03-31,12,-15,809.20,-1476.82,25433.10,0.64
585,300295,三六五网,2015-03-31,28,-78,1158.01,-818.87,200440.45,6.03
586,300292,吴通控股,2015-03-31,1,0,10.00,7.59,312.00,0.01
587,300291,华录百纳,2015-03-31,14,-56,2060.60,-3808.71,100309.90,3.79
588,300290,荣科科技,2015-03-31,5,-19,203.69,-1304.50,6982.63,0.75
589,300288,朗玛信息,2015-03-31,12,-19,1245.78,-215.38,308628.60,3.79
590,300287,飞利信,2015-03-31,7,-20,1082.11,-2054.30,55782.89,0.81
591,300285,国瓷材料,2015-03-31,6,-15,1029.07,-430.32,40236.71,4.04
592,300284,苏交科,2015-03-31,3,-29,466.95,-1947.18,9586.53,0.93
593,300281,金明精机,2015-03-31,1,-12,220.00,-1359.61,6241.40,0.90
594,300279,和晶科技,2015-03-31,6,-8,516.07,128.73,19006.78,3.85
595,300278,华昌达,2015-03-31,3,-14,826.83,-714.49,19372.57,2.34
596,300276,三丰智能,2015-03-31,1,-1,134.00,-186.00,2422.72,0.36
597,300274,阳光电源,2015-03-31,46,-16,11611.65,2280.62,376217.40,9.69
598,300273,和佳股份,2015-03-31,19,-76,4873.01,-3867.69,152037.89,6.21
599,300272,开能环保,2015-03-31,1,-9,145.43,-805.10,3504.82,0.46
600,300271,华宇软件,2015-03-31,18,-39,2457.93,-975.88,176576.06,3.96
601,300270,中威电子,2015-03-31,1,-1,100.00,99.59,3500.13,0.37
602,300269,联建光电,2015-03-31,1,-19,2.70,-865.89,134.65,0.01
603,300267,尔康制药,2015-03-31,9,-28,4503.73,-3817.98,220908.14,2.46
604,300265,通光线缆,2015-03-31,1,-19,7.21,-1665.50,238.22,0.02
605,300264,佳创视讯,2015-03-31,4,-1,67.51,-212.84,1092.29,0.16
606,300263,隆华节能,2015-03-31,11,-34,2865.22,-1480.71,61286.96,3.75
607,300262,巴安水务,2015-03-31,7,-21,1565.84,-1173.40,45769.60,4.19
608,300259,新天科技,2015-03-31,3,-7,759.95,-263.71,15084.95,1.65
609,300258,精锻科技,2015-03-31,3,-11,650.28,-601.33,14885.00,1.61
610,300257,开山股份,2015-03-31,4,-40,1041.11,-2441.18,55803.71,1.21
611,300255,常山药业,2015-03-31,6,-20,69.92,-863.13,3173.89,0.08
612,300253,卫宁健康,2015-03-31,95,-44,5902.41,-817.97,962682.58,7.14
613,300252,金信诺,2015-03-31,9,-41,1259.95,-1931.60,78935.89,3.08
614,300251,光线传媒,2015-03-31,6,-83,588.17,-1343.16,19074.50,0.20
615,300250,初灵信息,2015-03-31,2,-13,42.20,-444.84,2367.84,0.22
616,300248,新开普,2015-03-31,9,-21,1348.07,-351.22,61027.10,4.41
617,300247,乐金健康,2015-03-31,1,-2,207.25,-20.56,2764.72,0.34
618,300246,宝莱特,2015-03-31,4,-8,176.64,-313.32,6941.77,1.21
619,300245,天玑科技,2015-03-31,5,-13,407.57,-413.23,14713.37,1.52
620,300244,迪安诊断,2015-03-31,13,-53,880.25,-2875.70,72233.68,1.80
621,300242,明家联合,2015-03-31,4,-48,66.37,-1871.18,3407.29,0.15
622,300240,飞力达,2015-03-31,6,2,426.43,376.35,10362.24,1.17
623,300239,东宝生物,2015-03-31,1,-14,705.64,-592.45,10626.87,1.53
624,300238,冠昊生物,2015-03-31,5,-42,1116.95,-2258.12,88238.96,5.81
625,300236,上海新阳,2015-03-31,3,-30,10.30,-1020.96,520.23,0.05
626,300234,开尔新材,2015-03-31,1,-12,10.92,-454.66,216.98,0.04
627,300233,金城医药,2015-03-31,1,-4,179.30,-74.55,9344.88,0.72
628,300232,洲明科技,2015-03-31,1,-11,35.00,-516.37,714.00,0.07
629,300231,银信科技,2015-03-31,9,-22,1633.50,-3020.09,47306.18,4.87
630,300229,拓尔思,2015-03-31,1,-3,249.00,231.23,10194.26,0.57
631,300228,富瑞特装,2015-03-31,13,-31,628.16,83.60,42401.00,1.33
632,300227,光韵达,2015-03-31,1,-13,4.00,-591.79,106.00,0.03
633,300226,上海钢联,2015-03-31,28,-37,3111.29,-378.23,361531.36,19.94
634,300225,金力泰,2015-03-31,4,-1,494.87,-385.05,7358.68,1.05
635,300224,正海磁材,2015-03-31,2,-50,257.07,-2950.03,8342.02,0.35
636,300223,北京君正,2015-03-31,3,-11,0.01,-222.78,0.50,0.00
637,300220,金运激光,2015-03-31,8,-1,674.74,-81.42,28683.19,5.36
638,300219,鸿利智汇,2015-03-31,6,-6,213.39,-101.10,4129.05,0.32
639,300218,安利股份,2015-03-31,1,-3,220.00,-277.86,2981.00,1.30
640,300217,东方电热,2015-03-31,5,-2,215.83,-83.83,2993.51,0.17
641,300216,千山药机,2015-03-31,1,-2,4.80,3.18,383.04,0.01
642,300213,佳讯飞鸿,2015-03-31,6,-23,2372.31,-1486.22,90453.50,4.61
643,300212,易华录,2015-03-31,11,-45,754.65,-1808.53,37129.00,2.35
644,300210,森远股份,2015-03-31,6,-18,496.09,-2360.41,10427.78,2.05
645,300209,天泽信息,2015-03-31,1,-10,150.00,-125.38,5085.00,0.63
646,300208,恒顺众昇,2015-03-31,1,-9,60.96,-542.08,1968.40,0.08
647,300207,欣旺达,2015-03-31,10,-52,1174.77,-1227.70,55672.51,0.93
648,300206,理邦仪器,2015-03-31,11,-13,1613.65,-656.39,53363.32,2.76
649,300205,天喻信息,2015-03-31,5,-23,881.52,134.80,20257.42,2.05
650,300203,聚光科技,2015-03-31,6,-73,746.73,-6570.50,21498.33,1.66
651,300202,聚龙股份,2015-03-31,8,-67,4577.55,-2740.22,178158.14,8.33
652,300199,翰宇药业,2015-03-31,15,-33,3600.51,-3988.03,173436.61,4.22
653,300196,长海股份,2015-03-31,3,-34,98.89,-3242.85,2929.97,0.52
654,300195,长荣股份,2015-03-31,5,-18,101.42,-902.59,4970.37,0.42
655,300194,福安药业,2015-03-31,1,-6,147.01,-972.36,3485.65,0.18
656,300192,科斯伍德,2015-03-31,1,-2,433.20,-0.31,5644.58,1.79
657,300191,潜能恒信,2015-03-31,1,-14,366.17,201.93,9187.30,1.14
658,300190,维尔利,2015-03-31,2,-31,100.00,-1154.18,3790.00,0.30
659,300188,美亚柏科,2015-03-31,8,-7,688.71,-1202.78,29869.23,1.52
660,300187,永清环保,2015-03-31,3,-29,414.04,-1109.81,16321.52,0.69
661,300186,大华农,2015-03-31,1,-8,62.87,-194.99,660.16,0.12
662,300184,力源信息,2015-03-31,1,-3,16.00,-367.33,286.08,0.04
663,300183,东软载波,2015-03-31,27,-37,1000.66,-1293.27,69165.05,2.23
664,300182,捷成股份,2015-03-31,8,-55,1806.53,-3097.64,57501.96,0.85
665,300181,佐力药业,2015-03-31,2,-21,18.56,-2169.80,306.56,0.03
666,300179,四方达,2015-03-31,2,-7,185.94,-931.99,4817.70,0.39
667,300178,腾邦国际,2015-03-31,29,-14,3807.57,208.52,237859.07,7.03
668,300177,中海达,2015-03-31,3,-22,419.28,-1620.11,8015.23,0.96
669,300173,智慧松德,2015-03-31,2,-8,31.72,-1073.01,874.42,0.08
670,300172,中电环保,2015-03-31,3,-8,1031.83,-323.22,33503.47,2.04
671,300171,东富龙,2015-03-31,15,-2,2731.06,913.22,112519.77,4.35
672,300170,汉得信息,2015-03-31,20,-13,6355.95,-345.69,241589.62,7.88
673,300169,天晟新材,2015-03-31,2,-8,198.07,-1200.64,2287.67,0.64
674,300168,万达信息,2015-03-31,68,-76,10961.27,-2601.46,870290.14,10.77
675,300166,东方国信,2015-03-31,18,-48,3233.17,-1807.12,176530.89,5.14
676,300165,天瑞仪器,2015-03-31,2,-14,355.69,35.89,9582.41,0.77
677,300164,通源石油,2015-03-31,1,-11,407.03,-2466.09,5197.81,1.07
678,300162,雷曼股份,2015-03-31,2,-64,148.07,-2342.07,8958.34,0.46
679,300159,新研股份,2015-03-31,9,-21,1316.89,-1887.44,46472.99,1.28
680,300157,恒泰艾普,2015-03-31,1,-31,0.00,-1484.07,0.06,0.00
681,300156,神雾环保,2015-03-31,2,-12,86.00,-716.83,2180.10,0.12
682,300155,安居宝,2015-03-31,13,-16,1112.88,-120.48,32874.42,2.05
683,300153,科泰电源,2015-03-31,2,-14,242.03,-1029.80,5203.61,0.76
684,300152,科融环境,2015-03-31,1,-7,80.34,77.34,1847.78,0.11
685,300151,昌红科技,2015-03-31,3,-2,691.82,158.35,18921.17,1.38
686,300150,世纪瑞尔,2015-03-31,3,-30,119.87,-2277.78,3116.56,0.22
687,300148,天舟文化,2015-03-31,2,-9,393.46,165.67,13593.90,0.78
688,300147,香雪制药,2015-03-31,16,-104,3807.04,-8298.80,87561.91,5.76
689,300146,汤臣倍健,2015-03-31,15,-91,593.02,-1833.54,24313.63,0.41
690,300145,中金环境,2015-03-31,13,-50,1553.20,-3236.16,44825.27,2.76
691,300144,宋城演艺,2015-03-31,23,-79,4665.15,-4892.71,268432.48,3.40
692,300142,沃森生物,2015-03-31,4,-18,401.45,-699.97,20317.37,0.29
693,300140,中环装备,2015-03-31,5,-25,494.60,-943.65,22558.48,2.03
694,300139,晓程科技,2015-03-31,7,-8,363.23,105.00,24463.46,1.33
695,300137,先河环保,2015-03-31,1,-32,37.70,-3437.63,717.05,0.11
696,300136,信维通信,2015-03-31,3,-26,283.79,-1782.10,7605.59,0.31
697,300135,宝利国际,2015-03-31,1,-1,340.43,338.34,5290.34,0.37
698,300134,大富科技,2015-03-31,4,-47,8.98,-129.87,482.97,0.01
699,300133,华策影视,2015-03-31,21,-127,5598.72,-2523.12,212695.23,3.64
700,300131,英唐智控,2015-03-31,10,-17,4357.37,1298.57,79230.21,5.39
701,300130,新国都,2015-03-31,9,-5,337.83,-303.20,26955.07,1.43
702,300126,锐奇股份,2015-03-31,1,-7,280.01,-390.68,4732.12,1.03
703,300124,汇川技术,2015-03-31,28,-157,4422.03,-6887.39,184708.38,2.75
704,300115,长盈精密,2015-03-31,31,-69,4827.34,-4401.43,142309.90,5.36
705,300114,中航电测,2015-03-31,2,-25,880.17,-1789.31,32284.49,2.89
706,300113,顺网科技,2015-03-31,8,-39,452.89,-1253.48,18029.38,0.68
707,300111,向日葵,2015-03-31,9,0,5826.23,1784.92,41074.91,5.20
708,300110,华仁药业,2015-03-31,2,-9,48.59,-1991.23,471.30,0.07
709,300109,新开源,2015-03-31,2,-1,112.45,103.93,4925.43,0.97
710,300108,双龙股份,2015-03-31,1,-3,239.99,-414.64,5095.04,0.72
711,300104,乐视网,2015-03-31,62,-49,5408.89,-698.33,506921.35,2.92
712,300103,达刚路机,2015-03-31,1,-13,39.90,-829.64,893.76,0.27
713,300101,振芯科技,2015-03-31,20,-24,2489.33,-1789.48,103338.82,4.48
714,300100,双林股份,2015-03-31,8,-9,1229.72,-1118.74,20696.13,4.32
715,300098,高新兴,2015-03-31,4,-20,213.02,-814.71,9544.34,0.28
716,300096,易联众,2015-03-31,12,-4,1171.76,-2016.77,25438.91,2.73
717,300095,华伍股份,2015-03-31,1,-27,961.57,-1344.70,14673.49,3.07
718,300094,国联水产,2015-03-31,1,-5,7.20,-1009.65,96.84,0.01
719,300091,金通灵,2015-03-31,1,-6,487.92,-721.75,17950.60,0.93
720,300090,盛运环保,2015-03-31,4,-35,1400.66,-3473.24,30081.73,1.32
721,300089,文化长城,2015-03-31,11,7,1219.71,1143.12,40860.27,2.99
722,300088,长信科技,2015-03-31,8,-64,928.49,-3630.54,19427.11,0.83
723,300086,康芝药业,2015-03-31,4,-4,196.48,-342.65,3579.92,0.44
724,300085,银之杰,2015-03-31,22,-4,2137.30,-27.18,288300.46,3.40
725,300084,海默科技,2015-03-31,1,-16,513.43,-1876.35,15423.40,1.64
726,300083,劲胜精密,2015-03-31,7,-7,330.52,-632.01,11035.98,0.29
727,300081,恒信移动,2015-03-31,8,-15,231.90,-1543.34,13160.24,0.69
728,300080,易成新能,2015-03-31,4,-11,2331.09,-4006.56,26084.93,4.64
729,300079,数码视讯,2015-03-31,1,-39,44.58,-4380.41,846.13,0.03
730,300078,思创医惠,2015-03-31,2,-2,76.78,-3.73,2143.06,0.22
731,300077,国民技术,2015-03-31,7,-37,1162.38,-1660.56,46204.42,2.11
732,300076,GQY视讯,2015-03-31,1,-1,5.31,-198.11,100.45,0.01
733,300075,数字政通,2015-03-31,27,-22,2363.45,-1437.39,147266.51,6.13
734,300074,华平股份,2015-03-31,3,-29,82.00,-726.72,2132.00,0.16
735,300073,当升科技,2015-03-31,2,-22,91.97,-2182.23,1956.77,0.28
736,300072,三聚环保,2015-03-31,10,-67,2817.06,-3866.71,106485.04,1.93
737,300071,华谊嘉信,2015-03-31,4,-57,732.83,-4880.61,17712.62,1.25
738,300070,碧水源,2015-03-31,42,-216,9083.32,-12655.87,393671.20,2.99
739,300068,南都电源,2015-03-31,1,-15,460.01,-997.92,6081.38,0.75
740,300066,三川智慧,2015-03-31,4,-16,497.05,-1376.19,11457.08,0.50
741,300065,海兰信,2015-03-31,19,-7,1058.79,-1179.90,36517.81,5.03
742,300064,豫金刚石,2015-03-31,3,-6,454.80,50.54,4511.62,0.75
743,300063,天龙集团,2015-03-31,14,-45,1258.91,-2094.72,29836.06,5.99
744,300059,东方财富,2015-03-31,99,-83,27030.69,6015.71,1037758.61,6.72
745,300058,蓝色光标,2015-03-31,54,-131,7769.94,-9940.97,283214.20,4.36
746,300055,万邦达,2015-03-31,14,-32,1839.09,-1892.42,199504.95,2.23
747,300054,鼎龙股份,2015-03-31,13,-28,5152.97,-1404.26,116972.48,5.92
748,300053,欧比特,2015-03-31,3,-23,42.87,-2758.39,1345.06,0.08
749,300050,世纪鼎利,2015-03-31,8,-19,321.53,-1137.96,9420.88,0.69
750,300049,福瑞股份,2015-03-31,16,-36,1528.70,-2629.94,95100.58,6.15
751,300047,天源迪科,2015-03-31,5,-26,135.85,-1510.13,2441.24,0.40
752,300045,华力创通,2015-03-31,8,-26,201.08,-1972.04,5533.77,0.37
753,300044,赛为智能,2015-03-31,3,-7,0.00,-239.39,0.01,0.00
754,300043,星辉娱乐,2015-03-31,11,-27,1241.67,-4765.27,35383.22,1.04
755,300041,回天新材,2015-03-31,8,-18,395.70,-982.61,13216.47,1.17
756,300039,上海凯宝,2015-03-31,1,-76,13.00,-6227.39,209.17,0.01
757,300038,梅泰诺,2015-03-31,17,-13,1756.36,-78.34,66621.30,9.99
758,300036,超图软件,2015-03-31,11,-17,721.08,-236.40,40015.39,1.85
759,300034,钢研高纳,2015-03-31,6,-37,134.44,-3990.94,4262.97,0.32
760,300033,同花顺,2015-03-31,25,-17,2175.53,180.99,263239.49,4.38
761,300032,金龙机电,2015-03-31,20,-22,2479.58,646.65,128466.89,3.99
762,300031,宝通科技,2015-03-31,1,-29,402.37,-1964.98,5041.72,1.34
763,300030,阳普医疗,2015-03-31,3,-4,470.74,-981.87,9838.52,1.54
764,300028,金亚科技,2015-03-31,47,41,4127.07,3767.63,158190.62,12.00
765,300027,华谊兄弟,2015-03-31,20,-117,2747.03,-6512.25,85927.05,1.12
766,300026,红日药业,2015-03-31,13,-55,3182.14,-3799.28,104374.15,1.13
767,300025,华星创业,2015-03-31,8,-13,728.74,-425.98,23755.92,1.70
768,300024,机器人,2015-03-31,23,-117,5875.04,-5322.41,305208.43,3.77
769,300022,吉峰农机,2015-03-31,1,-4,365.46,-1148.10,4959.34,1.02
770,300021,大禹节水,2015-03-31,1,-12,460.09,-1519.62,7637.51,1.65
771,300020,银江股份,2015-03-31,14,-24,1541.85,-619.86,68458.20,2.46
772,300018,中元股份,2015-03-31,5,-6,949.19,-189.34,18385.82,2.25
773,300017,网宿科技,2015-03-31,46,-122,3893.45,-2714.03,348035.17,1.80
774,300016,北陆药业,2015-03-31,13,-36,1692.50,-5950.23,42651.12,5.52
775,300015,爱尔眼科,2015-03-31,8,-116,1846.76,-4524.59,66206.44,1.24
776,300013,新宁物流,2015-03-31,6,4,239.78,178.98,6301.34,1.02
777,300012,华测检测,2015-03-31,17,-25,4026.67,-2750.93,87298.26,5.34
778,300011,鼎汉技术,2015-03-31,5,-31,626.57,-2822.95,15194.34,1.30
779,300010,立思辰,2015-03-31,18,-15,574.39,-2280.80,27243.30,0.95
780,300009,安科生物,2015-03-31,6,-27,196.12,-2297.08,5046.04,0.30
781,300008,天海防务,2015-03-31,1,-14,349.90,-1561.71,6049.70,1.45
782,300007,汉威电子,2015-03-31,10,-18,713.44,-432.41,41365.36,2.54
783,300006,莱美药业,2015-03-31,9,-37,2006.80,-2017.77,81576.48,2.76
784,300005,探路者,2015-03-31,22,-74,3606.66,-4691.06,106252.32,7.01
785,300004,南风股份,2015-03-31,4,-26,1315.47,-416.05,63918.49,2.96
786,300003,乐普医疗,2015-03-31,24,-64,7614.67,-6210.83,273800.85,4.85
787,300002,神州泰岳,2015-03-31,6,-57,2772.57,-10919.98,64822.69,1.48
788,002736,国信证券,2015-03-31,3,-322,129.00,-18181.29,2861.22,0.06
789,002728,特一药业,2015-03-31,1,-4,0.00,-88.45,0.02,0.00
790,002727,一心堂,2015-03-31,6,-51,158.67,-650.48,9044.17,0.67
791,002722,金轮股份,2015-03-31,1,0,0.00,0.00,0.02,0.00
792,002721,金一文化,2015-03-31,1,-6,30.00,-22.11,787.80,0.07
793,002714,牧原股份,2015-03-31,20,-67,1967.03,-1247.69,144576.67,2.03
794,002713,东易日盛,2015-03-31,4,-5,164.89,-707.11,9349.15,1.88
795,002712,思美传媒,2015-03-31,6,-11,189.93,-122.41,15747.13,0.73
796,002711,欧浦智网,2015-03-31,1,-11,30.00,-550.44,2077.72,0.10
797,002709,天赐材料,2015-03-31,2,-5,133.91,-118.93,5343.12,0.72
798,002707,众信旅游,2015-03-31,10,-48,571.39,-34.82,106393.56,1.14
799,002701,奥瑞金,2015-03-31,7,-96,490.24,-2328.36,17344.69,0.27
800,002699,美盛文化,2015-03-31,3,-20,159.00,-1596.06,4010.08,0.39
801,002698,博实股份,2015-03-31,7,-49,1369.04,-1013.83,47354.98,2.01
802,002693,双成药业,2015-03-31,1,-1,7.90,-56.72,108.45,0.02
803,002690,美亚光电,2015-03-31,12,-86,3053.27,-473.18,166800.08,4.52
804,002689,远大智能,2015-03-31,3,-3,82.63,-891.06,1238.57,0.09
805,002684,猛狮科技,2015-03-31,1,-12,0.00,-302.18,0.05,0.00
806,002683,宏大爆破,2015-03-31,1,-28,1100.00,-1099.76,38335.00,2.01
807,002681,奋达科技,2015-03-31,3,-18,220.75,215.76,11446.08,0.20
808,002678,珠江钢琴,2015-03-31,3,-51,123.23,-2208.16,2324.13,0.13
809,002675,东诚药业,2015-03-31,4,-17,109.03,-901.31,3189.95,0.20
810,002673,西部证券,2015-03-31,10,-127,612.62,-5472.80,27506.66,0.17
811,002672,东江环保,2015-03-31,15,-75,2924.71,-2331.11,146995.73,4.38
812,002671,龙泉股份,2015-03-31,1,-2,22.45,-407.31,313.60,0.05
813,002666,德联集团,2015-03-31,3,-23,96.70,-3600.09,2672.85,0.13
814,002665,首航节能,2015-03-31,9,-65,735.85,-1595.97,40861.97,0.42
815,002664,信质电机,2015-03-31,2,-29,118.48,-451.12,5086.27,0.30
816,002663,普邦股份,2015-03-31,8,-57,1413.81,-286.87,36504.51,0.85
817,002662,京威股份,2015-03-31,4,-73,1396.24,-3232.16,24713.44,1.14
818,002661,克明面业,2015-03-31,2,-10,200.00,29.82,8370.00,0.63
819,002658,雪迪龙,2015-03-31,14,-25,985.78,-686.59,45355.65,1.63
820,002657,中科金财,2015-03-31,26,-42,3834.77,786.96,284923.54,12.56
821,002654,万润科技,2015-03-31,2,-3,38.88,25.42,759.72,0.07
822,002653,海思科,2015-03-31,2,-145,275.98,-6109.39,7250.04,0.26
823,002649,博彦科技,2015-03-31,11,-22,1361.08,464.15,81909.76,8.00
824,002646,青青稞酒,2015-03-31,4,-83,602.54,-2183.04,15900.94,1.34
825,002644,佛慈制药,2015-03-31,2,-4,51.17,-192.55,1468.98,0.10
826,002643,万润股份,2015-03-31,1,-9,66.58,-55.32,1376.27,0.08
827,002642,荣之联,2015-03-31,7,-41,882.06,-381.59,50524.24,1.48
828,002640,跨境通,2015-03-31,4,-4,575.09,-309.72,35023.03,0.59
829,002639,雪人股份,2015-03-31,4,-6,702.17,25.14,20383.87,1.46
830,002635,安洁科技,2015-03-31,1,-53,5.00,-49.13,198.65,0.01
831,002631,德尔未来,2015-03-31,1,-13,900.00,43.23,32229.00,3.06
832,002630,华西能源,2015-03-31,4,-18,201.76,-769.12,4825.71,0.27
833,002626,金达威,2015-03-31,1,-12,3.02,-547.89,108.12,0.01
834,002624,完美世界,2015-03-31,2,1,58.00,-70.63,1692.44,0.19
835,002623,亚玛顿,2015-03-31,1,-4,14.50,-232.92,393.82,0.09
836,002618,丹邦科技,2015-03-31,3,-14,1441.00,720.93,56919.54,3.94
837,002616,长青集团,2015-03-31,5,-9,446.93,-307.20,17305.00,1.26
838,002615,哈尔斯,2015-03-31,1,-5,440.94,-109.03,14511.27,1.61
839,002614,蒙发利,2015-03-31,2,-11,304.65,-383.38,6083.85,0.55
840,002612,朗姿股份,2015-03-31,18,-24,1008.69,655.34,41164.54,2.61
841,002611,东方精工,2015-03-31,2,-9,10.52,-442.13,188.10,0.02
842,002610,爱康科技,2015-03-31,5,-26,395.99,-1238.79,10929.40,0.09
843,002609,捷顺科技,2015-03-31,13,-3,1035.99,664.35,37461.56,1.74
844,002606,大连电瓷,2015-03-31,2,-7,80.48,-1708.55,1483.27,0.25
845,002603,以岭药业,2015-03-31,2,-112,139.95,-1717.23,5291.43,0.13
846,002602,世纪华通,2015-03-31,3,-5,20.73,-2.22,551.00,0.04
847,002601,中银证券保本1号混合,2015-03-31,1,-25,449.98,313.28,13197.83,0.00
848,002601,龙蟒佰利,2015-03-31,1,-25,449.98,313.28,13197.83,0.66
849,002595,豪迈科技,2015-03-31,5,-63,1640.63,-565.74,64050.20,2.05
850,002594,比亚迪,2015-03-31,28,-137,3146.71,-4263.10,164887.63,2.07
851,002589,瑞康医药,2015-03-31,17,-20,2097.64,-583.41,117048.19,2.09
852,002589,山西证券保本混合A,2015-03-31,17,-20,2097.64,-583.41,117048.19,0.74
853,002588,史丹利,2015-03-31,18,-55,1399.45,-1629.29,70014.66,1.21
854,002587,奥拓电子,2015-03-31,2,-1,1.54,-115.91,33.77,0.00
855,002586,围海股份,2015-03-31,4,-6,160.23,-74.13,2562.08,0.22
856,002582,好想你,2015-03-31,1,-7,51.87,-171.50,1340.93,0.35
857,002580,圣阳股份,2015-03-31,9,-18,870.64,-189.94,24447.50,2.57
858,002577,雷柏科技,2015-03-31,5,-22,1353.98,-137.37,62323.74,4.79
859,002576,通达动力,2015-03-31,6,-1,550.75,-173.86,16379.37,3.34
860,002573,清新环境,2015-03-31,6,-141,1286.74,-5390.80,45614.99,1.20
861,002572,索菲亚,2015-03-31,24,-59,4450.98,-5403.68,138870.52,5.05
862,002570,贝因美,2015-03-31,5,-140,1768.64,-6224.79,36557.73,1.73
863,002568,百润股份,2015-03-31,13,-22,1652.88,-921.89,132478.17,4.07
864,002566,益盛药业,2015-03-31,1,-7,61.00,-1038.69,982.71,0.18
865,002564,天沃科技,2015-03-31,3,-7,46.06,22.84,617.66,0.06
866,002563,森马服饰,2015-03-31,6,-18,593.40,-609.15,27818.78,0.22
867,002557,洽洽食品,2015-03-31,4,-58,157.85,-237.32,4033.06,0.31
868,002556,辉隆股份,2015-03-31,2,-21,50.00,-678.26,879.50,0.07
869,002555,三七互娱,2015-03-31,11,-13,1043.78,-322.45,69806.17,1.58
870,002553,南方轴承,2015-03-31,3,-1,716.93,522.73,15600.41,2.06
871,002551,尚荣医疗,2015-03-31,6,-65,1525.20,-3470.62,53366.83,3.52
872,002550,千红制药,2015-03-31,3,-34,191.05,-2708.12,6098.43,0.15
873,002549,凯美特气,2015-03-31,7,-7,3644.83,-1499.23,75776.04,6.43
874,002547,春兴精工,2015-03-31,5,-14,731.27,-1097.19,16431.68,0.72
875,002544,杰赛科技,2015-03-31,5,-61,2082.95,-6599.01,67279.18,4.04
876,002542,中化岩土,2015-03-31,2,-3,52.18,-671.49,974.20,0.04
877,002540,亚太科技,2015-03-31,2,-10,804.00,-782.82,29426.40,0.77
878,002539,云图控股,2015-03-31,12,-17,1993.57,-3475.92,53028.95,2.41
879,002537,海立美达,2015-03-31,1,-2,318.31,317.53,9769.02,0.48
880,002536,西泵股份,2015-03-31,1,-3,7.04,6.51,246.05,0.02
881,002533,金杯电工,2015-03-31,8,-8,2280.76,-571.98,20983.02,4.17
882,002531,天顺风能,2015-03-31,3,-24,892.91,-4248.55,16179.44,0.60
883,002530,丰东股份,2015-03-31,1,0,499.99,188.04,6259.85,2.92
884,002527,新时达,2015-03-31,1,-17,5.09,-78.63,133.51,0.01
885,002522,浙江众成,2015-03-31,8,-6,3833.76,-805.27,143766.05,4.34
886,002521,齐峰新材,2015-03-31,8,-27,853.94,-2592.58,11963.71,1.73
887,002520,日发精机,2015-03-31,3,-19,60.07,-2158.84,2220.19,0.11
888,002519,银河电子,2015-03-31,2,-6,110.41,-1442.50,3651.16,0.22
889,002518,科士达,2015-03-31,2,-16,130.00,-1228.38,3093.98,0.22
890,002516,旷达科技,2015-03-31,5,-23,2532.23,-1528.79,87488.71,2.06
891,002514,宝馨科技,2015-03-31,2,-6,124.11,-320.49,2618.69,0.27
892,002510,天汽模,2015-03-31,3,-9,1376.33,-602.59,17011.41,1.65
893,002509,天广中茂,2015-03-31,10,-20,2083.07,-1574.33,40377.65,1.67
894,002508,老板电器,2015-03-31,21,-104,1734.26,-4412.06,84371.91,1.84
895,002507,涪陵榨菜,2015-03-31,3,-29,91.64,-3037.13,2895.04,0.30
896,002505,大康农业,2015-03-31,1,-36,275.11,-779.07,2808.87,0.18
897,002503,搜于特,2015-03-31,2,-44,1764.61,-265.51,44132.93,0.65
898,002502,骅威文化,2015-03-31,4,-7,1559.80,29.07,30650.07,2.45
899,002501,利源精制,2015-03-31,4,-37,179.55,-1509.24,5892.97,0.19
900,002500,山西证券,2015-03-31,1,-152,1.43,-16848.26,24.00,0.00
901,002496,辉丰股份,2015-03-31,7,-67,1791.55,-2119.14,55681.28,1.19
902,002494,华斯股份,2015-03-31,1,-9,28.60,-545.85,570.57,0.08
903,002492,恒基达鑫,2015-03-31,2,-11,333.61,-44.61,4480.34,0.93
904,002491,通鼎互联,2015-03-31,5,-14,373.96,-792.33,8915.52,0.32
905,002488,金固股份,2015-03-31,9,-35,2694.86,93.40,136360.05,5.30
906,002482,广田集团,2015-03-31,8,-64,644.95,-1632.35,15104.72,0.49
907,002481,双塔食品,2015-03-31,6,-21,1870.82,-1068.53,47275.63,1.48
908,002480,新筑股份,2015-03-31,3,-45,1640.00,-2396.15,21287.25,2.60
909,002478,常宝股份,2015-03-31,1,-10,15.00,-83.85,214.02,0.02
910,002477,雏鹰农牧,2015-03-31,6,-69,1540.34,-3633.88,21811.23,0.49
911,002475,立讯精密,2015-03-31,28,-181,4210.92,-4985.66,163804.61,2.24
912,002474,中邮睿信增强债券,2015-03-31,1,-12,45.00,-4.83,794.25,0.00
913,002474,榕基软件,2015-03-31,1,-12,45.00,-4.83,794.25,0.07
914,002472,双环传动,2015-03-31,1,-8,24.35,-46.64,436.81,0.04
915,002470,金正大,2015-03-31,8,-140,2323.63,-4339.54,85509.64,0.74
916,002469,三维工程,2015-03-31,1,-11,20.14,-908.44,445.95,0.04
917,002467,二六三,2015-03-31,9,-17,786.50,298.17,20016.36,1.00
918,002466,天齐锂业,2015-03-31,11,-32,3286.69,-1159.64,186782.62,3.33
919,002465,海格通信,2015-03-31,38,-183,10369.37,-13031.26,290445.94,5.20
920,002465,东兴众智优选混合,2015-03-31,38,-183,10369.37,-13031.26,290445.94,11.47
921,002462,嘉事堂,2015-03-31,18,-62,2563.26,-2155.16,103683.86,10.23
922,002460,赣锋锂业,2015-03-31,1,-12,5.00,-60.20,121.00,0.01
923,002458,益生股份,2015-03-31,2,-27,94.06,-3109.27,1619.20,0.33
924,002456,欧菲光,2015-03-31,1,-162,0.01,-6052.35,0.21,0.00
925,002454,松芝股份,2015-03-31,5,-30,727.30,-1972.14,14291.42,1.76
926,002452,长高集团,2015-03-31,3,-17,1284.68,-1791.92,27350.88,3.52
927,002451,摩恩电气,2015-03-31,1,-8,272.84,-335.11,2933.02,0.62
928,002450,康得新,2015-03-31,39,-138,6396.94,-9577.63,244043.35,2.21
929,002449,国星光电,2015-03-31,6,-19,83.59,-526.95,1370.88,0.23
930,002447,壹桥股份,2015-03-31,1,-19,22.00,-2534.81,439.78,0.02
931,002446,盛路通信,2015-03-31,6,-21,585.94,-636.60,26515.41,1.81
932,002445,中南文化,2015-03-31,8,-13,898.27,-683.17,27442.12,1.41
933,002444,巨星科技,2015-03-31,7,-96,2615.72,-7911.41,44205.63,2.43
934,002441,众业达,2015-03-31,10,-19,300.04,-41.42,10270.33,0.56
935,002440,闰土股份,2015-03-31,5,-73,280.10,-1823.19,7811.95,0.37
936,002439,启明星辰,2015-03-31,29,-56,7778.46,-1739.54,338440.67,9.37
937,002437,誉衡药业,2015-03-31,1,-116,1.56,-7758.98,52.99,0.00
938,002436,兴森科技,2015-03-31,6,-24,1749.96,124.93,73498.42,1.31
939,002433,太安堂,2015-03-31,2,-34,611.80,-2662.17,10162.00,0.87
940,002432,九安医疗,2015-03-31,3,-25,1372.00,-1409.02,52355.52,3.69
941,002431,棕榈股份,2015-03-31,5,-60,231.64,-900.39,5832.70,0.20
942,002429,兆驰股份,2015-03-31,2,-112,7113.30,-6217.91,79811.19,4.44
943,002427,尤夫股份,2015-03-31,4,0,31.92,-303.35,519.27,0.08
944,002425,凯撒文化,2015-03-31,5,-8,246.69,-1782.03,4223.25,1.20
945,002424,贵州百灵,2015-03-31,1,-65,441.54,-1861.99,21856.38,0.31
946,002422,科伦药业,2015-03-31,14,-140,3008.84,-3690.22,119781.90,2.10
947,002421,达实智能,2015-03-31,24,-34,4736.98,-1825.07,231119.89,3.33
948,002419,天虹股份,2015-03-31,3,-59,179.36,-671.62,2681.40,0.22
949,002418,康盛股份,2015-03-31,3,-12,661.90,-616.30,17407.96,0.96
950,002416,爱施德,2015-03-31,1,-106,34.60,-599.95,626.95,0.03
951,002415,海康威视,2015-03-31,61,-185,13798.04,-19336.77,423599.74,1.62
952,002414,高德红外,2015-03-31,1,-83,1320.00,-4318.82,35560.80,2.20
953,002413,雷科防务,2015-03-31,2,-8,714.51,-1524.15,20756.47,1.01
954,002412,汉森制药,2015-03-31,1,-12,8.77,-507.88,174.27,0.03
955,002411,必康股份,2015-03-31,1,-10,1.89,-796.64,18.50,0.01
956,002410,广联达,2015-03-31,33,-129,3236.91,-4370.48,134331.82,2.89
957,002408,齐翔腾达,2015-03-31,8,-69,272.44,-691.78,5617.77,0.16
958,002407,多氟多,2015-03-31,2,-20,567.17,61.01,14808.82,0.92
959,002405,四维图新,2015-03-31,83,-57,13471.74,2903.57,549646.87,12.88
960,002402,和而泰,2015-03-31,1,-19,79.99,-823.44,2507.69,0.11
961,002400,省广股份,2015-03-31,42,-127,10042.68,-4077.21,411548.95,8.68
962,002398,建研集团,2015-03-31,2,-18,27.60,-572.09,568.28,0.08
963,002397,中邮增力债券,2015-03-31,2,-4,103.45,-140.21,1458.65,0.00
964,002397,梦洁股份,2015-03-31,2,-4,103.45,-140.21,1458.65,0.15
965,002396,星网锐捷,2015-03-31,5,-107,566.11,-2638.86,23538.78,1.07
966,002393,力生制药,2015-03-31,1,-56,4.36,-673.38,166.28,0.02
967,002391,长青股份,2015-03-31,22,13,1841.32,930.28,35924.11,5.12
968,002390,信邦制药,2015-03-31,26,-77,3717.64,-4092.59,112377.82,3.21
969,002387,黑牛食品,2015-03-31,1,-8,160.48,-583.02,3302.60,0.49
970,002385,大北农,2015-03-31,24,-189,6282.77,-13008.50,152042.94,1.68
971,002384,东山精密,2015-03-31,1,-53,199.99,-2820.49,2875.79,0.24
972,002383,合众思壮,2015-03-31,8,-16,532.06,-1032.66,19925.56,4.13
973,002382,蓝帆医疗,2015-03-31,6,-20,674.98,-2269.11,16644.94,1.39
974,002381,双箭股份,2015-03-31,3,-6,111.00,-2092.78,1992.45,0.32
975,002380,科远股份,2015-03-31,1,-5,120.00,54.76,5303.80,0.50
976,002378,章源钨业,2015-03-31,1,-14,168.30,-199.16,4392.64,0.18
977,002376,新北洋,2015-03-31,9,-21,2362.30,247.26,37460.20,3.94
978,002375,亚厦股份,2015-03-31,27,-115,6472.60,-2980.72,196113.06,4.83
979,002373,千方科技,2015-03-31,14,-12,3706.03,-867.38,189822.62,6.67
980,002372,伟星新材,2015-03-31,1,-36,44.81,-1250.41,900.26,0.05
981,002371,北方华创,2015-03-31,4,-57,2780.43,-1269.12,85108.90,16.68
982,002368,太极股份,2015-03-31,26,-87,4803.40,-2511.14,339840.51,11.67
983,002367,康力电梯,2015-03-31,11,-32,1576.12,-681.57,25690.77,2.22
984,002366,台海核电,2015-03-31,15,-58,1810.78,-1823.95,81847.27,7.40
985,002364,中恒电气,2015-03-31,14,-14,1433.30,-340.68,65762.85,3.02
986,002363,隆基机械,2015-03-31,27,-22,4025.18,-1553.07,129812.14,10.43
987,002362,汉王科技,2015-03-31,1,-6,199.99,197.52,6425.68,0.93
988,002361,神剑股份,2015-03-31,1,-2,31.04,-141.92,355.76,0.04
989,002359,齐星铁塔,2015-03-31,1,-1,248.76,-161.17,2233.86,0.60
990,002358,森源电气,2015-03-31,14,-87,3052.44,-2944.19,143763.34,3.84
991,002356,赫美集团,2015-03-31,1,-3,69.99,62.75,4446.46,0.29
992,002354,天神娱乐,2015-03-31,1,-21,0.24,-258.84,20.92,0.00
993,002353,杰瑞股份,2015-03-31,10,-190,1358.69,-6823.66,52241.53,1.42
994,002349,精华制药,2015-03-31,4,-17,683.20,-2119.50,30429.76,1.14
995,002347,泰尔股份,2015-03-31,2,-9,319.13,-261.17,4924.15,0.71
996,002345,潮宏基,2015-03-31,4,-47,1053.83,-265.65,13467.95,1.25
997,002344,海宁皮城,2015-03-31,10,-155,1809.74,-7958.01,43126.08,1.62
998,002342,巨力索具,2015-03-31,1,-44,444.19,-273.35,3637.92,0.46
999,002340,格林美,2015-03-31,15,-116,2520.11,-6263.72,47907.25,0.83
1000,002339,积成电子,2015-03-31,16,-1,2419.28,534.64,56732.12,6.39
1001,002338,奥普光电,2015-03-31,3,-33,665.50,-1599.43,34885.44,5.55
1002,002335,科华恒盛,2015-03-31,5,-10,235.03,-574.05,7824.23,0.89
1003,002334,英威腾,2015-03-31,2,-22,335.96,-1007.58,8063.01,0.46
1004,002332,仙琚制药,2015-03-31,3,-56,1287.72,-95.32,21273.20,1.68
1005,002331,皖通科技,2015-03-31,3,-21,199.95,-1148.48,3419.11,0.57
1006,002329,皇氏集团,2015-03-31,6,-48,2003.81,-1568.41,61156.24,3.00
1007,002326,永太科技,2015-03-31,2,-7,580.54,-423.68,24574.25,0.73
1008,002325,洪涛股份,2015-03-31,8,-58,1735.35,-5600.37,35036.73,1.44
1009,002324,普利特,2015-03-31,9,-10,1750.15,1400.07,58560.03,6.48
1010,002323,雅百特,2015-03-31,1,-3,18.40,-70.73,526.38,0.06
1011,002321,华英农业,2015-03-31,1,-26,841.95,-3812.80,8217.39,1.98
1012,002318,久立特材,2015-03-31,22,-65,1973.45,-2810.48,88903.91,2.35
1013,002317,众生药业,2015-03-31,12,-70,1184.25,-1905.11,29784.76,1.62
1014,002316,键桥通讯,2015-03-31,2,-8,99.44,-315.06,1121.43,0.32
1015,002315,焦点科技,2015-03-31,3,-74,171.58,-1005.81,15236.19,1.46
1016,002313,日海通讯,2015-03-31,2,-22,140.00,-135.90,2395.40,0.59
1017,002312,*ST三泰,2015-03-31,11,-20,762.83,7.07,34022.23,0.56
1018,002311,海大集团,2015-03-31,10,-92,968.19,-6014.25,18569.90,0.63
1019,002310,东方园林,2015-03-31,2,-116,460.82,-2565.22,10838.55,0.18
1020,002309,中利集团,2015-03-31,3,-72,818.11,-3100.63,22407.91,1.44
1021,002305,南国置业,2015-03-31,1,-32,27.98,-1470.20,248.74,0.02
1022,002304,洋河股份,2015-03-31,13,-207,359.15,-3907.45,29223.73,0.29
1023,002303,美盈森,2015-03-31,19,-39,9403.56,1558.69,252955.88,6.57
1024,002302,西部建设,2015-03-31,1,-15,25.20,-73.51,481.82,0.02
1025,002299,圣农发展,2015-03-31,10,-97,8652.34,-3272.01,155223.05,9.50
1026,002298,中电鑫龙,2015-03-31,1,-16,2.52,-521.31,22.60,0.01
1027,002296,辉煌科技,2015-03-31,1,-14,55.76,-1434.10,1145.81,0.15
1028,002294,信立泰,2015-03-31,4,-133,314.60,-2467.55,13974.53,0.64
1029,002293,罗莱生活,2015-03-31,2,-73,1150.59,-1050.26,39603.21,1.64
1030,002292,奥飞娱乐,2015-03-31,8,-146,1299.37,-2929.21,57146.24,1.00
1031,002285,世联行,2015-03-31,37,-106,10756.14,-4353.18,417122.94,6.29
1032,002284,亚太股份,2015-03-31,2,-5,116.26,-332.65,2683.28,0.16
1033,002283,天润曲轴,2015-03-31,3,-14,2849.87,2082.12,37447.27,2.53
1034,002282,博深工具,2015-03-31,4,-19,868.07,-836.09,19618.43,2.57
1035,002280,联络互动,2015-03-31,11,-11,1268.00,673.53,179929.61,1.01
1036,002279,久其软件,2015-03-31,13,-10,1267.06,-849.45,71287.90,4.50
1037,002277,友阿股份,2015-03-31,1,-73,0.01,-769.67,0.19,0.00
1038,002277,中邮纯债恒利债券C,2015-03-31,1,-73,0.01,-769.67,0.19,0.00
1039,002276,万马股份,2015-03-31,2,-43,270.49,-162.15,3151.18,0.29
1040,002276,中邮纯债恒利债券A,2015-03-31,2,-43,270.49,-162.15,3151.18,0.00
1041,002273,水晶光电,2015-03-31,7,-80,678.80,-1019.16,17472.36,1.05
1042,002271,东方雨虹,2015-03-31,15,-123,3152.04,-6128.41,131387.50,3.88
1043,002270,华明装备,2015-03-31,1,-1,190.26,-207.56,3719.51,0.80
1044,002269,美邦服饰,2015-03-31,4,-79,260.00,-811.63,4638.47,0.10
1045,002268,卫士通,2015-03-31,18,-62,840.98,-2712.46,90699.43,2.43
1046,002267,陕天然气,2015-03-31,7,-68,2243.00,-172.77,32815.06,2.02
1047,002266,浙富控股,2015-03-31,1,-48,7.45,-2982.96,82.12,0.00
1048,002261,拓维信息,2015-03-31,2,-27,3.71,-334.55,112.64,0.00
1049,002260,德奥通航,2015-03-31,6,1,1267.43,927.55,44537.66,4.78
1050,002256,兆新股份,2015-03-31,13,-1,1435.52,811.80,32213.05,1.14
1051,002253,川大智胜,2015-03-31,4,-31,79.13,-1984.20,3029.10,0.35
1052,002252,上海莱士,2015-03-31,1,-100,0.57,-989.04,31.73,0.00
1053,002251,步步高,2015-03-31,10,-65,2330.09,1566.60,63145.45,3.12
1054,002250,联化科技,2015-03-31,15,-113,3972.65,-14437.42,76235.12,4.79
1055,002249,大洋电机,2015-03-31,8,-52,3147.92,-1007.74,32273.47,1.73
1056,002247,帝龙文化,2015-03-31,1,-3,14.50,-274.90,241.72,0.03
1057,002246,北化股份,2015-03-31,2,-8,1354.06,-1954.37,17860.07,3.27
1058,002245,澳洋顺昌,2015-03-31,2,-15,1205.60,149.63,13912.62,1.32
1059,002244,滨江集团,2015-03-31,8,-69,1061.28,-686.25,13987.66,0.34
1060,002242,九阳股份,2015-03-31,2,-67,110.02,-1607.84,1578.77,0.14
1061,002241,歌尔股份,2015-03-31,64,-169,7727.17,-5865.49,257314.61,2.53
1062,002239,奥特佳,2015-03-31,1,-3,808.64,774.31,7989.40,1.38
1063,002238,天威视讯,2015-03-31,1,-42,22.15,-133.23,559.30,0.04
1064,002237,恒邦股份,2015-03-31,1,-69,399.00,-837.90,9001.44,0.44
1065,002236,大华股份,2015-03-31,67,-126,5980.67,-1097.26,218593.39,2.07
1066,002235,安妮股份,2015-03-31,1,-8,388.21,317.78,8268.91,1.33
1067,002234,民和股份,2015-03-31,5,-7,1615.49,-361.77,21211.43,5.35
1068,002231,奥维通信,2015-03-31,2,-5,428.00,-74.75,5555.38,1.20
1069,002230,科大讯飞,2015-03-31,68,-110,3769.99,-4772.77,196039.71,2.89
1070,002229,鸿博股份,2015-03-31,4,-30,428.01,-72.85,11855.85,0.96
1071,002228,合兴包装,2015-03-31,5,-15,696.72,-771.11,12673.33,0.67
1072,002227,奥特迅,2015-03-31,1,-5,184.99,181.82,6287.91,0.84
1073,002226,江南化工,2015-03-31,1,-41,9.00,-245.81,159.39,0.01
1074,002225,濮耐股份,2015-03-31,1,-50,1078.94,-298.04,9473.05,1.33
1075,002223,鱼跃医疗,2015-03-31,9,-110,1642.11,-5333.71,59740.06,2.81
1076,002223,中邮尊享一年定开混合发起式,2015-03-31,9,-110,1642.11,-5333.71,59740.06,0.00
1077,002221,东华能源,2015-03-31,4,-45,1011.71,-403.81,28793.36,0.73
1078,002216,三全食品,2015-03-31,14,-64,2029.44,-1108.81,62384.94,2.52
1079,002215,诺普信,2015-03-31,19,-21,6696.86,-4178.65,116793.22,7.87
1080,002214,大立科技,2015-03-31,3,-25,130.00,-4447.63,3676.40,0.28
1081,002206,海利得,2015-03-31,1,-20,20.00,-454.35,221.80,0.02
1082,002203,海亮股份,2015-03-31,4,-71,270.53,-3239.52,2908.20,0.17
1083,002202,金风科技,2015-03-31,39,-169,7315.51,-24492.93,139433.58,3.33
1084,002201,九鼎新材,2015-03-31,1,-6,87.00,-317.73,1126.65,0.36
1085,002197,证通电子,2015-03-31,3,-23,369.61,-781.58,10829.64,0.88
1086,002196,方正电机,2015-03-31,2,-9,70.01,-1115.83,1353.38,0.41
1087,002194,武汉凡谷,2015-03-31,2,-44,80.00,-177.70,1242.40,0.14
1088,002191,劲嘉股份,2015-03-31,9,-87,2328.10,-605.60,50240.42,1.78
1089,002190,成飞集成,2015-03-31,3,-39,119.52,-1692.61,5371.33,0.35
1090,002189,利达光电,2015-03-31,4,-12,923.05,450.25,30091.51,4.63
1091,002186,全聚德,2015-03-31,1,-18,3.67,-280.95,85.07,0.01
1092,002185,华天科技,2015-03-31,11,-95,1742.34,-7472.43,31187.93,1.64
1093,002184,海得控制,2015-03-31,9,-26,1013.41,-1375.68,38205.57,4.61
1094,002183,怡亚通,2015-03-31,32,-53,4788.20,1054.05,150924.03,2.26
1095,002182,东兴蓝海财富混合,2015-03-31,2,-16,516.80,-1362.90,9343.74,0.57
1096,002182,云海金属,2015-03-31,2,-16,516.80,-1362.90,9343.74,1.79
1097,002180,艾派克,2015-03-31,4,-8,855.66,-330.04,27792.28,3.40
1098,002179,中航光电,2015-03-31,7,-104,2029.32,-4570.29,66257.45,2.59
1099,002178,延华智能,2015-03-31,15,13,1894.91,1892.69,54573.44,2.87
1100,002177,御银股份,2015-03-31,9,-5,2320.84,1922.64,26736.11,3.05
1101,002176,江特电机,2015-03-31,2,-24,28.37,-1086.38,446.83,0.02
1102,002175,东方网络,2015-03-31,4,3,953.20,953.03,60461.41,1.66
1103,002174,游族网络,2015-03-31,4,-64,239.36,-520.15,16857.90,0.28
1104,002171,楚江新材,2015-03-31,4,-26,103.03,-1643.32,1346.66,0.30
1105,002170,芭田股份,2015-03-31,7,-56,2272.17,-9177.71,31537.68,2.68
1106,002169,智光电气,2015-03-31,5,-14,488.40,-2951.75,8503.05,1.86
1107,002161,远望谷,2015-03-31,6,-57,1129.01,-1104.63,17386.68,1.53
1108,002159,三特索道,2015-03-31,2,-14,71.61,-2014.20,1909.88,0.53
1109,002157,正邦科技,2015-03-31,5,-69,1234.70,-6697.56,15742.44,0.82
1110,002156,通富微电,2015-03-31,2,-19,90.00,-788.00,1208.70,0.09
1111,002155,湖南黄金,2015-03-31,2,-89,52.00,-5288.28,603.20,0.05
1112,002154,报喜鸟,2015-03-31,2,-24,183.57,-242.97,2637.85,0.16
1113,002153,石基信息,2015-03-31,22,-134,2838.79,-429.84,346048.12,3.06
1114,002152,广电运通,2015-03-31,44,-85,7564.43,-3309.77,296298.72,5.62
1115,002151,北斗星通,2015-03-31,3,-29,53.83,-1225.84,2577.78,0.14
1116,002147,新光圆成,2015-03-31,1,-3,40.00,-5.30,516.00,0.15
1117,002146,荣盛发展,2015-03-31,17,-206,1624.21,-15758.75,34514.39,0.37
1118,002142,宁波银行,2015-03-31,23,-163,4580.42,-11184.87,81760.45,1.32
1119,002138,顺络电子,2015-03-31,2,-43,450.03,-1458.63,13401.88,0.61
1120,002131,利欧股份,2015-03-31,8,-19,406.92,-1740.80,14803.00,0.33
1121,002129,中环股份,2015-03-31,11,-104,2974.87,-1972.86,104447.70,1.13
1122,002126,银轮股份,2015-03-31,6,-22,489.61,-968.10,9160.58,0.75
1123,002124,天邦股份,2015-03-31,3,-20,603.85,-1106.27,10645.87,1.32
1124,002123,梦网荣信,2015-03-31,5,-42,4.01,-652.95,54.11,0.01
1125,002121,科陆电子,2015-03-31,4,-16,218.76,-1974.09,5996.16,0.22
1126,002118,紫鑫药业,2015-03-31,6,-45,423.82,-581.84,8340.74,0.41
1127,002117,东港股份,2015-03-31,1,-45,21.74,-2816.92,579.17,0.06
1128,002115,三维通信,2015-03-31,3,-25,680.05,-1176.81,9167.08,1.66
1129,002112,三变科技,2015-03-31,4,-8,507.23,-88.35,7126.60,2.52
1130,002111,威海广泰,2015-03-31,6,-32,317.72,-2636.51,6729.30,1.03
1131,002110,三钢闽光,2015-03-31,3,-7,327.04,-1084.74,3178.80,0.61
1132,002108,沧州明珠,2015-03-31,6,-45,434.75,-2972.49,9516.58,0.71
1133,002104,恒宝股份,2015-03-31,14,-53,702.87,-1886.33,14935.95,0.99
1134,002103,广博股份,2015-03-31,3,-3,662.43,138.11,16832.38,1.99
1135,002102,冠福股份,2015-03-31,5,-12,964.43,-2077.38,12807.68,0.67
1136,002100,天康生物,2015-03-31,5,-40,836.00,-2285.86,14295.58,1.18
1137,002099,海翔药业,2015-03-31,1,-18,199.99,-1853.33,3065.88,0.24
1138,002098,浔兴股份,2015-03-31,5,-5,353.98,7.18,8240.59,1.14
1139,002095,生意宝,2015-03-31,7,-20,1145.12,610.46,94770.04,4.53
1140,002094,青岛金王,2015-03-31,5,-15,274.19,-2598.41,5404.19,0.85
1141,002092,中泰化学,2015-03-31,3,-75,309.35,-2404.48,3186.26,0.18
1142,002090,金智科技,2015-03-31,1,-17,3.84,-1508.94,104.23,0.02
1143,002089,新海宜,2015-03-31,11,-22,231.62,-1408.10,4225.42,0.34
1144,002086,东方海洋,2015-03-31,1,-7,96.63,87.73,1573.08,0.20
1145,002085,万丰奥威,2015-03-31,12,-46,1525.75,-1515.07,65637.95,0.84
1146,002084,海鸥卫浴,2015-03-31,2,-12,254.05,-640.16,3638.02,0.63
1147,002083,孚日股份,2015-03-31,1,-55,1305.79,-858.52,8853.26,1.44
1148,002081,金螳螂,2015-03-31,121,-129,26132.96,-6678.56,919096.29,9.89
1149,002080,中材科技,2015-03-31,1,-22,512.20,-1346.66,9024.92,1.28
1150,002078,太阳纸业,2015-03-31,2,-69,1685.49,-2477.35,8848.82,0.67
1151,002077,大港股份,2015-03-31,2,-11,543.94,-59.56,7451.98,2.16
1152,002075,沙钢股份,2015-03-31,5,-9,234.27,-30.66,3992.02,0.11
1153,002074,国轩高科,2015-03-31,8,0,395.41,131.54,11229.61,0.80
1154,002073,软控股份,2015-03-31,13,-97,856.71,-3966.61,17134.11,1.15
1155,002072,凯瑞德,2015-03-31,5,-8,470.61,-1413.63,11835.88,2.67
1156,002070,*ST众和,2015-03-31,1,-31,293.07,-7060.41,3311.74,0.46
1157,002069,獐子岛,2015-03-31,3,-82,0.66,-1255.90,9.78,0.00
1158,002068,黑猫股份,2015-03-31,1,-26,118.88,-5825.36,1123.44,0.20
1159,002065,东华软件,2015-03-31,31,-166,3881.89,-18233.54,119950.39,2.56
1160,002063,远光软件,2015-03-31,13,-107,3475.30,-3659.42,139150.84,5.94
1161,002059,云南旅游,2015-03-31,1,-2,9.03,-604.98,178.52,0.01
1162,002055,得润电子,2015-03-31,22,-6,6304.20,5080.63,214279.60,15.21
1163,002053,云南能投,2015-03-31,2,-24,176.86,-1855.35,3683.98,0.48
1164,002051,中工国际,2015-03-31,20,-183,3226.89,-7372.36,107132.69,3.50
1165,002050,三花智控,2015-03-31,6,-81,2265.32,-1678.41,43879.29,1.42
1166,002049,紫光国芯,2015-03-31,6,-64,390.83,-4981.97,15164.33,0.64
1167,002048,宁波华翔,2015-03-31,2,-100,601.21,-4329.12,10449.02,1.13
1168,002047,宝鹰股份,2015-03-31,1,-3,11.57,-269.02,110.27,0.01
1169,002044,美年健康,2015-03-31,1,-2,117.33,-15.28,1901.94,0.11
1170,002042,华孚色纺,2015-03-31,1,-34,2020.90,-5960.00,16045.94,2.43
1171,002041,登海种业,2015-03-31,7,-104,1365.36,-1723.11,56826.15,1.55
1172,002039,黔源电力,2015-03-31,3,-10,1212.15,-475.23,19709.64,3.97
1173,002038,双鹭药业,2015-03-31,7,-165,418.69,-3190.58,22609.45,0.61
1174,002037,久联发展,2015-03-31,5,-21,75.22,-1798.87,1737.50,0.23
1175,002035,华帝股份,2015-03-31,4,-43,189.00,-3568.87,2780.25,0.53
1176,002033,丽江旅游,2015-03-31,1,-16,32.00,-1069.03,605.76,0.06
1177,002030,达安基因,2015-03-31,29,-74,4057.78,387.17,174078.63,5.60
1178,002028,思源电气,2015-03-31,3,-74,289.90,-1393.92,4815.22,0.38
1179,002025,航天电器,2015-03-31,1,-70,414.87,-2410.85,10380.15,0.97
1180,002024,苏宁云商,2015-03-31,69,-119,31240.12,-20128.78,408308.37,6.10
1181,002023,海特高新,2015-03-31,14,-57,2376.26,-6641.16,81980.88,3.14
1182,002022,科华生物,2015-03-31,13,-107,4000.46,-900.82,127054.50,10.52
1183,002021,中捷资源,2015-03-31,2,-17,492.80,-918.71,3454.55,0.87
1184,002020,京新药业,2015-03-31,4,-51,1079.39,-4229.57,26099.77,1.86
1185,002020,国都创新驱动混合,2015-03-31,4,-51,1079.39,-4229.57,26099.77,0.24
1186,002019,亿帆医药,2015-03-31,3,-36,1310.46,-2450.98,40283.47,2.26
1187,002018,华信国际,2015-03-31,12,-58,8942.77,-5291.94,150059.66,3.93
1188,002017,东信和平,2015-03-31,2,-14,55.04,-553.28,1117.91,0.16
1189,002016,世荣兆业,2015-03-31,1,-12,629.37,31.16,7898.64,0.97
1190,002013,中航机电,2015-03-31,4,-78,290.92,-3145.61,8363.90,0.14
1191,002011,盾安环境,2015-03-31,2,-68,580.30,-2742.73,8437.50,0.69
1192,002010,传化智联,2015-03-31,1,-19,2008.74,-294.65,25089.12,4.12
1193,002009,天奇股份,2015-03-31,34,-50,4551.72,-6458.65,131908.78,14.47
1194,002008,大族激光,2015-03-31,5,-162,433.76,-10009.64,9000.44,0.41
1195,002007,华兰生物,2015-03-31,12,-183,1818.00,-5969.55,77119.57,1.95
1196,002006,精功科技,2015-03-31,2,-7,469.97,-202.90,6147.24,1.03
1197,002005,德豪润达,2015-03-31,1,-72,167.39,-3885.78,1690.64,0.14
1198,002004,华邦健康,2015-03-31,15,-82,2076.40,-3388.77,63641.61,1.15
1199,002003,伟星股份,2015-03-31,3,-21,46.89,-1125.99,618.03,0.11
1200,002002,鸿达兴业,2015-03-31,2,-2,189.13,-505.90,3432.64,0.09
1201,001896,豫能控股,2015-03-31,2,-1,834.65,677.65,11893.83,1.26
1202,001696,宗申动力,2015-03-31,7,-72,5737.35,-1247.21,87150.34,6.43
1203,000999,华润三九,2015-03-31,7,-141,1542.58,-5640.22,41217.76,1.58
1204,000998,隆平高科,2015-03-31,7,-96,159.08,-10126.97,3582.57,0.16
1205,000997,新大陆,2015-03-31,5,-110,582.22,-7503.96,22630.97,0.63
1206,000996,中国中期,2015-03-31,8,-12,35.67,-214.96,1377.47,0.16
1207,000990,诚志股份,2015-03-31,1,-2,13.99,-1.44,310.86,0.05
1208,000989,九芝堂,2015-03-31,1,-19,112.00,-745.93,2262.40,0.27
1209,000988,华工科技,2015-03-31,6,-53,530.63,-5497.39,8490.01,0.60
1210,000987,越秀金控,2015-03-31,4,-15,121.59,-536.24,2880.52,0.23
1211,000983,西山煤电,2015-03-31,3,-134,147.81,-15404.16,1234.21,0.05
1212,000982,*ST中绒,2015-03-31,5,-37,178.58,-893.71,1223.67,0.10
1213,000978,桂林旅游,2015-03-31,1,-17,50.00,-1249.12,603.50,0.14
1214,000977,浪潮信息,2015-03-31,9,-68,1645.75,-1132.44,96523.09,1.65
1215,000975,银泰资源,2015-03-31,1,-102,560.00,-7786.49,9990.40,0.54
1216,000970,中科三环,2015-03-31,4,-133,2990.06,-6195.49,61385.99,2.81
1217,000969,安泰科技,2015-03-31,1,-55,0.28,-1398.89,2.63,0.00
1218,000967,盈峰环境,2015-03-31,1,-5,20.21,-258.65,347.81,0.05
1219,000965,天保基建,2015-03-31,2,-11,650.00,-1364.88,6383.00,0.64
1220,000963,华东医药,2015-03-31,26,-198,4565.18,-6966.74,283497.44,10.52
1221,000961,中南建设,2015-03-31,20,-96,2840.48,-4756.19,48004.07,0.77
1222,000960,锡业股份,2015-03-31,8,-131,5248.57,-6326.94,117463.00,4.34
1223,000958,东方能源,2015-03-31,7,-34,2429.19,-4438.91,50430.06,3.64
1224,000952,广济药业,2015-03-31,1,-6,150.01,-1820.49,2257.61,0.60
1225,000950,*ST建峰,2015-03-31,3,-5,138.67,-412.87,1098.30,0.23
1226,000948,南天信息,2015-03-31,8,-18,1196.46,-3998.01,30282.36,4.85
1227,000939,凯迪生态,2015-03-31,3,-85,4692.45,-7548.14,69635.98,4.41
1228,000938,紫光股份,2015-03-31,2,-15,6.20,-65.59,180.61,0.03
1229,000937,冀中能源,2015-03-31,3,-150,833.04,-13623.49,7255.81,0.29
1230,000933,神火股份,2015-03-31,3,-77,1656.36,-3930.21,10484.77,0.87
1231,000932,*ST华菱,2015-03-31,6,-26,2211.05,-9502.83,10192.95,0.73
1232,000928,中钢国际,2015-03-31,2,-27,733.70,-389.21,12120.69,0.99
1233,000925,众合科技,2015-03-31,5,-42,314.82,-5169.61,7741.37,1.03
1234,000923,河北宣工,2015-03-31,4,0,393.35,307.12,6333.00,1.99
1235,000923,中邮现金驿站货币C,2015-03-31,4,0,393.35,307.12,6333.00,0.00
1236,000920,南方汇通,2015-03-31,2,-13,191.79,-1614.31,3820.36,0.45
1237,000919,金陵药业,2015-03-31,3,-66,520.12,-4061.26,9117.75,1.03
1238,000918,嘉凯城,2015-03-31,2,-5,48.00,-930.85,317.76,0.03
1239,000917,电广传媒,2015-03-31,16,-109,4618.78,-2383.61,111312.64,4.34
1240,000915,山大华特,2015-03-31,2,-46,769.17,-4089.74,29620.85,4.28
1241,000911,南宁糖业,2015-03-31,1,-8,783.88,-876.63,10958.59,2.42
1242,000910,大亚圣象,2015-03-31,11,-9,2160.54,604.35,32364.96,4.10
1243,000906,浙商中拓,2015-03-31,1,-17,573.98,-2176.89,11514.04,1.74
1244,000902,新洋丰,2015-03-31,11,-23,1231.14,-781.17,26691.03,1.00
1245,000897,津滨发展,2015-03-31,1,-44,0.53,-2954.96,4.68,0.00
1246,000895,双汇发展,2015-03-31,20,-177,2919.12,-9718.18,107715.40,0.88
1247,000893,东凌国际,2015-03-31,2,-7,2061.57,1409.97,38448.34,5.11
1248,000888,峨眉山A,2015-03-31,14,-64,2349.48,-2080.37,63788.43,4.46
1249,000887,中鼎股份,2015-03-31,14,-50,1659.85,1193.82,38692.34,1.37
1250,000883,湖北能源,2015-03-31,9,-77,1574.33,-3500.58,14502.09,0.29
1251,000880,潍柴重机,2015-03-31,1,-12,587.07,-699.01,8811.95,4.34
1252,000878,云南铜业,2015-03-31,2,-124,2854.90,-8489.82,43394.51,2.02
1253,000876,新希望,2015-03-31,14,-151,6638.93,-10652.55,137425.82,1.92
1254,000869,张裕A,2015-03-31,1,-115,25.00,-1846.17,986.50,0.06
1255,000863,三湘印象,2015-03-31,3,-17,4138.14,-7431.46,28354.96,4.46
1256,000860,顺鑫农业,2015-03-31,2,-62,47.38,-1764.21,1075.08,0.08
1257,000858,五粮液,2015-03-31,25,-196,6354.93,-20613.68,147307.18,1.67
1258,000852,石化机械,2015-03-31,1,-45,90.00,-450.93,2454.18,0.15
1259,000848,承德露露,2015-03-31,1,-125,1366.11,-8600.21,32390.39,1.40
1260,000839,中信国安,2015-03-31,14,-99,1353.32,-5858.75,26010.90,0.35
1261,000831,五矿稀土,2015-03-31,17,-178,1027.57,-7990.97,34002.41,1.05
1262,000829,天音控股,2015-03-31,25,-30,4723.19,4077.99,86670.55,4.97
1263,000826,启迪桑德,2015-03-31,6,-172,1858.10,-8650.84,53963.68,2.18
1264,000825,太钢不锈,2015-03-31,4,-104,4996.51,-13714.35,27930.50,0.88
1265,000821,京山轻机,2015-03-31,11,4,1573.50,227.20,24829.79,4.56
1266,000816,智慧农业,2015-03-31,6,-50,9104.79,-3415.64,92140.48,6.81
1267,000813,德展健康,2015-03-31,1,0,9.61,0.11,96.49,0.02
1268,000810,创维数字,2015-03-31,4,3,422.73,377.75,14127.63,1.00
1269,000807,云铝股份,2015-03-31,5,-23,7413.95,-4295.03,66799.67,4.31
1270,000802,北京文化,2015-03-31,12,5,3670.77,3468.15,70332.02,9.61
1271,000801,四川九洲,2015-03-31,11,-45,1077.47,-3912.23,29263.99,1.05
1272,000800,一汽轿车,2015-03-31,7,-164,2408.09,-14081.61,47198.47,1.71
1273,000799,酒鬼酒,2015-03-31,2,-11,266.00,-437.49,4468.80,1.19
1274,000797,中国武夷,2015-03-31,7,-8,3014.32,-940.79,56970.58,7.04
1275,000793,华闻传媒,2015-03-31,4,-117,212.50,-7243.36,3227.84,0.12
1276,000792,盐湖股份,2015-03-31,2,-130,19.53,-5698.60,575.54,0.01
1277,000791,甘肃电投,2015-03-31,2,-13,1557.37,-4028.60,24372.90,1.60
1278,000788,北大医药,2015-03-31,2,-49,160.00,-775.70,2990.40,0.29
1279,000786,北新建材,2015-03-31,8,-111,1416.89,-3598.82,44824.66,1.03
1280,000786,华融现金增利货币B,2015-03-31,8,-111,1416.89,-3598.82,44824.66,0.00
1281,000783,长江证券,2015-03-31,56,-163,59879.50,-8944.67,950886.38,12.63
1282,000779,三毛派神,2015-03-31,1,0,15.02,8.82,230.73,0.08
1283,000776,广发证券,2015-03-31,93,-137,59317.93,5865.63,1654970.26,10.02
1284,000768,中航飞机,2015-03-31,19,-172,17539.99,-14400.13,476386.19,6.34
1285,000758,中色股份,2015-03-31,21,-78,3892.32,-1467.08,78741.61,1.98
1286,000751,锌业股份,2015-03-31,3,-2,19.19,-139.86,141.81,0.01
1287,000750,国海证券,2015-03-31,4,-134,152.09,-16454.24,2774.14,0.04
1288,000748,长城信息,2015-03-31,4,-55,1147.65,-5948.83,57336.42,1.43
1289,000738,航发控制,2015-03-31,1,-15,68.19,-5817.32,1606.56,0.06
1290,000735,罗牛山,2015-03-31,3,-40,8.93,-2204.94,81.26,0.01
1291,000733,振华科技,2015-03-31,3,-39,674.81,-4959.57,17275.12,1.44
1292,000732,泰禾集团,2015-03-31,19,-91,3420.30,-3674.78,88414.69,2.75
1293,000729,燕京啤酒,2015-03-31,6,-141,8172.31,-18173.65,75021.78,3.26
1294,000728,国元证券,2015-03-31,14,-190,3566.18,-15680.85,122212.85,1.84
1295,000726,鲁泰A,2015-03-31,2,-68,62.50,-2612.99,875.01,0.11
1296,000725,京东方A,2015-03-31,9,-137,4747.43,-73570.66,19132.12,0.14
1297,000720,新能泰山,2015-03-31,2,0,120.00,83.10,865.20,0.14
1298,000719,大地传媒,2015-03-31,2,-32,63.30,-151.52,1047.67,0.09
1299,000718,苏宁环球,2015-03-31,7,-87,892.50,-9741.46,7978.94,0.30
1300,000712,锦龙股份,2015-03-31,64,-74,9004.61,-7709.87,356402.65,10.05
1301,000711,京蓝科技,2015-03-31,1,-3,40.00,-994.69,731.20,0.12
1302,000710,*ST天仪,2015-03-31,3,0,29.80,-155.40,580.81,0.20
1303,000709,河钢股份,2015-03-31,10,-163,1244.63,-50866.18,5389.23,0.12
1304,000703,恒逸石化,2015-03-31,1,-51,397.86,-2558.27,4352.59,0.34
1305,000700,模塑科技,2015-03-31,4,-7,761.12,751.07,14902.73,1.09
1306,000697,炼石有色,2015-03-31,4,-40,794.26,-99.86,23025.72,1.42
1307,000687,华讯方舟,2015-03-31,2,-2,962.61,-5.50,8001.05,1.81
1308,000686,东北证券,2015-03-31,3,-130,464.40,-15694.49,9673.44,0.22
1309,000685,中山公用,2015-03-31,5,-87,345.45,-2361.68,8577.62,0.32
1310,000681,视觉中国,2015-03-31,17,-42,4261.20,1269.79,175518.97,21.67
1311,000680,山推股份,2015-03-31,8,-38,675.89,-1455.78,6968.45,0.64
1312,000673,当代东方,2015-03-31,2,-16,620.56,-1639.60,14980.38,1.49
1313,000671,阳光城,2015-03-31,27,-88,11057.80,-8216.42,218387.18,3.34
1314,000669,金鸿能源,2015-03-31,10,-66,2666.02,-3296.59,83184.59,5.49
1315,000666,经纬纺机,2015-03-31,1,-12,179.99,-169.67,3718.66,0.61
1316,000665,湖北广电,2015-03-31,1,-4,755.74,-76.83,13860.30,1.64
1317,000661,长春高新,2015-03-31,20,-96,1425.76,-1927.33,163763.24,8.38
1318,000657,中钨高新,2015-03-31,3,-2,204.49,153.19,3938.49,0.83
1319,000656,金科股份,2015-03-31,4,-59,1603.76,-3326.45,40703.35,0.38
1320,000655,金岭矿业,2015-03-31,2,-8,119.98,-239.04,1846.48,0.20
1321,000652,泰达股份,2015-03-31,2,-64,180.00,-5067.38,1614.60,0.12
1322,000651,格力电器,2015-03-31,108,-212,22744.29,-21457.53,995745.21,3.78
1323,000650,仁和药业,2015-03-31,2,-50,448.97,-1928.51,4705.17,0.36
1324,000639,西王食品,2015-03-31,1,-8,38.74,-351.95,1022.71,0.10
1325,000630,铜陵有色,2015-03-31,18,-146,3825.72,-9979.39,71121.92,0.40
1326,000628,高新发展,2015-03-31,2,-7,558.21,-490.56,6759.89,2.97
1327,000627,天茂集团,2015-03-31,8,-21,161.77,-858.84,1737.41,0.12
1328,000626,远大控股,2015-03-31,2,-1,863.90,806.88,42224.48,2.14
1329,000625,长安汽车,2015-03-31,138,-191,50031.99,-27628.67,1130035.02,13.30
1330,000623,吉林敖东,2015-03-31,23,-140,2712.11,-5892.41,99371.59,3.28
1331,000620,新华联,2015-03-31,2,-38,2062.76,1491.62,19678.69,1.12
1332,000616,海航投资,2015-03-31,4,-60,2063.21,-6914.86,9841.52,1.44
1333,000612,焦作万方,2015-03-31,2,-58,153.93,-6264.42,1891.78,0.15
1334,000608,阳光股份,2015-03-31,1,-6,15.29,-497.09,93.88,0.02
1335,000605,渤海股份,2015-03-31,4,-1,262.00,-86.36,5213.80,2.13
1336,000601,韶能股份,2015-03-31,5,-40,2778.00,-9834.43,21307.28,2.57
1337,000600,建投能源,2015-03-31,1,-24,8.58,-299.91,114.46,0.01
1338,000599,青岛双星,2015-03-31,9,2,1093.49,21.34,12662.58,1.74
1339,000598,兴蓉环境,2015-03-31,1,-123,0.99,-16822.76,8.80,0.00
1340,000596,古井贡酒,2015-03-31,1,-121,30.00,-3589.50,1049.88,0.08
1341,000593,大通燃气,2015-03-31,1,-2,287.54,-86.99,3096.78,1.03
1342,000592,平潭发展,2015-03-31,1,-16,538.95,-163.57,13878.07,0.28
1343,000581,威孚高科,2015-03-31,12,-180,2415.34,-12045.97,85116.57,2.89
1344,000572,海马汽车,2015-03-31,3,-49,11.30,-2059.04,81.38,0.01
1345,000568,泸州老窖,2015-03-31,35,-156,4845.96,-10100.94,118919.95,3.46
1346,000566,海南海药,2015-03-31,21,-52,4638.87,-3676.73,136336.31,4.69
1347,000559,万向钱潮,2015-03-31,8,-109,1911.90,-4267.58,33133.24,0.69
1348,000558,莱茵体育,2015-03-31,2,-11,1154.96,-1616.58,9609.29,1.51
1349,000555,神州信息,2015-03-31,14,-91,1942.43,-919.46,120143.74,2.19
1350,000550,江铃汽车,2015-03-31,8,-100,465.05,-2323.43,19987.81,0.90
1351,000548,湖南投资,2015-03-31,1,-4,231.74,-483.63,2502.79,0.46
1352,000547,航天发展,2015-03-31,11,-40,3204.74,-9192.11,72138.60,3.56
1353,000545,金浦钛业,2015-03-31,1,-10,103.98,32.90,1542.08,0.11
1354,000545,中邮核心竞争灵活配置混合,2015-03-31,1,-10,103.98,32.90,1542.08,0.00
1355,000543,皖能电力,2015-03-31,5,-63,3091.75,-1467.55,45355.92,1.73
1356,000541,佛山照明,2015-03-31,1,-65,49.09,-2040.93,715.73,0.05
1357,000540,中天金融,2015-03-31,38,-75,2538.91,-3923.41,90842.17,0.64
1358,000538,云南白药,2015-03-31,19,-186,2299.34,-5460.34,153251.13,2.21
1359,000532,华金资本,2015-03-31,1,-8,18.00,-435.43,414.00,0.05
1360,000530,大冷股份,2015-03-31,1,-16,55.00,-926.80,787.60,0.15
1361,000529,广弘控股,2015-03-31,1,-7,688.20,-943.95,8533.62,1.21
1362,000528,柳工,2015-03-31,5,-129,544.85,-8468.10,7350.07,0.48
1363,000524,岭南控股,2015-03-31,2,-20,106.72,-1672.58,1780.03,0.40
1364,000516,国际医学,2015-03-31,2,-35,1457.41,-4083.77,29556.32,0.74
1365,000513,丽珠集团,2015-03-31,17,-85,1712.04,-3325.59,102208.73,7.16
1366,000510,金路集团,2015-03-31,2,-31,881.44,656.50,6646.06,1.45
1367,000503,海虹控股,2015-03-31,29,-84,4326.37,-1833.70,206946.74,4.81
1368,000502,绿景控股,2015-03-31,2,-4,346.13,-812.85,5461.95,1.89
1369,000488,晨鸣纸业,2015-03-31,1,-60,644.73,-2081.60,4635.61,0.58
1370,000425,徐工机械,2015-03-31,28,-177,5704.85,-11013.27,87284.17,0.82
1371,000423,东阿阿胶,2015-03-31,17,-161,2719.70,-7376.42,113438.83,4.16
1372,000418,小天鹅A,2015-03-31,4,-50,1114.49,-526.41,21041.59,2.54
1373,000417,合肥百货,2015-03-31,1,-69,1356.04,-4270.88,13858.72,1.74
1374,000415,渤海金控,2015-03-31,4,-47,158.32,-207.00,2875.94,0.05
1375,000411,英特集团,2015-03-31,4,-30,596.88,-2376.46,17754.05,2.88
1376,000410,*ST沈机,2015-03-31,2,-7,330.06,-40.34,6165.58,0.45
1377,000409,山东地矿,2015-03-31,5,-7,337.49,126.45,5153.53,0.85
1378,000407,胜利股份,2015-03-31,2,-9,897.18,-1559.10,7697.82,1.33
1379,000403,ST生化,2015-03-31,4,-6,586.78,-182.78,14018.29,2.93
1380,000402,金融街,2015-03-31,15,-219,6972.58,-35218.35,83043.40,2.33
1381,000401,冀东水泥,2015-03-31,4,-144,409.80,-14093.77,6753.44,0.30
1382,000400,许继电气,2015-03-31,11,-129,1629.61,-7782.18,44325.29,1.62
1383,000338,潍柴动力,2015-03-31,5,-166,144.02,-9642.93,4504.90,0.07
1384,000333,美的集团,2015-03-31,74,-163,17212.14,-19236.31,567140.08,2.70
1385,000158,常山股份,2015-03-31,6,-11,670.74,-2070.79,11322.08,0.88
1386,000157,中联重科,2015-03-31,9,-221,1089.66,-54107.29,7976.33,0.17
1387,000156,华数传媒,2015-03-31,10,-62,1685.77,1525.93,82602.87,1.70
1388,000151,中成股份,2015-03-31,1,-17,387.16,-682.33,8827.36,1.45
1389,000150,宜华健康,2015-03-31,12,-20,2730.10,-2116.91,114227.43,7.71
1390,000100,TCL集团,2015-03-31,67,-121,49850.75,-45031.43,294119.43,5.26
1391,000099,中信海直,2015-03-31,4,-40,20.00,-288.76,338.20,0.03
1392,000090,天健集团,2015-03-31,13,-65,2655.84,-3559.28,47539.56,3.43
1393,000089,深圳机场,2015-03-31,2,-9,366.42,-748.51,2927.70,0.18
1394,000078,海王生物,2015-03-31,1,-40,722.88,-276.57,9484.12,0.39
1395,000069,华侨城A,2015-03-31,42,-257,16312.39,-87256.11,157414.58,2.66
1396,000066,中国长城,2015-03-31,4,-44,1163.86,2.32,20285.99,0.47
1397,000065,北方国际,2015-03-31,1,-28,85.00,-1144.58,1816.45,0.21
1398,000063,中兴通讯,2015-03-31,13,-168,3212.59,-16701.44,70227.13,0.94
1399,000062,深圳华强,2015-03-31,1,-42,0.19,-374.85,5.14,0.00
1400,000061,农产品,2015-03-31,3,-106,21.59,-7355.93,326.26,0.01
1401,000060,中金岭南,2015-03-31,5,-142,7522.16,-14826.03,95907.59,3.40
1402,000059,华锦股份,2015-03-31,1,-32,496.17,-3705.56,4966.61,0.35
1403,000058,深赛格,2015-03-31,1,-1,47.15,-153.22,521.43,0.09
1404,000056,皇庭国际,2015-03-31,1,-1,71.97,-336.00,1421.48,0.25
1405,000050,深天马A,2015-03-31,2,-55,915.95,-1319.58,21804.56,0.76
1406,000048,康达尔,2015-03-31,1,-2,47.50,-73.34,740.04,0.12
1407,000046,泛海控股,2015-03-31,18,-51,4610.20,-7617.89,63620.74,0.90
1408,000043,中航地产,2015-03-31,3,-14,122.60,-3578.70,1479.73,0.18
1409,000042,中洲控股,2015-03-31,8,-19,202.60,-2116.07,3794.70,0.42
1410,000039,中集集团,2015-03-31,2,-149,45.00,-11229.49,1020.15,0.04
1411,000035,中国天楹,2015-03-31,4,-8,334.79,-379.29,6186.91,0.41
1412,000031,中粮地产,2015-03-31,4,-90,522.46,-11293.98,5344.72,0.29
1413,000029,深深房A,2015-03-31,1,-8,10.49,-214.09,120.08,0.01
1414,000028,国药一致,2015-03-31,20,-94,1343.08,-3585.19,81135.33,4.36
1415,000027,深圳能源,2015-03-31,2,-98,24.04,-2713.23,322.89,0.01
1416,000026,飞亚达A,2015-03-31,2,-9,30.00,-386.79,453.00,0.08
1417,000025,特力A,2015-03-31,1,-2,219.97,53.59,4487.31,1.13
1418,000024,招商地产,2015-03-31,121,-286,19269.46,-33087.67,634736.07,18.76
1419,000019,深深宝A,2015-03-31,1,0,54.99,8.03,592.80,0.15
1420,000018,神州长城,2015-03-31,2,-12,23.00,-703.93,616.54,0.03
1421,000016,深康佳A,2015-03-31,2,-5,41.68,26.07,408.91,0.03
1422,000012,南玻A,2015-03-31,7,-85,343.21,-9282.14,4044.51,0.26
1423,000009,中国宝安,2015-03-31,1,-113,2.80,-12088.00,46.71,0.00
1424,000008,神州高铁,2015-03-31,15,6,1451.82,987.65,41290.40,0.71
1425,000006,深振业A,2015-03-31,2,-62,119.59,-2385.08,1052.40,0.09
1426,000002,万科A,2015-03-31,181,-265,96336.24,-84627.17,1331366.78,9.91
1427,000001,平安银行,2015-03-31,102,-213,43156.47,-46997.15,679714.40,2.55
